p,optimizer_reads,final_reads,maximum_iterations,initial_parameters,qiskit_parameter_names,result,reads,probability,qubo_energy,energy_check_abs_error,match,projection_match,encoded_match,aux_consistent,best_aux_bits,best_full_bits_for_projection,best_aux_qubo_energy,qubo_energy_gap_to_best_aux,aux_hamming_to_best,matched_ip_obj,flow_bits,full_bits,use_fast_aer_backend,fast_aer_precision,fast_aer_threads,fast_mps_truncation_threshold,fast_mps_max_bond_dimension
2,128,512,25,0.555;0.293;-0.488;-0.898,β[0];β[1];γ[0];γ[1],1,1,0.001953125,104.91250000000002,2.2737367544323206e-13,not_in_gurobi_pool,not_in_gurobi_pool,not_in_gurobi_pool,,00000101110000011,110010111001110001100000101110000011,62.16420000000005,42.7483000000002,3,,1100101110011100011,110010111001110001100000101101000001,true,single,36,1.0e-10,64
2,128,512,25,0.555;0.293;-0.488;-0.898,β[0];β[1];γ[0];γ[1],2,1,0.001953125,142.7587999999999,0.0,not_in_gurobi_pool,not_in_gurobi_pool,not_in_gurobi_pool,,10001100000000000,101010110011000000110001100000000000,100.01049999999987,42.74830000000003,1,,1010101100110000001,101010110011000000110001000000000000,true,single,36,1.0e-10,64
2,128,512,25,0.555;0.293;-0.488;-0.898,β[0];β[1];γ[0];γ[1],3,1,0.001953125,142.79539999999992,0.0,gurobi_pool,gurobi_pool,projection_only_gurobi_pool,false,00000101010000011,100111011001110001100000101010000011,14.550499999999943,128.24489999999997,9,14.5505,1001110110011100011,100111011001110001101000010101000101,true,single,36,1.0e-10,64
2,128,512,25,0.555;0.293;-0.488;-0.898,β[0];β[1];γ[0];γ[1],4,1,0.001953125,183.23469999999998,1.1368683772161603e-13,not_in_gurobi_pool,not_in_gurobi_pool,not_in_gurobi_pool,,00000000000001110,100101010011100101100000000000001110,97.7380999999998,85.49660000000006,2,,1001010100111001011,100101010011100101100010000000011110,true,single,36,1.0e-10,64
2,128,512,25,0.555;0.293;-0.488;-0.898,β[0];β[1];γ[0];γ[1],5,1,0.001953125,188.1001,0.0,gurobi_pool,gurobi_pool,projection_only_gurobi_pool,false,00000001000000110,110010110011100101100000001000000110,17.106899999999996,170.9932,6,17.1069,1100101100111001011,110010110011100101100000000101101111,true,single,36,1.0e-10,64
2,128,512,25,0.555;0.293;-0.488;-0.898,β[0];β[1];γ[0];γ[1],6,1,0.001953125,195.3271000000001,0.0,not_in_gurobi_pool,not_in_gurobi_pool,not_in_gurobi_pool,,00000101110000000,110010111001000010100000101110000000,67.08220000000017,128.24489999999992,5,,1100101110010000101,110010111001000010100000010110010100,true,single,36,1.0e-10,64
2,128,512,25,0.555;0.293;-0.488;-0.898,β[0];β[1];γ[0];γ[1],7,1,0.001953125,221.30739999999992,2.2737367544323206e-13,not_in_gurobi_pool,not_in_gurobi_pool,not_in_gurobi_pool,,00001100011100111,101011011000000001100001100011100111,93.06249999999977,128.24489999999992,3,,1010110110000000011,101011011000000001100000110111100111,true,single,36,1.0e-10,64
2,128,512,25,0.555;0.293;-0.488;-0.898,β[0];β[1];γ[0];γ[1],8,1,0.001953125,223.3789999999998,0.0,not_in_gurobi_pool,not_in_gurobi_pool,not_in_gurobi_pool,,10001000000001000,100111010011100000010001000000001000,95.13409999999988,128.24489999999992,3,,1001110100111000000,100111010011100000010000000000000010,true,single,36,1.0e-10,64
2,128,512,25,0.555;0.293;-0.488;-0.898,β[0];β[1];γ[0];γ[1],9,1,0.001953125,224.97649999999993,1.1368683772161603e-13,not_in_gurobi_pool,not_in_gurobi_pool,not_in_gurobi_pool,,01010101011000011,000011010001110001101010101011000011,139.47989999999987,85.49659999999994,6,,0000110100011100011,000011010001110001100010010110000011,true,single,36,1.0e-10,64
2,128,512,25,0.555;0.293;-0.488;-0.898,β[0];β[1];γ[0];γ[1],10,1,0.001953125,225.50849999999997,2.2737367544323206e-13,not_in_gurobi_pool,not_in_gurobi_pool,not_in_gurobi_pool,,01010101011000110,000011010001100101101010101011000110,140.0118999999999,85.49659999999983,2,,0000110100011001011,000011010001100101100010101011100110,true,single,36,1.0e-10,64
2,128,512,25,0.555;0.293;-0.488;-0.898,β[0];β[1];γ[0];γ[1],11,1,0.001953125,226.9233999999998,0.0,not_in_gurobi_pool,not_in_gurobi_pool,not_in_gurobi_pool,,00010001011100000,110011010001000010100010001011100000,98.67849999999987,128.24489999999992,3,,1100110100010000101,110011010001000010110000001011000000,true,single,36,1.0e-10,64
2,128,512,25,0.555;0.293;-0.488;-0.898,β[0];β[1];γ[0];γ[1],12,1,0.001953125,230.24649999999974,0.0,not_in_gurobi_pool,not_in_gurobi_pool,not_in_gurobi_pool,,01000000010001000,100011010011000010101000000010001000,102.00159999999983,128.24489999999992,3,,1000110100110000101,100011010011000010101100000010000001,true,single,36,1.0e-10,64
2,128,512,25,0.555;0.293;-0.488;-0.898,β[0];β[1];γ[0];γ[1],13,1,0.001953125,231.09639999999996,0.0,not_in_gurobi_pool,not_in_gurobi_pool,not_in_gurobi_pool,,10001111010000000,101010111001100000110001111010000000,145.59980000000002,85.49659999999994,2,,1010101110011000001,101010111001100000110000111010000001,true,single,36,1.0e-10,64
2,128,512,25,0.555;0.293;-0.488;-0.898,β[0];β[1];γ[0];γ[1],14,1,0.001953125,234.69349999999986,1.1368683772161603e-13,not_in_gurobi_pool,not_in_gurobi_pool,not_in_gurobi_pool,,01100101011000011,000010010101110001101100101011000011,234.69349999999974,0.0,0,,0000100101011100011,000010010101110001101100101011000011,true,single,36,1.0e-10,64
2,128,512,25,0.555;0.293;-0.488;-0.898,β[0];β[1];γ[0];γ[1],15,1,0.001953125,236.11639999999989,1.1368683772161603e-13,not_in_gurobi_pool,not_in_gurobi_pool,not_in_gurobi_pool,,00000001011100000,010011011001000010100000001011100000,65.12319999999988,170.9931999999999,6,,0100110110010000101,010011011001000010110000010111000010,true,single,36,1.0e-10,64
2,128,512,25,0.555;0.293;-0.488;-0.898,β[0];β[1];γ[0];γ[1],16,1,0.001953125,236.61040000000014,2.2737367544323206e-13,not_in_gurobi_pool,not_in_gurobi_pool,not_in_gurobi_pool,,00000001000000101,110010111011101001100000001000000101,151.11379999999997,85.49659999999994,4,,1100101110111010011,110010111011101001100000000110000111,true,single,36,1.0e-10,64
2,128,512,25,0.555;0.293;-0.488;-0.898,β[0];β[1];γ[0];γ[1],17,1,0.001953125,264.10829999999993,0.0,not_in_gurobi_pool,not_in_gurobi_pool,not_in_gurobi_pool,,00011101010000111,100111010001100001100011101010000111,178.61169999999987,85.49660000000006,8,,1001110100011000011,100111010001100001100010010101000011,true,single,36,1.0e-10,64
2,128,512,25,0.555;0.293;-0.488;-0.898,β[0];β[1];γ[0];γ[1],18,1,0.001953125,264.7836999999997,1.1368683772161603e-13,not_in_gurobi_pool,not_in_gurobi_pool,not_in_gurobi_pool,,00000001011100011,110011011000110001100000001011100011,93.79049999999978,170.99320000000006,4,,1100110110001100011,110011011000110001100001101010100001,true,single,36,1.0e-10,64
2,128,512,25,0.555;0.293;-0.488;-0.898,β[0];β[1];γ[0];γ[1],19,1,0.001953125,266.0047999999997,0.0,not_in_gurobi_pool,not_in_gurobi_pool,not_in_gurobi_pool,,11001000010001000,100011010011100000111001000010001000,180.50819999999976,85.49659999999994,2,,1000110100111000001,100011010011100000111000000010001001,true,single,36,1.0e-10,64
2,128,512,25,0.555;0.293;-0.488;-0.898,β[0];β[1];γ[0];γ[1],20,1,0.001953125,267.4336999999998,0.0,not_in_gurobi_pool,not_in_gurobi_pool,not_in_gurobi_pool,,00000001000000110,110010110010100101100000001000000110,96.44049999999982,170.9932,6,,1100101100101001011,110010110010100101101101000100000100,true,single,36,1.0e-10,64
2,128,512,25,0.555;0.293;-0.488;-0.898,β[0];β[1];γ[0];γ[1],21,1,0.001953125,267.7247999999999,0.0,not_in_gurobi_pool,not_in_gurobi_pool,not_in_gurobi_pool,,01010101011000011,000001000001110001101010101011000011,139.47989999999987,128.24490000000003,3,,0000010000011100011,000001000001110001100000101010000011,true,single,36,1.0e-10,64
2,128,512,25,0.555;0.293;-0.488;-0.898,β[0];β[1];γ[0];γ[1],22,1,0.001953125,267.8257999999999,1.1368683772161603e-13,not_in_gurobi_pool,not_in_gurobi_pool,not_in_gurobi_pool,,01010101011000101,000011010001101001101010101011000101,139.58089999999987,128.24489999999992,5,,0000110100011010011,000011010001101001101011011011001100,true,single,36,1.0e-10,64
2,128,512,25,0.555;0.293;-0.488;-0.898,β[0];β[1];γ[0];γ[1],23,1,0.001953125,270.33779999999985,0.0,not_in_gurobi_pool,not_in_gurobi_pool,not_in_gurobi_pool,,01001000010001111,000011010011100001101001000010001111,142.0928999999997,128.24490000000014,3,,0000110100111000011,000011010011100001101100000010001110,true,single,36,1.0e-10,64
2,128,512,25,0.555;0.293;-0.488;-0.898,β[0];β[1];γ[0];γ[1],24,1,0.001953125,271.0476999999998,0.0,not_in_gurobi_pool,not_in_gurobi_pool,not_in_gurobi_pool,,00000001011100101,110011011001101001000000001011100101,100.05449999999985,170.99319999999994,6,,1100110110011010010,110011011001101001000110101011010100,true,single,36,1.0e-10,64
2,128,512,25,0.555;0.293;-0.488;-0.898,β[0];β[1];γ[0];γ[1],25,1,0.001953125,271.19929999999965,1.1368683772161603e-13,not_in_gurobi_pool,not_in_gurobi_pool,not_in_gurobi_pool,,00000000000001011,000111010011110001100000000000001011,57.45779999999979,213.74149999999997,5,,0001110100111100011,000111010011110001100110000000101000,true,single,36,1.0e-10,64
2,128,512,25,0.555;0.293;-0.488;-0.898,β[0];β[1];γ[0];γ[1],26,1,0.001953125,272.3986999999998,1.1368683772161603e-13,not_in_gurobi_pool,not_in_gurobi_pool,not_in_gurobi_pool,,10001001011100000,110011010101100000110001001011100000,101.40549999999996,170.99319999999994,8,,1100110101011000001,110011010101100000110000000101010011,true,single,36,1.0e-10,64
2,128,512,25,0.555;0.293;-0.488;-0.898,β[0];β[1];γ[0];γ[1],27,1,0.001953125,273.7426999999999,2.2737367544323206e-13,not_in_gurobi_pool,not_in_gurobi_pool,not_in_gurobi_pool,,00001100011100111,101011010101100001100001100011100111,102.74949999999973,170.99319999999994,4,,1010110101011000011,101011010101100001100010110010100111,true,single,36,1.0e-10,64
2,128,512,25,0.555;0.293;-0.488;-0.898,β[0];β[1];γ[0];γ[1],28,1,0.001953125,274.9737999999997,1.1368683772161603e-13,not_in_gurobi_pool,not_in_gurobi_pool,not_in_gurobi_pool,,01000101011000110,100011010101100101101000101011000110,103.98059999999975,170.99319999999983,4,,1000110101011001011,100011010101100101100000000011000010,true,single,36,1.0e-10,64
2,128,512,25,0.555;0.293;-0.488;-0.898,β[0];β[1];γ[0];γ[1],29,1,0.001953125,275.2897999999998,0.0,not_in_gurobi_pool,not_in_gurobi_pool,not_in_gurobi_pool,,01000101011000100,000011011001101101101000101011000100,189.79319999999962,85.49660000000017,6,,0000110110011011011,000011011001101101101010010111000101,true,single,36,1.0e-10,64
2,128,512,25,0.555;0.293;-0.488;-0.898,β[0];β[1];γ[0];γ[1],30,1,0.001953125,275.99479999999977,0.0,not_in_gurobi_pool,not_in_gurobi_pool,not_in_gurobi_pool,,01000000010001000,000011010011000010001000000010001000,147.7498999999998,128.24489999999997,3,,0000110100110000100,000011010011000010001101000010000000,true,single,36,1.0e-10,64
2,128,512,25,0.555;0.293;-0.488;-0.898,β[0];β[1];γ[0];γ[1],31,1,0.001953125,280.83469999999994,0.0,not_in_gurobi_pool,not_in_gurobi_pool,not_in_gurobi_pool,,00000111010100000,101011111001000010100000111010100000,152.58980000000008,128.24489999999986,3,,1010111110010000101,101011111001000010110000111010110010,true,single,36,1.0e-10,64
2,128,512,25,0.555;0.293;-0.488;-0.898,β[0];β[1];γ[0];γ[1],32,1,0.001953125,305.42999999999984,5.684341886080802e-14,not_in_gurobi_pool,not_in_gurobi_pool,not_in_gurobi_pool,,10011001011100000,110011010001100000110011001011100000,177.1850999999998,128.24489999999997,5,,1100110100011000001,110011010001100000111010000111100010,true,single,36,1.0e-10,64
2,128,512,25,0.555;0.293;-0.488;-0.898,β[0];β[1];γ[0];γ[1],33,1,0.001953125,305.42999999999984,5.684341886080802e-14,not_in_gurobi_pool,not_in_gurobi_pool,not_in_gurobi_pool,,10011001011100000,110011010001000000110011001011100000,177.1850999999998,128.24489999999997,3,,1100110100010000001,110011010001000000110010001011100110,true,single,36,1.0e-10,64
2,128,512,25,0.555;0.293;-0.488;-0.898,β[0];β[1];γ[0];γ[1],34,1,0.001953125,307.6139999999998,1.1368683772161603e-13,not_in_gurobi_pool,not_in_gurobi_pool,not_in_gurobi_pool,,00010100011100101,101011000001101001100010100011100101,93.87249999999977,213.74149999999992,5,,1010110000011010011,101011000001101001100100000010100100,true,single,36,1.0e-10,64
2,128,512,25,0.555;0.293;-0.488;-0.898,β[0];β[1];γ[0];γ[1],35,1,0.001953125,308.5235999999998,5.684341886080802e-14,not_in_gurobi_pool,not_in_gurobi_pool,not_in_gurobi_pool,,10011101010000000,000111010001000000010011101010000000,223.02699999999982,85.49659999999994,4,,0001110100010000000,000111010001000000010001100110000100,true,single,36,1.0e-10,64
2,128,512,25,0.555;0.293;-0.488;-0.898,β[0];β[1];γ[0];γ[1],36,1,0.001953125,308.5300999999999,0.0,not_in_gurobi_pool,not_in_gurobi_pool,not_in_gurobi_pool,,01011111110000111,000000110000000001101011111110000111,223.03349999999978,85.49660000000011,2,,0000001100000000011,000000110000000001101010101110000111,true,single,36,1.0e-10,64
2,128,512,25,0.555;0.293;-0.488;-0.898,β[0];β[1];γ[0];γ[1],37,1,0.001953125,308.75309999999973,0.0,not_in_gurobi_pool,not_in_gurobi_pool,not_in_gurobi_pool,,11001000010001000,100011010011100000111001000010001000,180.50819999999976,128.24489999999997,5,,1000110100111000001,100011010011100000100000000001001000,true,single,36,1.0e-10,64
2,128,512,25,0.555;0.293;-0.488;-0.898,β[0];β[1];γ[0];γ[1],38,1,0.001953125,310.4105999999998,0.0,not_in_gurobi_pool,not_in_gurobi_pool,not_in_gurobi_pool,,00001101010000111,100111010100000001100001101010000111,96.66909999999984,213.74149999999997,5,,1001110101000000011,100111010100000001110100101010001011,true,single,36,1.0e-10,64
2,128,512,25,0.555;0.293;-0.488;-0.898,β[0];β[1];γ[0];γ[1],39,1,0.001953125,313.2880999999999,0.0,not_in_gurobi_pool,not_in_gurobi_pool,not_in_gurobi_pool,,01001101011000111,000011010100000001101001101011000111,142.29489999999987,170.9932,4,,0000110101000000011,000011010100000001100000101001000101,true,single,36,1.0e-10,64
2,128,512,25,0.555;0.293;-0.488;-0.898,β[0];β[1];γ[0];γ[1],40,1,0.001953125,313.7409999999998,0.0,not_in_gurobi_pool,not_in_gurobi_pool,not_in_gurobi_pool,,10001001000000000,110010110011000000110001001000000000,99.9994999999999,213.74149999999992,5,,1100101100110000001,110010110011000000101101001000101000,true,single,36,1.0e-10,64
2,128,512,25,0.555;0.293;-0.488;-0.898,β[0];β[1];γ[0];γ[1],41,1,0.001953125,315.3910999999998,0.0,not_in_gurobi_pool,not_in_gurobi_pool,not_in_gurobi_pool,,01010101011000000,000011000001000010101010101011000000,144.39789999999988,170.99319999999994,6,,0000110000010000101,000011000001000010100001100111001000,true,single,36,1.0e-10,64
2,128,512,25,0.555;0.293;-0.488;-0.898,β[0];β[1];γ[0];γ[1],42,1,0.001953125,316.04959999999994,0.0,not_in_gurobi_pool,not_in_gurobi_pool,not_in_gurobi_pool,,00001101010000111,000111011001100001100001101010000111,145.05639999999983,170.99320000000012,6,,0001110110011000011,000111011001100001101001001101000110,true,single,36,1.0e-10,64
2,128,512,25,0.555;0.293;-0.488;-0.898,β[0];β[1];γ[0];γ[1],43,1,0.001953125,316.57359999999994,2.2737367544323206e-13,not_in_gurobi_pool,not_in_gurobi_pool,not_in_gurobi_pool,,00001101010000111,100101010101100001100001101010000111,188.32869999999986,128.24489999999986,5,,1001010101011000011,100101010101100001100001010000001111,true,single,36,1.0e-10,64
2,128,512,25,0.555;0.293;-0.488;-0.898,β[0];β[1];γ[0];γ[1],44,1,0.001953125,316.74099999999976,0.0,not_in_gurobi_pool,not_in_gurobi_pool,not_in_gurobi_pool,,10001001000000000,010010110011000000010001001000000000,145.7477999999998,170.99319999999994,6,,0100101100110000000,010010110011000000000000100100000100,true,single,36,1.0e-10,64
2,128,512,25,0.555;0.293;-0.488;-0.898,β[0];β[1];γ[0];γ[1],45,1,0.001953125,317.22699999999986,1.1368683772161603e-13,not_in_gurobi_pool,not_in_gurobi_pool,not_in_gurobi_pool,,00000001011100110,010011001001100101100000001011100110,146.2337999999998,170.99319999999994,6,,0100110010011001011,010011001001100101100000100110110100,true,single,36,1.0e-10,64
2,128,512,25,0.555;0.293;-0.488;-0.898,β[0];β[1];γ[0];γ[1],46,1,0.001953125,318.04509999999993,2.2737367544323206e-13,not_in_gurobi_pool,not_in_gurobi_pool,not_in_gurobi_pool,,01001101000000111,000010110011100001101001101000000111,189.8001999999998,128.24489999999992,5,,0000101100111000011,000010110011100001100000011000001111,true,single,36,1.0e-10,64
2,128,512,25,0.555;0.293;-0.488;-0.898,β[0];β[1];γ[0];γ[1],47,1,0.001953125,318.1180999999998,0.0,not_in_gurobi_pool,not_in_gurobi_pool,not_in_gurobi_pool,,11001101011000000,000011010101100000111001101011000000,147.1248999999998,170.9932,8,,0000110101011000001,000011010101100000110100010111000010,true,single,36,1.0e-10,64
2,128,512,25,0.555;0.293;-0.488;-0.898,β[0];β[1];γ[0];γ[1],48,1,0.001953125,318.74649999999974,0.0,not_in_gurobi_pool,not_in_gurobi_pool,not_in_gurobi_pool,,00100100010000000,101110011001000010100100100010000000,275.99819999999977,42.74829999999997,1,,1011100110010000101,101110011001000010100100101010000000,true,single,36,1.0e-10,64
2,128,512,25,0.555;0.293;-0.488;-0.898,β[0];β[1];γ[0];γ[1],49,1,0.001953125,318.7829999999998,0.0,not_in_gurobi_pool,not_in_gurobi_pool,not_in_gurobi_pool,,00000000010101000,001011000011000010100000000010101000,190.53809999999976,128.24490000000003,3,,0010110000110000101,001011000011000010100100000010111001,true,single,36,1.0e-10,64
2,128,512,25,0.555;0.293;-0.488;-0.898,β[0];β[1];γ[0];γ[1],50,1,0.001953125,320.74199999999985,5.684341886080802e-14,not_in_gurobi_pool,not_in_gurobi_pool,not_in_gurobi_pool,,00000100000000000,101000110011000010100000100000000000,107.00049999999987,213.74149999999992,5,,1010001100110000101,101000110011000010101100000100000100,true,single,36,1.0e-10,64
2,128,512,25,0.555;0.293;-0.488;-0.898,β[0];β[1];γ[0];γ[1],51,1,0.001953125,324.9360999999998,5.684341886080802e-14,not_in_gurobi_pool,not_in_gurobi_pool,not_in_gurobi_pool,,01000000010001000,000011011011000010101000000010001000,196.6911999999997,128.24490000000003,3,,0000110110110000101,000011011011000010101000011010001010,true,single,36,1.0e-10,64
2,128,512,25,0.555;0.293;-0.488;-0.898,β[0];β[1];γ[0];γ[1],52,1,0.001953125,325.1080999999998,1.1368683772161603e-13,not_in_gurobi_pool,not_in_gurobi_pool,not_in_gurobi_pool,,01000101011000000,000011010101000010101000101011000000,68.61829999999986,256.48979999999983,8,,0000110101010000101,000011010101000010101110000101001001,true,single,36,1.0e-10,64
2,128,512,25,0.555;0.293;-0.488;-0.898,β[0];β[1];γ[0];γ[1],53,1,0.001953125,346.31939999999986,0.0,not_in_gurobi_pool,not_in_gurobi_pool,not_in_gurobi_pool,,01011101011000111,000011010000100001101011101011000111,218.0744999999999,128.24489999999997,3,,0000110100001000011,000011010000100001101010101001000101,true,single,36,1.0e-10,64
2,128,512,25,0.555;0.293;-0.488;-0.898,β[0];β[1];γ[0];γ[1],54,1,0.001953125,348.17829999999975,0.0,not_in_gurobi_pool,not_in_gurobi_pool,not_in_gurobi_pool,,10011001011100000,110011010001000000110011001011100000,177.1850999999998,170.99319999999994,8,,1100110100010000001,110011010001000000110111100110011000,true,single,36,1.0e-10,64
2,128,512,25,0.555;0.293;-0.488;-0.898,β[0];β[1];γ[0];γ[1],55,1,0.001953125,348.17939999999976,0.0,not_in_gurobi_pool,not_in_gurobi_pool,not_in_gurobi_pool,,11101101011000000,100000001000000000011101101011000000,262.6827999999998,85.49659999999994,4,,1000000010000000000,100000001000000000001101100111000100,true,single,36,1.0e-10,64
2,128,512,25,0.555;0.293;-0.488;-0.898,β[0];β[1];γ[0];γ[1],56,1,0.001953125,351.50139999999976,5.684341886080802e-14,not_in_gurobi_pool,not_in_gurobi_pool,not_in_gurobi_pool,,11001000010001000,100011010011000000111001000010001000,180.50819999999976,170.99319999999994,4,,1000110100110000001,100011010011000000110000000100001000,true,single,36,1.0e-10,64
2,128,512,25,0.555;0.293;-0.488;-0.898,β[0];β[1];γ[0];γ[1],57,1,0.001953125,352.1183999999999,1.1368683772161603e-13,not_in_gurobi_pool,not_in_gurobi_pool,not_in_gurobi_pool,,01010111110000101,000010100000101001101010111110000101,223.87349999999975,128.24490000000003,3,,0000101000001010011,000010100000101001111010011010000101,true,single,36,1.0e-10,64
2,128,512,25,0.555;0.293;-0.488;-0.898,β[0];β[1];γ[0];γ[1],58,1,0.001953125,352.5112999999998,0.0,not_in_gurobi_pool,not_in_gurobi_pool,not_in_gurobi_pool,,00111001011000111,010000000001000001100111001011000111,267.01469999999983,85.49659999999994,4,,0100000000010000011,010000000001000001100111000101000101,true,single,36,1.0e-10,64
2,128,512,25,0.555;0.293;-0.488;-0.898,β[0];β[1];γ[0];γ[1],59,1,0.001953125,352.9568999999998,0.0,not_in_gurobi_pool,not_in_gurobi_pool,not_in_gurobi_pool,,00001000000001111,100111010011100001100001000000001111,96.46709999999973,256.48980000000006,6,,1001110100111000011,100111010011100001100010000001000100,true,single,36,1.0e-10,64
2,128,512,25,0.555;0.293;-0.488;-0.898,β[0];β[1];γ[0];γ[1],60,1,0.001953125,352.9568999999998,0.0,not_in_gurobi_pool,not_in_gurobi_pool,not_in_gurobi_pool,,00001000000001111,100101010011100001100001000000001111,181.96369999999968,170.99320000000012,4,,1001010100111000011,100101010011100001100010000001001110,true,single,36,1.0e-10,64
2,128,512,25,0.555;0.293;-0.488;-0.898,β[0];β[1];γ[0];γ[1],61,1,0.001953125,354.47029999999984,0.0,not_in_gurobi_pool,not_in_gurobi_pool,not_in_gurobi_pool,,00011101110000111,110010110001000001100011101110000111,226.22539999999975,128.2449000000001,3,,1100101100010000011,110010110001000001100010101011000111,true,single,36,1.0e-10,64
2,128,512,25,0.555;0.293;-0.488;-0.898,β[0];β[1];γ[0];γ[1],62,1,0.001953125,354.4702999999999,1.1368683772161603e-13,not_in_gurobi_pool,not_in_gurobi_pool,not_in_gurobi_pool,,00011101110000111,110010110001100001100011101110000111,226.22539999999975,128.24490000000003,5,,1100101100011000011,110010110001100001110010101101000101,true,single,36,1.0e-10,64
2,128,512,25,0.555;0.293;-0.488;-0.898,β[0];β[1];γ[0];γ[1],63,1,0.001953125,354.50139999999976,0.0,not_in_gurobi_pool,not_in_gurobi_pool,not_in_gurobi_pool,,11101000010000000,000000010011000000111101000010000000,183.50819999999976,170.9932,4,,0000000100110000001,000000010011000000101100000000000010,true,single,36,1.0e-10,64
2,128,512,25,0.555;0.293;-0.488;-0.898,β[0];β[1];γ[0];γ[1],64,1,0.001953125,355.0862999999997,0.0,not_in_gurobi_pool,not_in_gurobi_pool,not_in_gurobi_pool,,00000100011100010,101011010100110101100000100011100010,226.84139999999962,128.2449000000001,7,,1010110101001101011,101011010100110101100100010011010111,true,single,36,1.0e-10,64
2,128,512,25,0.555;0.293;-0.488;-0.898,β[0];β[1];γ[0];γ[1],65,1,0.001953125,355.2618999999998,5.684341886080802e-14,not_in_gurobi_pool,not_in_gurobi_pool,not_in_gurobi_pool,,00110101010000000,100100000001000010100110101010000000,184.2686999999998,170.99319999999994,4,,1001000000010000101,100100000001000010101010101100000000,true,single,36,1.0e-10,64
2,128,512,25,0.555;0.293;-0.488;-0.898,β[0];β[1];γ[0];γ[1],66,1,0.001953125,357.34239999999977,0.0,not_in_gurobi_pool,not_in_gurobi_pool,not_in_gurobi_pool,,11001101011000000,000011011001100000111001101011000000,143.6008999999998,213.74149999999997,5,,0000110110011000001,000011011001100000111010101010010010,true,single,36,1.0e-10,64
2,128,512,25,0.555;0.293;-0.488;-0.898,β[0];β[1];γ[0];γ[1],67,1,0.001953125,358.6753999999998,0.0,not_in_gurobi_pool,not_in_gurobi_pool,not_in_gurobi_pool,,01001101011000111,000001011001100001101001101011000111,144.93389999999982,213.74149999999997,7,,0000010110011000011,000001011001100001100000011011000000,true,single,36,1.0e-10,64
2,128,512,25,0.555;0.293;-0.488;-0.898,β[0];β[1];γ[0];γ[1],68,1,0.001953125,358.67539999999985,1.1368683772161603e-13,not_in_gurobi_pool,not_in_gurobi_pool,not_in_gurobi_pool,,01001101011000111,000001011001100001101001101011000111,144.93389999999982,213.74149999999992,5,,0000010110011000011,000001011001100001101000110011010011,true,single,36,1.0e-10,64
2,128,512,25,0.555;0.293;-0.488;-0.898,β[0];β[1];γ[0];γ[1],69,1,0.001953125,359.2282999999998,0.0,not_in_gurobi_pool,not_in_gurobi_pool,not_in_gurobi_pool,,00001001011100111,110011000101000001100001001011100111,188.2350999999997,170.99320000000012,6,,1100110001010000011,110011000101000001101011000010010111,true,single,36,1.0e-10,64
2,128,512,25,0.555;0.293;-0.488;-0.898,β[0];β[1];γ[0];γ[1],70,1,0.001953125,359.8673999999998,1.1368683772161603e-13,not_in_gurobi_pool,not_in_gurobi_pool,not_in_gurobi_pool,,01000000010001101,100001011011101001101000000010001101,231.62249999999966,128.24490000000003,3,,1000010110111010011,100001011011101001101100000010001011,true,single,36,1.0e-10,64
2,128,512,25,0.555;0.293;-0.488;-0.898,β[0];β[1];γ[0];γ[1],71,1,0.001953125,360.5928999999999,0.0,gurobi_pool,gurobi_pool,projection_only_gurobi_pool,false,00000101010000110,100111010101100101100000101010000110,18.606499999999983,341.9863999999999,8,18.6065,1001110101011001011,100111010101100101100101111110100001,true,single,36,1.0e-10,64
2,128,512,25,0.555;0.293;-0.488;-0.898,β[0];β[1];γ[0];γ[1],72,1,0.001953125,360.8663999999997,0.0,not_in_gurobi_pool,not_in_gurobi_pool,not_in_gurobi_pool,,11001101011000000,000011010101000000111001101011000000,147.1248999999998,213.74149999999992,5,,0000110101010000001,000011010101000000110011101110001000,true,single,36,1.0e-10,64
2,128,512,25,0.555;0.293;-0.488;-0.898,β[0];β[1];γ[0];γ[1],73,1,0.001953125,361.3323999999997,5.684341886080802e-14,not_in_gurobi_pool,not_in_gurobi_pool,not_in_gurobi_pool,,01000101011000000,100011011001000010001000101011000000,190.33919999999978,170.9932,8,,1000110110010000100,100011011001000010010000010110010000,true,single,36,1.0e-10,64
2,128,512,25,0.555;0.293;-0.488;-0.898,β[0];β[1];γ[0];γ[1],74,1,0.001953125,362.1993999999998,1.1368683772161603e-13,not_in_gurobi_pool,not_in_gurobi_pool,not_in_gurobi_pool,,01001101011000111,000011010101100001101001101011000111,148.45789999999977,213.74149999999992,7,,0000110101011000011,000011010101100001101100000111010011,true,single,36,1.0e-10,64
2,128,512,25,0.555;0.293;-0.488;-0.898,β[0];β[1];γ[0];γ[1],75,1,0.001953125,369.8443,0.0,not_in_gurobi_pool,not_in_gurobi_pool,not_in_gurobi_pool,,00000101110000000,110010110101000010100000101110000000,70.60620000000006,299.2380999999999,5,,1100101101010000101,110010110101000010100010110000000000,true,single,36,1.0e-10,64
2,128,512,25,0.555;0.293;-0.488;-0.898,β[0];β[1];γ[0];γ[1],76,1,0.001953125,386.1075999999998,0.0,not_in_gurobi_pool,not_in_gurobi_pool,not_in_gurobi_pool,,00011100011100111,101011000000100001000011100011100111,257.86269999999985,128.24489999999997,5,,1010110000001000010,101011000000100001000010010011000011,true,single,36,1.0e-10,64
2,128,512,25,0.555;0.293;-0.488;-0.898,β[0];β[1];γ[0];γ[1],77,1,0.001953125,389.0676999999997,0.0,not_in_gurobi_pool,not_in_gurobi_pool,not_in_gurobi_pool,,01111101011000111,000010000000000001101111101011000111,218.07449999999983,170.9931999999999,6,,0000100000000000011,000010000000000001111010100101000111,true,single,36,1.0e-10,64
2,128,512,25,0.555;0.293;-0.488;-0.898,β[0];β[1];γ[0];γ[1],78,1,0.001953125,389.7335999999998,1.1368683772161603e-13,not_in_gurobi_pool,not_in_gurobi_pool,not_in_gurobi_pool,,10011111010000000,101010110000000000110011111010000000,133.2437999999999,256.4898,8,,1010101100000000001,101010110000000000111010010110100110,true,single,36,1.0e-10,64
2,128,512,25,0.555;0.293;-0.488;-0.898,β[0];β[1];γ[0];γ[1],79,1,0.001953125,391.0490999999997,0.0,not_in_gurobi_pool,not_in_gurobi_pool,not_in_gurobi_pool,,10011001010100000,110111000001000000110011001010100000,305.5524999999998,85.49659999999994,8,,1101110000010000001,110111000001000000110101000101010000,true,single,36,1.0e-10,64
2,128,512,25,0.555;0.293;-0.488;-0.898,β[0];β[1];γ[0];γ[1],80,1,0.001953125,392.25959999999975,0.0,not_in_gurobi_pool,not_in_gurobi_pool,not_in_gurobi_pool,,00011001011100111,110011000001000001100011001011100111,178.51809999999978,213.74149999999997,5,,1100110000010000011,110011000001000001101100101011100111,true,single,36,1.0e-10,64
2,128,512,25,0.555;0.293;-0.488;-0.898,β[0];β[1];γ[0];γ[1],81,1,0.001953125,392.3531999999999,0.0,not_in_gurobi_pool,not_in_gurobi_pool,not_in_gurobi_pool,,00011101010000111,100111010001100001100011101010000111,178.61169999999987,213.74150000000003,7,,1001110100011000011,100111010001100001101011010011010011,true,single,36,1.0e-10,64
2,128,512,25,0.555;0.293;-0.488;-0.898,β[0];β[1];γ[0];γ[1],82,1,0.001953125,393.93219999999974,0.0,not_in_gurobi_pool,not_in_gurobi_pool,not_in_gurobi_pool,,00010101010000001,100111000001111001100010101010000001,222.93899999999968,170.99320000000006,4,,1001110000011110011,100111000001111001110010100010100011,true,single,36,1.0e-10,64
2,128,512,25,0.555;0.293;-0.488;-0.898,β[0];β[1];γ[0];γ[1],83,1,0.001953125,395.23069999999984,0.0,not_in_gurobi_pool,not_in_gurobi_pool,not_in_gurobi_pool,,01011101011000111,000011000001100001101011101011000111,224.2374999999999,170.99319999999994,4,,0000110000011000011,000011000001100001111010101111000110,true,single,36,1.0e-10,64
2,128,512,25,0.555;0.293;-0.488;-0.898,β[0];β[1];γ[0];γ[1],84,1,0.001953125,395.8965999999998,0.0,not_in_gurobi_pool,not_in_gurobi_pool,not_in_gurobi_pool,,10011111010000000,101010100001000000110011111010000000,224.90339999999986,170.99319999999994,8,,1010101000010000001,101010100001000000110010010101100100,true,single,36,1.0e-10,64
2,128,512,25,0.555;0.293;-0.488;-0.898,β[0];β[1];γ[0];γ[1],85,1,0.001953125,396.00959999999986,0.0,not_in_gurobi_pool,not_in_gurobi_pool,not_in_gurobi_pool,,00110100011000011,001010000001110001000110100011000011,267.7646999999998,128.2449000000001,5,,0010100000011100010,001010000001110001001100010011000001,true,single,36,1.0e-10,64
2,128,512,25,0.555;0.293;-0.488;-0.898,β[0];β[1];γ[0];γ[1],86,1,0.001953125,397.09069999999974,0.0,not_in_gurobi_pool,not_in_gurobi_pool,not_in_gurobi_pool,,11001101011000000,100001011001100000011001101011000000,183.34919999999983,213.74149999999992,5,,1000010110011000000,100001011001100000010100101010010000,true,single,36,1.0e-10,64
2,128,512,25,0.555;0.293;-0.488;-0.898,β[0];β[1];γ[0];γ[1],87,1,0.001953125,397.22959999999995,0.0,not_in_gurobi_pool,not_in_gurobi_pool,not_in_gurobi_pool,,00011111010000111,101010110001000001100011111010000111,226.23639999999983,170.99320000000012,6,,1010101100010000011,101010110001000001100110110110000100,true,single,36,1.0e-10,64
2,128,512,25,0.555;0.293;-0.488;-0.898,β[0];β[1];γ[0];γ[1],88,1,0.001953125,397.9165999999998,0.0,not_in_gurobi_pool,not_in_gurobi_pool,not_in_gurobi_pool,,00010001011100000,110011010001100010100010001011100000,184.1750999999997,213.7415000000001,7,,1100110100011000101,110011010001100010101100000111001000,true,single,36,1.0e-10,64
2,128,512,25,0.555;0.293;-0.488;-0.898,β[0];β[1];γ[0];γ[1],89,1,0.001953125,398.05859999999984,0.0,not_in_gurobi_pool,not_in_gurobi_pool,not_in_gurobi_pool,,00010101110000101,110010110001101001100010101110000101,141.5687999999999,256.48979999999995,8,,1100101100011010011,110010110001101001110010001001100000,true,single,36,1.0e-10,64
2,128,512,25,0.555;0.293;-0.488;-0.898,β[0];β[1];γ[0];γ[1],90,1,0.001953125,398.4635999999999,1.1368683772161603e-13,not_in_gurobi_pool,not_in_gurobi_pool,not_in_gurobi_pool,,00101100011000111,101010011001100001100101100011000111,227.47039999999976,170.9932,4,,1010100110011000011,101010011001100001100000100011010101,true,single,36,1.0e-10,64
2,128,512,25,0.555;0.293;-0.488;-0.898,β[0];β[1];γ[0];γ[1],91,1,0.001953125,399.24859999999984,0.0,not_in_gurobi_pool,not_in_gurobi_pool,not_in_gurobi_pool,,10001100000000000,101010110011100000010001100000000000,100.01049999999998,299.23809999999986,7,,1010101100111000000,101010110011100000000011101000011110,true,single,36,1.0e-10,64
2,128,512,25,0.555;0.293;-0.488;-0.898,β[0];β[1];γ[0];γ[1],92,1,0.001953125,399.2774999999998,1.1368683772161603e-13,not_in_gurobi_pool,not_in_gurobi_pool,not_in_gurobi_pool,,10001000000100000,111010110011100000110001000000100000,228.28429999999992,170.99319999999977,4,,1110101100111000001,111010110011100000110100000000100011,true,single,36,1.0e-10,64
2,128,512,25,0.555;0.293;-0.488;-0.898,β[0];β[1];γ[0];γ[1],93,1,0.001953125,399.2774999999998,1.1368683772161603e-13,not_in_gurobi_pool,not_in_gurobi_pool,not_in_gurobi_pool,,10001000000100000,111010110011100000110001000000100000,228.28429999999992,170.99319999999977,6,,1110101100111000001,111010110011100000110101000010011010,true,single,36,1.0e-10,64
2,128,512,25,0.555;0.293;-0.488;-0.898,β[0];β[1];γ[0];γ[1],94,1,0.001953125,399.3295999999999,1.1368683772161603e-13,not_in_gurobi_pool,not_in_gurobi_pool,not_in_gurobi_pool,,00010101110000100,110010110001101101100010101110000100,271.08469999999977,128.24490000000003,5,,1100101100011011011,110010110001101101101010111101000110,true,single,36,1.0e-10,64
2,128,512,25,0.555;0.293;-0.488;-0.898,β[0];β[1];γ[0];γ[1],95,1,0.001953125,399.42269999999974,1.1368683772161603e-13,not_in_gurobi_pool,not_in_gurobi_pool,not_in_gurobi_pool,,01000000010001101,000011010011101001101000000010001101,57.43629999999973,341.9864000000001,6,,0000110100111010011,000011010011101001100000000010111010,true,single,36,1.0e-10,64
2,128,512,25,0.555;0.293;-0.488;-0.898,β[0];β[1];γ[0];γ[1],96,1,0.001953125,400.09069999999974,0.0,not_in_gurobi_pool,not_in_gurobi_pool,not_in_gurobi_pool,,11001101011000000,000011011001000000011001101011000000,143.6008999999998,256.48979999999995,8,,0000110110010000000,000011011001000000001010000111011000,true,single,36,1.0e-10,64
2,128,512,25,0.555;0.293;-0.488;-0.898,β[0];β[1];γ[0];γ[1],97,1,0.001953125,400.5815999999999,1.1368683772161603e-13,not_in_gurobi_pool,not_in_gurobi_pool,not_in_gurobi_pool,,00001100000000111,101010110011000001100001100000000111,101.34349999999984,299.2381,7,,1010101100110000011,101010110011000001110100000100001101,true,single,36,1.0e-10,64
2,128,512,25,0.555;0.293;-0.488;-0.898,β[0];β[1];γ[0];γ[1],98,1,0.001953125,400.65459999999973,0.0,not_in_gurobi_pool,not_in_gurobi_pool,not_in_gurobi_pool,,10001100011100000,101011000101000000110001100011100000,186.91309999999976,213.74149999999997,5,,1010110001010000001,101011000101000000110010100110110000,true,single,36,1.0e-10,64
2,128,512,25,0.555;0.293;-0.488;-0.898,β[0];β[1];γ[0];γ[1],99,1,0.001953125,400.70409999999976,0.0,not_in_gurobi_pool,not_in_gurobi_pool,not_in_gurobi_pool,,00001100000000111,101110110011000001100001100000000111,272.4591999999998,128.24489999999997,5,,1011101100110000011,101110110011000001100000010000001011,true,single,36,1.0e-10,64
2,128,512,25,0.555;0.293;-0.488;-0.898,β[0];β[1];γ[0];γ[1],100,1,0.001953125,401.4236999999999,1.1368683772161603e-13,not_in_gurobi_pool,not_in_gurobi_pool,not_in_gurobi_pool,,01001101011000111,000011011001100001101001101011000111,144.93389999999988,256.4897999999999,8,,0000110110011000011,000011011001100001100010011011010001,true,single,36,1.0e-10,64
2,128,512,25,0.555;0.293;-0.488;-0.898,β[0];β[1];γ[0];γ[1],101,1,0.001953125,401.54619999999994,0.0,not_in_gurobi_pool,not_in_gurobi_pool,not_in_gurobi_pool,,00001101010000111,000111011001100001100001101010000111,145.05639999999983,256.4898000000001,8,,0001110110011000011,000111011001100001110100011011001110,true,single,36,1.0e-10,64
2,128,512,25,0.555;0.293;-0.488;-0.898,β[0];β[1];γ[0];γ[1],102,1,0.001953125,401.8814999999998,1.1368683772161603e-13,not_in_gurobi_pool,not_in_gurobi_pool,not_in_gurobi_pool,,00000000000100110,111010110011000101100000000000100110,230.88829999999973,170.99319999999994,4,,1110101100110001011,111010110011000101100000000001000101,true,single,36,1.0e-10,64
2,128,512,25,0.555;0.293;-0.488;-0.898,β[0];β[1];γ[0];γ[1],103,1,0.001953125,402.2636999999998,0.0,not_in_gurobi_pool,not_in_gurobi_pool,not_in_gurobi_pool,,01000101011000101,000011011001001001001000101011000101,231.2704999999998,170.9932,6,,0000110110010010010,000011011001001001000010100101000111,true,single,36,1.0e-10,64
2,128,512,25,0.555;0.293;-0.488;-0.898,β[0];β[1];γ[0];γ[1],104,1,0.001953125,403.4115999999998,0.0,not_in_gurobi_pool,not_in_gurobi_pool,not_in_gurobi_pool,,00001101110100111,110011111001100001100001101110100111,232.4183999999998,170.9932,6,,1100111110011000011,110011111001100001100000011000100110,true,single,36,1.0e-10,64
2,128,512,25,0.555;0.293;-0.488;-0.898,β[0];β[1];γ[0];γ[1],105,1,0.001953125,403.42259999999993,1.1368683772161603e-13,not_in_gurobi_pool,not_in_gurobi_pool,not_in_gurobi_pool,,00001111010000111,101010111001100001100001111010000111,146.93279999999993,256.4897999999999,8,,1010101110011000011,101010111001100001101010100110000010,true,single,36,1.0e-10,64
2,128,512,25,0.555;0.293;-0.488;-0.898,β[0];β[1];γ[0];γ[1],106,1,0.001953125,405.07019999999983,0.0,not_in_gurobi_pool,not_in_gurobi_pool,not_in_gurobi_pool,,00001101010000111,000111010101000001000001101010000111,234.07699999999994,170.9931999999999,6,,0001110101010000010,000111010101000001001001010010100011,true,single,36,1.0e-10,64
2,128,512,25,0.555;0.293;-0.488;-0.898,β[0];β[1];γ[0];γ[1],107,1,0.001953125,405.6815999999998,1.1368683772161603e-13,not_in_gurobi_pool,not_in_gurobi_pool,not_in_gurobi_pool,,00000001000000100,010010110011101101100000001000000100,191.9400999999998,213.74149999999986,7,,0100101100111011011,010010110011101101100100000110100111,true,single,36,1.0e-10,64
2,128,512,25,0.555;0.293;-0.488;-0.898,β[0];β[1];γ[0];γ[1],108,1,0.001953125,406.2475999999998,0.0,not_in_gurobi_pool,not_in_gurobi_pool,not_in_gurobi_pool,,00100001011000110,010010010101100101100100001011000110,192.50609999999972,213.7415000000001,5,,0100100101011001011,010010010101100101101110000010010110,true,single,36,1.0e-10,64
2,128,512,25,0.555;0.293;-0.488;-0.898,β[0];β[1];γ[0];γ[1],110,1,0.001953125,406.38269999999994,1.1368683772161603e-13,not_in_gurobi_pool,not_in_gurobi_pool,not_in_gurobi_pool,,01001111110000111,000010111001000001101001111110000111,235.38949999999983,170.9932,4,,0000101110010000011,000010111001000001111100011110000111,true,single,36,1.0e-10,64
2,128,512,25,0.555;0.293;-0.488;-0.898,β[0];β[1];γ[0];γ[1],109,1,0.001953125,406.3827,2.2737367544323206e-13,not_in_gurobi_pool,not_in_gurobi_pool,not_in_gurobi_pool,,01001111110000111,000010111001100001101001111110000111,235.38949999999983,170.99319999999994,4,,0000101110011000011,000010111001100001100000110100000111,true,single,36,1.0e-10,64
2,128,512,25,0.555;0.293;-0.488;-0.898,β[0];β[1];γ[0];γ[1],111,1,0.001953125,406.94660000000005,2.2737367544323206e-13,not_in_gurobi_pool,not_in_gurobi_pool,not_in_gurobi_pool,,00001111010000111,101010110101100001100001111010000111,150.45679999999993,256.4897999999999,6,,1010101101011000011,101010110101100001100111110011010110,true,single,36,1.0e-10,64
2,128,512,25,0.555;0.293;-0.488;-0.898,β[0];β[1];γ[0];γ[1],112,1,0.001953125,408.26319999999987,1.1368683772161603e-13,not_in_gurobi_pool,not_in_gurobi_pool,not_in_gurobi_pool,,00001101010000111,100111011101000001100001101010000111,237.26999999999975,170.9932,8,,1001110111010000011,100111011101000001100000000101001101,true,single,36,1.0e-10,64
2,128,512,25,0.555;0.293;-0.488;-0.898,β[0];β[1];γ[0];γ[1],113,1,0.001953125,410.6046999999998,0.0,not_in_gurobi_pool,not_in_gurobi_pool,not_in_gurobi_pool,,01100101011000000,000000010101000010101100101011000000,154.1148999999998,256.4898,6,,0000000101010000101,000000010101000010110000001011000110,true,single,36,1.0e-10,64
2,128,512,25,0.555;0.293;-0.488;-0.898,β[0];β[1];γ[0];γ[1],114,1,0.001953125,413.9566999999997,0.0,not_in_gurobi_pool,not_in_gurobi_pool,not_in_gurobi_pool,,01000000010001000,000011010111100010101000000010001000,285.7117999999997,128.24490000000003,3,,0000110101111000101,000011010111100010101000011010000000,true,single,36,1.0e-10,64
2,128,512,25,0.555;0.293;-0.488;-0.898,β[0];β[1];γ[0];γ[1],115,1,0.001953125,427.6054999999998,0.0,not_in_gurobi_pool,not_in_gurobi_pool,not_in_gurobi_pool,,10011101010000000,100111010000100000110011101010000000,171.11569999999983,256.48979999999995,6,,1001110100001000001,100111010000100000110100100010000101,true,single,36,1.0e-10,64
2,128,512,25,0.555;0.293;-0.488;-0.898,β[0];β[1];γ[0];γ[1],116,1,0.001953125,428.9673999999996,1.1368683772161603e-13,not_in_gurobi_pool,not_in_gurobi_pool,not_in_gurobi_pool,,00011001010100111,110111010000000001100011001010100111,215.22589999999974,213.74149999999997,5,,1101110100000000011,110111010000000001100010100000100101,true,single,36,1.0e-10,64
2,128,512,25,0.555;0.293;-0.488;-0.898,β[0];β[1];γ[0];γ[1],117,1,0.001953125,430.2383999999999,1.1368683772161603e-13,not_in_gurobi_pool,not_in_gurobi_pool,not_in_gurobi_pool,,00010001010100110,110111010000100101100010001010100110,216.49689999999975,213.74150000000003,5,,1101110100001001011,110111010000100101110101001010100010,true,single,36,1.0e-10,64
2,128,512,25,0.555;0.293;-0.488;-0.898,β[0];β[1];γ[0];γ[1],118,1,0.001953125,433.64599999999973,0.0,not_in_gurobi_pool,not_in_gurobi_pool,not_in_gurobi_pool,,11011101011000000,100011010001000000011011101011000000,262.65279999999973,170.9932,4,,1000110100010000000,100011010001000000000110101011000000,true,single,36,1.0e-10,64
2,128,512,25,0.555;0.293;-0.488;-0.898,β[0];β[1];γ[0];γ[1],119,1,0.001953125,433.71479999999974,0.0,not_in_gurobi_pool,not_in_gurobi_pool,not_in_gurobi_pool,,10011000011110000,111011010001100000110011000011110000,305.4698999999998,128.24489999999992,3,,1110110100011000001,111011010001100000100011000011011000,true,single,36,1.0e-10,64
2,128,512,25,0.555;0.293;-0.488;-0.898,β[0];β[1];γ[0];γ[1],120,1,0.001953125,433.79849999999976,0.0,not_in_gurobi_pool,not_in_gurobi_pool,not_in_gurobi_pool,,10101101010000000,100100011000000000010101101010000000,262.8052999999998,170.99319999999994,6,,1001000110000000000,100100011000000000010100100001000110,true,single,36,1.0e-10,64
2,128,512,25,0.555;0.293;-0.488;-0.898,β[0];β[1];γ[0];γ[1],121,1,0.001953125,434.514,2.2737367544323206e-13,not_in_gurobi_pool,not_in_gurobi_pool,not_in_gurobi_pool,,01010111110000011,100010110000110001101010111110000011,263.52079999999984,170.99319999999994,4,,1000101100001100011,100010110000110001100010110111000001,true,single,36,1.0e-10,64
2,128,512,25,0.555;0.293;-0.488;-0.898,β[0];β[1];γ[0];γ[1],122,1,0.001953125,435.0089999999998,5.684341886080802e-14,not_in_gurobi_pool,not_in_gurobi_pool,not_in_gurobi_pool,,01001101011000111,100011011000000001101001101011000111,178.51919999999984,256.4898,8,,1000110110000000011,100011011000000001100010010011001110,true,single,36,1.0e-10,64
2,128,512,25,0.555;0.293;-0.488;-0.898,β[0];β[1];γ[0];γ[1],123,1,0.001953125,435.03949999999975,0.0,not_in_gurobi_pool,not_in_gurobi_pool,not_in_gurobi_pool,,10010101010000000,100111010001100100010010101010000000,221.29799999999977,213.74149999999997,7,,1001110100011001000,100111010001100100010100011000010100,true,single,36,1.0e-10,64
2,128,512,25,0.555;0.293;-0.488;-0.898,β[0];β[1];γ[0];γ[1],124,1,0.001953125,436.64599999999973,0.0,not_in_gurobi_pool,not_in_gurobi_pool,not_in_gurobi_pool,,11011101011000000,000011010001100000111011101011000000,222.90449999999976,213.74149999999997,5,,0000110100011000001,000011010001100000111000101001000110,true,single,36,1.0e-10,64
2,128,512,25,0.555;0.293;-0.488;-0.898,β[0];β[1];γ[0];γ[1],125,1,0.001953125,438.0188999999998,0.0,not_in_gurobi_pool,not_in_gurobi_pool,not_in_gurobi_pool,,00011100011100111,001011010001000001100011100011100111,224.27739999999983,213.74149999999997,5,,0010110100010000011,001011010001000001110010001011100101,true,single,36,1.0e-10,64
2,128,512,25,0.555;0.293;-0.488;-0.898,β[0];β[1];γ[0];γ[1],126,1,0.001953125,438.33099999999973,0.0,not_in_gurobi_pool,not_in_gurobi_pool,not_in_gurobi_pool,,01001000010001111,100011010011100001001001000010001111,267.33779999999973,170.9932,4,,1000110100111000010,100011010011100001011100000010001101,true,single,36,1.0e-10,64
2,128,512,25,0.555;0.293;-0.488;-0.898,β[0];β[1];γ[0];γ[1],127,1,0.001953125,438.63389999999987,0.0,not_in_gurobi_pool,not_in_gurobi_pool,not_in_gurobi_pool,,10011101110100000,110011110001100000110011101110100000,310.3889999999999,128.24489999999997,5,,1100111100011000001,110011110001100000110001001110010010,true,single,36,1.0e-10,64
2,128,512,25,0.555;0.293;-0.488;-0.898,β[0];β[1];γ[0];γ[1],128,1,0.001953125,438.71799999999996,1.1368683772161603e-13,not_in_gurobi_pool,not_in_gurobi_pool,not_in_gurobi_pool,,01010101011000011,000001010001110001101010101011000011,139.47989999999987,299.2381,7,,0000010100011100011,000001010001110001111100001101000010,true,single,36,1.0e-10,64
2,128,512,25,0.555;0.293;-0.488;-0.898,β[0];β[1];γ[0];γ[1],129,1,0.001953125,439.83899999999977,0.0,not_in_gurobi_pool,not_in_gurobi_pool,not_in_gurobi_pool,,11001101011000000,100001011001100000111001101011000000,183.34919999999983,256.48979999999995,8,,1000010110011000001,100001011001100000110101110101000011,true,single,36,1.0e-10,64
2,128,512,25,0.555;0.293;-0.488;-0.898,β[0];β[1];γ[0];γ[1],130,1,0.001953125,439.9669,2.2737367544323206e-13,not_in_gurobi_pool,not_in_gurobi_pool,not_in_gurobi_pool,,00011101110100111,110011110001100001100011101110100111,311.72199999999987,128.24489999999992,5,,1100111100011000011,110011110001100001110011101110011101,true,single,36,1.0e-10,64
2,128,512,25,0.555;0.293;-0.488;-0.898,β[0];β[1];γ[0];γ[1],131,1,0.001953125,440.67589999999973,0.0,not_in_gurobi_pool,not_in_gurobi_pool,not_in_gurobi_pool,,00010100011100000,101011000001000010100010100011100000,98.68949999999984,341.9863999999999,10,,1010110000010000101,101011000001000010111111010011001101,true,single,36,1.0e-10,64
2,128,512,25,0.555;0.293;-0.488;-0.898,β[0];β[1];γ[0];γ[1],132,1,0.001953125,440.8068999999998,0.0,not_in_gurobi_pool,not_in_gurobi_pool,not_in_gurobi_pool,,00010101110000101,110010110001101001100010101110000101,141.5687999999999,299.2380999999999,7,,1100101100011010011,110010110001101001100101001111000000,true,single,36,1.0e-10,64
2,128,512,25,0.555;0.293;-0.488;-0.898,β[0];β[1];γ[0];γ[1],133,1,0.001953125,441.2008999999998,1.1368683772161603e-13,not_in_gurobi_pool,not_in_gurobi_pool,not_in_gurobi_pool,,00101001011000111,110010001001000001100101001011000111,227.4593999999999,213.7414999999998,5,,1100100010010000011,110010001001000001100101000111110011,true,single,36,1.0e-10,64
2,128,512,25,0.555;0.293;-0.488;-0.898,β[0];β[1];γ[0];γ[1],134,1,0.001953125,441.9569999999998,0.0,not_in_gurobi_pool,not_in_gurobi_pool,not_in_gurobi_pool,,11001101000000000,100010110011100000111001101000000000,228.2154999999999,213.74149999999992,7,,1000101100111000001,100010110011100000100000010000000001,true,single,36,1.0e-10,64
2,128,512,25,0.555;0.293;-0.488;-0.898,β[0];β[1];γ[0];γ[1],135,1,0.001953125,442.9779,1.1368683772161603e-13,not_in_gurobi_pool,not_in_gurobi_pool,not_in_gurobi_pool,,00011111010000111,001010110001100001100011111010000111,271.9846999999998,170.99320000000006,4,,0010101100011000011,001010110001100001100001111000100110,true,single,36,1.0e-10,64
2,128,512,25,0.555;0.293;-0.488;-0.898,β[0];β[1];γ[0];γ[1],136,1,0.001953125,443.3298999999997,0.0,not_in_gurobi_pool,not_in_gurobi_pool,not_in_gurobi_pool,,00001100000000111,101000100011100001100001100000000111,272.3366999999998,170.99319999999994,4,,1010001000111000011,101000100011100001100101110000100011,true,single,36,1.0e-10,64
2,128,512,25,0.555;0.293;-0.488;-0.898,β[0];β[1];γ[0];γ[1],137,1,0.001953125,444.95699999999977,0.0,not_in_gurobi_pool,not_in_gurobi_pool,not_in_gurobi_pool,,11001101000000000,000010100011100000111001101000000000,273.96379999999976,170.9932,2,,0000101000111000001,000010100011100000111001101000100010,true,single,36,1.0e-10,64
2,128,512,25,0.555;0.293;-0.488;-0.898,β[0];β[1];γ[0];γ[1],138,1,0.001953125,445.01199999999983,1.1368683772161603e-13,not_in_gurobi_pool,not_in_gurobi_pool,not_in_gurobi_pool,,01100101011000101,000010011001101001101100101011000101,231.27049999999974,213.74149999999997,3,,0000100110011010011,000010011001101001100000101011010101,true,single,36,1.0e-10,64
2,128,512,25,0.555;0.293;-0.488;-0.898,β[0];β[1];γ[0];γ[1],139,1,0.001953125,445.4349999999997,5.684341886080802e-14,not_in_gurobi_pool,not_in_gurobi_pool,not_in_gurobi_pool,,01000101011000011,100001010101110001001000101011000011,188.94519999999972,256.48980000000006,10,,1000010101011100010,100001010101110001000011010110000000,true,single,36,1.0e-10,64
2,128,512,25,0.555;0.293;-0.488;-0.898,β[0];β[1];γ[0];γ[1],140,1,0.001953125,446.2829999999998,1.1368683772161603e-13,not_in_gurobi_pool,not_in_gurobi_pool,not_in_gurobi_pool,,01100101011000100,000000011001101101101100101011000100,275.2897999999997,170.9932,4,,0000000110011011011,000000011001101101111000000011000100,true,single,36,1.0e-10,64
2,128,512,25,0.555;0.293;-0.488;-0.898,β[0];β[1];γ[0];γ[1],141,1,0.001953125,447.8184999999998,0.0,not_in_gurobi_pool,not_in_gurobi_pool,not_in_gurobi_pool,,00001101010000111,000111010101000001000001101010000111,234.07699999999994,213.74149999999986,7,,0001110101010000010,000111010101000001010010011000010111,true,single,36,1.0e-10,64
2,128,512,25,0.555;0.293;-0.488;-0.898,β[0];β[1];γ[0];γ[1],142,1,0.001953125,448.9959,5.684341886080802e-14,not_in_gurobi_pool,not_in_gurobi_pool,not_in_gurobi_pool,,00000001011100110,010011000101100101100000001011100110,149.7577999999998,299.23810000000014,7,,0100110001011001011,010011000101100101110110011011000000,true,single,36,1.0e-10,64
2,128,512,25,0.555;0.293;-0.488;-0.898,β[0];β[1];γ[0];γ[1],143,1,0.001953125,449.8289999999998,0.0,not_in_gurobi_pool,not_in_gurobi_pool,not_in_gurobi_pool,,01100101011000000,000000001001100010101100101011000000,236.0874999999998,213.74149999999997,5,,0000000010011000101,000000001001100010100101111110000000,true,single,36,1.0e-10,64
2,128,512,25,0.555;0.293;-0.488;-0.898,β[0];β[1];γ[0];γ[1],144,1,0.001953125,450.7388999999997,0.0,not_in_gurobi_pool,not_in_gurobi_pool,not_in_gurobi_pool,,00000101110000001,010010111001111001100000101110000001,236.99739999999986,213.74149999999986,5,,0100101110011110011,010010111001111001100110000110000011,true,single,36,1.0e-10,64
2,128,512,25,0.555;0.293;-0.488;-0.898,β[0];β[1];γ[0];γ[1],145,1,0.001953125,450.9288999999999,1.1368683772161603e-13,not_in_gurobi_pool,not_in_gurobi_pool,not_in_gurobi_pool,,00001100011100111,101011011101000001100001100011100111,237.18739999999968,213.7415000000001,7,,1010110111010000011,101011011101000001101001101001011110,true,single,36,1.0e-10,64
2,128,512,25,0.555;0.293;-0.488;-0.898,β[0];β[1];γ[0];γ[1],146,1,0.001953125,451.8168999999998,5.684341886080802e-14,not_in_gurobi_pool,not_in_gurobi_pool,not_in_gurobi_pool,,00000101110000000,110010101001000010100000101110000000,152.57879999999994,299.2380999999999,5,,1100101010010000101,110010101001000010110010101111011000,true,single,36,1.0e-10,64
2,128,512,25,0.555;0.293;-0.488;-0.898,β[0];β[1];γ[0];γ[1],147,1,0.001953125,454.5438999999999,2.2737367544323206e-13,not_in_gurobi_pool,not_in_gurobi_pool,not_in_gurobi_pool,,10001101110000000,110010111101100000110001101110000000,283.55069999999995,170.99319999999972,4,,1100101111011000001,110010111101100000100000111100000000,true,single,36,1.0e-10,64
2,128,512,25,0.555;0.293;-0.488;-0.898,β[0];β[1];γ[0];γ[1],148,1,0.001953125,454.67399999999975,5.684341886080802e-14,not_in_gurobi_pool,not_in_gurobi_pool,not_in_gurobi_pool,,11001101000000000,000010110111000000111001101000000000,326.4290999999997,128.24489999999997,3,,0000101101110000001,000010110111000000101000101000000100,true,single,36,1.0e-10,64
2,128,512,25,0.555;0.293;-0.488;-0.898,β[0];β[1];γ[0];γ[1],149,1,0.001953125,455.2939,1.1368683772161603e-13,not_in_gurobi_pool,not_in_gurobi_pool,not_in_gurobi_pool,,10000111010000000,101010111101110000110000111010000000,327.04900000000004,128.24489999999986,3,,1010101111011100001,101010111101110000110100011010010000,true,single,36,1.0e-10,64
2,128,512,25,0.555;0.293;-0.488;-0.898,β[0];β[1];γ[0];γ[1],150,1,0.001953125,455.3518999999999,1.1368683772161603e-13,not_in_gurobi_pool,not_in_gurobi_pool,not_in_gurobi_pool,,00000111010100000,101011110101000010100000111010100000,156.11380000000008,299.2380999999999,11,,1010111101010000101,101011110101000010111000100100010111,true,single,36,1.0e-10,64
2,128,512,25,0.555;0.293;-0.488;-0.898,β[0];β[1];γ[0];γ[1],151,1,0.001953125,459.5459999999997,5.684341886080802e-14,not_in_gurobi_pool,not_in_gurobi_pool,not_in_gurobi_pool,,01000101011000000,000011011101000010101000101011000000,203.0561999999997,256.48979999999995,6,,0000110111010000101,000011011101000010100001101110010100,true,single,36,1.0e-10,64
2,128,512,25,0.555;0.293;-0.488;-0.898,β[0];β[1];γ[0];γ[1],152,1,0.001953125,461.5338999999999,3.410605131648481e-13,not_in_gurobi_pool,not_in_gurobi_pool,not_in_gurobi_pool,,00000101110000000,110010111101100010100000101110000000,290.54069999999984,170.99319999999972,4,,1100101111011000101,110010111101100010110000111100000100,true,single,36,1.0e-10,64
2,128,512,25,0.555;0.293;-0.488;-0.898,β[0];β[1];γ[0];γ[1],153,1,0.001953125,476.3942999999997,0.0,not_in_gurobi_pool,not_in_gurobi_pool,not_in_gurobi_pool,,11011101011000000,100001010001000000111011101011000000,262.65279999999973,213.74149999999997,5,,1000010100010000001,100001010001000000100110101010000000,true,single,36,1.0e-10,64
2,128,512,25,0.555;0.293;-0.488;-0.898,β[0];β[1];γ[0];γ[1],154,1,0.001953125,476.7057999999998,0.0,not_in_gurobi_pool,not_in_gurobi_pool,not_in_gurobi_pool,,10001000000001000,000111010010000000110001000000001000,134.71939999999978,341.9864,6,,0001110100100000001,000111010010000000110000100111001001,true,single,36,1.0e-10,64
2,128,512,25,0.555;0.293;-0.488;-0.898,β[0];β[1];γ[0];γ[1],155,1,0.001953125,479.3942999999997,0.0,not_in_gurobi_pool,not_in_gurobi_pool,not_in_gurobi_pool,,11011101011000000,000011010001000000111011101011000000,222.90449999999976,256.48979999999995,4,,0000110100010000001,000011010001000000111110101000000000,true,single,36,1.0e-10,64
2,128,512,25,0.555;0.293;-0.488;-0.898,β[0];β[1];γ[0];γ[1],156,1,0.001953125,479.7751999999997,0.0,not_in_gurobi_pool,not_in_gurobi_pool,not_in_gurobi_pool,,10101000010000000,110010000011100000010101000010000000,223.28539999999975,256.48979999999995,6,,1100100000111000000,110010000011100000011101101001001000,true,single,36,1.0e-10,64
2,128,512,25,0.555;0.293;-0.488;-0.898,β[0];β[1];γ[0];γ[1],158,1,0.001953125,480.72729999999973,5.684341886080802e-14,not_in_gurobi_pool,not_in_gurobi_pool,not_in_gurobi_pool,,01011101011000111,000011010001100001101011101011000111,224.2374999999999,256.4897999999999,8,,0000110100011000011,000011010001100001100010000111010001,true,single,36,1.0e-10,64
2,128,512,25,0.555;0.293;-0.488;-0.898,β[0];β[1];γ[0];γ[1],157,1,0.001953125,480.7272999999998,0.0,not_in_gurobi_pool,not_in_gurobi_pool,not_in_gurobi_pool,,01011101011000111,000011010001100001001011101011000111,309.7340999999999,170.9931999999999,4,,0000110100011000010,000011010001100001001010101001100011,true,single,36,1.0e-10,64
2,128,512,25,0.555;0.293;-0.488;-0.898,β[0];β[1];γ[0];γ[1],159,1,0.001953125,481.6741999999998,0.0,not_in_gurobi_pool,not_in_gurobi_pool,not_in_gurobi_pool,,00010111010000100,001010110000101101100010111010000100,310.68099999999964,170.99320000000017,6,,0010101100001011011,001010110000101101100100110110100000,true,single,36,1.0e-10,64
2,128,512,25,0.555;0.293;-0.488;-0.898,β[0];β[1];γ[0];γ[1],160,1,0.001953125,481.9982999999998,5.684341886080802e-14,not_in_gurobi_pool,not_in_gurobi_pool,not_in_gurobi_pool,,01010101011000110,000001000001100101001010101011000110,225.50849999999986,256.4898,6,,0000010000011001010,000001000001100101000010111111010101,true,single,36,1.0e-10,64
2,128,512,25,0.555;0.293;-0.488;-0.898,β[0];β[1];γ[0];γ[1],161,1,0.001953125,482.6161999999997,0.0,not_in_gurobi_pool,not_in_gurobi_pool,not_in_gurobi_pool,,10001001011100000,110011001001000000110001001011100000,183.3780999999998,299.2380999999999,7,,1100110010010000001,110011001001000000100100011011101110,true,single,36,1.0e-10,64
2,128,512,25,0.555;0.293;-0.488;-0.898,β[0];β[1];γ[0];γ[1],162,1,0.001953125,482.6862999999999,1.1368683772161603e-13,not_in_gurobi_pool,not_in_gurobi_pool,not_in_gurobi_pool,,01011111110000111,100010110001100001101011111110000111,354.44139999999976,128.24490000000003,5,,1000101100011000011,100010110001100001111011110101000101,true,single,36,1.0e-10,64
2,128,512,25,0.555;0.293;-0.488;-0.898,β[0];β[1];γ[0];γ[1],163,1,0.001953125,482.7151999999999,2.2737367544323206e-13,not_in_gurobi_pool,not_in_gurobi_pool,not_in_gurobi_pool,,00011101110000111,110010110001100001100011101110000111,226.22539999999975,256.48979999999995,8,,1100101100011000011,110010110001100001100001010111100100,true,single,36,1.0e-10,64
2,128,512,25,0.555;0.293;-0.488;-0.898,β[0];β[1];γ[0];γ[1],164,1,0.001953125,482.73869999999965,0.0,not_in_gurobi_pool,not_in_gurobi_pool,not_in_gurobi_pool,,10001001010100000,110111011001000000110001001010100000,226.2488999999997,256.48979999999995,6,,1101110110010000001,110111011001000000100100101011100010,true,single,36,1.0e-10,64
2,128,512,25,0.555;0.293;-0.488;-0.898,β[0];β[1];γ[0];γ[1],165,1,0.001953125,482.74519999999984,2.2737367544323206e-13,not_in_gurobi_pool,not_in_gurobi_pool,not_in_gurobi_pool,,00001101110100111,110011111000000001100001101110100111,226.25539999999978,256.48979999999983,8,,1100111110000000011,110011111000000001101011111100010001,true,single,36,1.0e-10,64
2,128,512,25,0.555;0.293;-0.488;-0.898,β[0];β[1];γ[0];γ[1],166,1,0.001953125,482.7462999999997,0.0,not_in_gurobi_pool,not_in_gurobi_pool,not_in_gurobi_pool,,11001000010001000,000001000011100000011001000010001000,226.25649999999973,256.48979999999995,8,,0000010000111000000,000001000011100000011111011001001110,true,single,36,1.0e-10,64
2,128,512,25,0.555;0.293;-0.488;-0.898,β[0];β[1];γ[0];γ[1],167,1,0.001953125,483.3842999999997,5.684341886080802e-14,not_in_gurobi_pool,not_in_gurobi_pool,not_in_gurobi_pool,,01010101011000000,100011000001000010001010101011000000,269.64279999999974,213.74150000000003,7,,1000110000010000100,100011000001000010011000011111010100,true,single,36,1.0e-10,64
2,128,512,25,0.555;0.293;-0.488;-0.898,β[0];β[1];γ[0];γ[1],168,1,0.001953125,483.42419999999976,0.0,not_in_gurobi_pool,not_in_gurobi_pool,not_in_gurobi_pool,,00010100011100000,101011010001000010000010100011100000,184.18609999999984,299.2380999999999,9,,1010110100010000100,101011010001000010001100000111011100,true,single,36,1.0e-10,64
2,128,512,25,0.555;0.293;-0.488;-0.898,β[0];β[1];γ[0];γ[1],169,1,0.001953125,483.57669999999985,0.0,not_in_gurobi_pool,not_in_gurobi_pool,not_in_gurobi_pool,,00010101100000011,110110110001110001100010101100000011,269.8351999999999,213.74149999999997,5,,1101101100011100011,110110110001110001100000111000000101,true,single,36,1.0e-10,64
2,128,512,25,0.555;0.293;-0.488;-0.898,β[0];β[1];γ[0];γ[1],170,1,0.001953125,483.9202999999999,0.0,not_in_gurobi_pool,not_in_gurobi_pool,not_in_gurobi_pool,,01001101011000111,100011011001100001101001101011000111,184.6821999999998,299.2381000000001,9,,1000110110011000011,100011011001100001110101011010010100,true,single,36,1.0e-10,64
2,128,512,25,0.555;0.293;-0.488;-0.898,β[0];β[1];γ[0];γ[1],171,1,0.001953125,483.9601999999999,0.0,not_in_gurobi_pool,not_in_gurobi_pool,not_in_gurobi_pool,,00101100011000111,101010011001100001100101100011000111,227.47039999999976,256.4898000000001,6,,1010100110011000011,101010011001100001110100110110000011,true,single,36,1.0e-10,64
2,128,512,25,0.555;0.293;-0.488;-0.898,β[0];β[1];γ[0];γ[1],172,1,0.001953125,484.04279999999983,0.0,not_in_gurobi_pool,not_in_gurobi_pool,not_in_gurobi_pool,,00001101010000111,100111011001100001000001101010000111,184.80469999999985,299.2381,7,,1001110110011000010,100111011001100001010000001100000100,true,single,36,1.0e-10,64
2,128,512,25,0.555;0.293;-0.488;-0.898,β[0];β[1];γ[0];γ[1],173,1,0.001953125,484.1081999999997,0.0,not_in_gurobi_pool,not_in_gurobi_pool,not_in_gurobi_pool,,00101000010000111,010000000011100001100101000010000111,270.3666999999998,213.74149999999992,7,,0100000000111000011,010000000011100001110100000101001110,true,single,36,1.0e-10,64
2,128,512,25,0.555;0.293;-0.488;-0.898,β[0];β[1];γ[0];γ[1],174,1,0.001953125,484.76419999999973,5.684341886080802e-14,not_in_gurobi_pool,not_in_gurobi_pool,not_in_gurobi_pool,,10001001000000000,110010111010000000010001001000000000,313.7709999999998,170.9931999999999,4,,1100101110100000000,110010111010000000010101000000011000,true,single,36,1.0e-10,64
2,128,512,25,0.555;0.293;-0.488;-0.898,β[0];β[1];γ[0];γ[1],175,1,0.001953125,485.12119999999993,5.684341886080802e-14,not_in_gurobi_pool,not_in_gurobi_pool,not_in_gurobi_pool,,10010101110000000,010010110001110000110010101110000000,314.128,170.9932,4,,0100101100011100001,010010110001110000110000111111010000,true,single,36,1.0e-10,64
2,128,512,25,0.555;0.293;-0.488;-0.898,β[0];β[1];γ[0];γ[1],176,1,0.001953125,485.58729999999963,0.0,not_in_gurobi_pool,not_in_gurobi_pool,not_in_gurobi_pool,,11001101011000000,000011011001000000011001101011000000,143.6008999999998,341.98639999999983,10,,0000110110010000000,000011011001000000011100011010011111,true,single,36,1.0e-10,64
2,128,512,25,0.555;0.293;-0.488;-0.898,β[0];β[1];γ[0];γ[1],177,1,0.001953125,486.0382999999998,0.0,not_in_gurobi_pool,not_in_gurobi_pool,not_in_gurobi_pool,,01001101000000111,100010110011100001001001101000000111,315.0450999999998,170.9932,4,,1000101100111000010,100010110011100001011011000000000111,true,single,36,1.0e-10,64
2,128,512,25,0.555;0.293;-0.488;-0.898,β[0];β[1];γ[0];γ[1],178,1,0.001953125,486.0781999999998,0.0,not_in_gurobi_pool,not_in_gurobi_pool,not_in_gurobi_pool,,00001100000101111,101011110011100001000001100000101111,315.0849999999998,170.9932,6,,1010111100111000010,101011110011100001010000010001001111,true,single,36,1.0e-10,64
2,128,512,25,0.555;0.293;-0.488;-0.898,β[0];β[1];γ[0];γ[1],179,1,0.001953125,486.92029999999977,0.0,not_in_gurobi_pool,not_in_gurobi_pool,not_in_gurobi_pool,,01001101011000111,000011001001000001101001101011000111,230.43049999999988,256.4897999999999,6,,0000110010010000011,000011001001000001111001101001010000,true,single,36,1.0e-10,64
2,128,512,25,0.555;0.293;-0.488;-0.898,β[0];β[1];γ[0];γ[1],180,1,0.001953125,487.4442999999998,0.0,not_in_gurobi_pool,not_in_gurobi_pool,not_in_gurobi_pool,,01101101011000111,100000010101000001101101101011000111,273.7027999999999,213.74149999999992,5,,1000000101010000011,100000010101000001110001111011000101,true,single,36,1.0e-10,64
2,128,512,25,0.555;0.293;-0.488;-0.898,β[0];β[1];γ[0];γ[1],181,1,0.001953125,487.4442999999999,1.1368683772161603e-13,not_in_gurobi_pool,not_in_gurobi_pool,not_in_gurobi_pool,,01001101011000111,100011010101000001101001101011000111,188.20619999999985,299.2380999999999,5,,1000110101010000011,100011010101000001101010101000001111,true,single,36,1.0e-10,64
2,128,512,25,0.555;0.293;-0.488;-0.898,β[0];β[1];γ[0];γ[1],182,1,0.001953125,487.56679999999994,0.0,not_in_gurobi_pool,not_in_gurobi_pool,not_in_gurobi_pool,,00001101010000111,100111010101100001100001101010000111,102.8320999999998,384.73470000000015,11,,1001110101011000011,100111010101100001110010110100011010,true,single,36,1.0e-10,64
2,128,512,25,0.555;0.293;-0.488;-0.898,β[0];β[1];γ[0];γ[1],183,1,0.001953125,487.59569999999974,1.1368683772161603e-13,not_in_gurobi_pool,not_in_gurobi_pool,not_in_gurobi_pool,,00001001010100111,110111010101100001100001001010100111,231.10589999999974,256.4898000000001,10,,1101110101011000011,110111010101100001100010100101000010,true,single,36,1.0e-10,64
2,128,512,25,0.555;0.293;-0.488;-0.898,β[0];β[1];γ[0];γ[1],184,1,0.001953125,488.28429999999986,1.1368683772161603e-13,not_in_gurobi_pool,not_in_gurobi_pool,not_in_gurobi_pool,,01000101011000101,100011000101101001101000101011000101,189.04619999999983,299.2380999999999,9,,1000110001011010011,100011000101101001111111011111101101,true,single,36,1.0e-10,64
2,128,512,25,0.555;0.293;-0.488;-0.898,β[0];β[1];γ[0];γ[1],185,1,0.001953125,488.9191999999999,1.1368683772161603e-13,not_in_gurobi_pool,not_in_gurobi_pool,not_in_gurobi_pool,,00001111010000111,101000111001100001100001111010000111,232.42939999999982,256.48979999999995,6,,1010001110011000011,101000111001100001101000011110000100,true,single,36,1.0e-10,64
2,128,512,25,0.555;0.293;-0.488;-0.898,β[0];β[1];γ[0];γ[1],186,1,0.001953125,489.0382999999997,0.0,not_in_gurobi_pool,not_in_gurobi_pool,not_in_gurobi_pool,,01001101000000111,000010100011000001101001101000000111,275.29679999999985,213.74149999999986,5,,0000101000110000011,000010100011000001100101100000001101,true,single,36,1.0e-10,64
2,128,512,25,0.555;0.293;-0.488;-0.898,β[0];β[1];γ[0];γ[1],187,1,0.001953125,489.0382999999999,1.1368683772161603e-13,not_in_gurobi_pool,not_in_gurobi_pool,not_in_gurobi_pool,,01001101000000111,000010110011100001101001101000000111,189.8001999999998,299.2381,5,,0000101100111000011,000010110011100001100001111000010100,true,single,36,1.0e-10,64
2,128,512,25,0.555;0.293;-0.488;-0.898,β[0];β[1];γ[0];γ[1],188,1,0.001953125,489.0671999999998,0.0,not_in_gurobi_pool,not_in_gurobi_pool,not_in_gurobi_pool,,00001001000000111,010010110011000001100001001000000111,147.08079999999973,341.98640000000006,10,,0100101100110000011,010010110011000001110100010100101001,true,single,36,1.0e-10,64
2,128,512,25,0.555;0.293;-0.488;-0.898,β[0];β[1];γ[0];γ[1],189,1,0.001953125,489.4921999999997,0.0,not_in_gurobi_pool,not_in_gurobi_pool,not_in_gurobi_pool,,10001000010101000,110001010111000000110001000010101000,361.24729999999965,128.24490000000003,5,,1100010101110000001,110001010111000000110001000110010001,true,single,36,1.0e-10,64
2,128,512,25,0.555;0.293;-0.488;-0.898,β[0];β[1];γ[0];γ[1],190,1,0.001953125,491.3432999999998,0.0,not_in_gurobi_pool,not_in_gurobi_pool,not_in_gurobi_pool,,01010111110000000,000000100001000010101010111110000000,234.85349999999977,256.4898,6,,0000001000010000101,000000100001000010101100010111000001,true,single,36,1.0e-10,64
2,128,512,25,0.555;0.293;-0.488;-0.898,β[0];β[1];γ[0];γ[1],191,1,0.001953125,491.34329999999983,0.0,not_in_gurobi_pool,not_in_gurobi_pool,not_in_gurobi_pool,,01010111110000000,000000110001000010001010111110000000,320.3500999999998,170.9932,4,,0000001100010000100,000000110001000010000011010110000000,true,single,36,1.0e-10,64
2,128,512,25,0.555;0.293;-0.488;-0.898,β[0];β[1];γ[0];γ[1],192,1,0.001953125,491.3721999999999,0.0,not_in_gurobi_pool,not_in_gurobi_pool,not_in_gurobi_pool,,00010101110000000,010010110001100010100010101110000000,277.6306999999998,213.7415000000001,5,,0100101100011000101,010010110001100010110110101000000100,true,single,36,1.0e-10,64
2,128,512,25,0.555;0.293;-0.488;-0.898,β[0];β[1];γ[0];γ[1],193,1,0.001953125,491.87929999999983,1.1368683772161603e-13,not_in_gurobi_pool,not_in_gurobi_pool,not_in_gurobi_pool,,01001111110000111,000011111001100001101001111110000111,278.1377999999998,213.74150000000014,7,,0000111110011000011,000011111001100001111001011101000000,true,single,36,1.0e-10,64
2,128,512,25,0.555;0.293;-0.488;-0.898,β[0];β[1];γ[0];γ[1],194,1,0.001953125,492.00179999999983,0.0,not_in_gurobi_pool,not_in_gurobi_pool,not_in_gurobi_pool,,00001111100000111,000110101001100001100001111100000111,321.0085999999998,170.99320000000006,4,,0001101010011000011,000110101001100001100001100110000101,true,single,36,1.0e-10,64
2,128,512,25,0.555;0.293;-0.488;-0.898,β[0];β[1];γ[0];γ[1],195,1,0.001953125,492.3537999999997,1.1368683772161603e-13,not_in_gurobi_pool,not_in_gurobi_pool,not_in_gurobi_pool,,00001101000000111,100110111011000001100001101000000111,321.3605999999997,170.99320000000012,4,,1001101110110000011,100110111011000001100000001000000010,true,single,36,1.0e-10,64
2,128,512,25,0.555;0.293;-0.488;-0.898,β[0];β[1];γ[0];γ[1],196,1,0.001953125,492.43219999999985,1.1368683772161603e-13,not_in_gurobi_pool,not_in_gurobi_pool,not_in_gurobi_pool,,00001101110100111,110011110101000001000001101110100111,321.43899999999985,170.9931999999999,6,,1100111101010000010,110011110101000001000001110110011011,true,single,36,1.0e-10,64
2,128,512,25,0.555;0.293;-0.488;-0.898,β[0];β[1];γ[0];γ[1],197,1,0.001953125,492.6061999999997,0.0,not_in_gurobi_pool,not_in_gurobi_pool,not_in_gurobi_pool,,00100001011000000,010000011001000010100100001011000000,193.3680999999998,299.2380999999999,7,,0100000110010000101,010000011001000010101010101001010010,true,single,36,1.0e-10,64
2,128,512,25,0.555;0.293;-0.488;-0.898,β[0];β[1];γ[0];γ[1],198,1,0.001953125,493.79629999999975,1.1368683772161603e-13,not_in_gurobi_pool,not_in_gurobi_pool,not_in_gurobi_pool,,01001000010001111,000011010111100001101001000010001111,280.0547999999996,213.74150000000003,5,,0000110101111000011,000011010111100001100001000000001000,true,single,36,1.0e-10,64
2,128,512,25,0.555;0.293;-0.488;-0.898,β[0];β[1];γ[0];γ[1],199,1,0.001953125,493.85019999999986,0.0,not_in_gurobi_pool,not_in_gurobi_pool,not_in_gurobi_pool,,00000100000000001,101010111011111001100000100000000001,280.1086999999999,213.74149999999997,7,,1010101110111110011,101010111011111001101100010010010101,true,single,36,1.0e-10,64
2,128,512,25,0.555;0.293;-0.488;-0.898,β[0];β[1];γ[0];γ[1],200,1,0.001953125,494.8177999999998,0.0,not_in_gurobi_pool,not_in_gurobi_pool,not_in_gurobi_pool,,00000101000000000,000110110011100010100000101000000000,238.32799999999986,256.48979999999995,4,,0001101100111000101,000110110011100010100000111000100110,true,single,36,1.0e-10,64
2,128,512,25,0.555;0.293;-0.488;-0.898,β[0];β[1];γ[0];γ[1],201,1,0.001953125,495.8707999999997,0.0,not_in_gurobi_pool,not_in_gurobi_pool,not_in_gurobi_pool,,00000101010000100,100111011101101101100000101010000100,282.1292999999997,213.74149999999997,5,,1001110111011011011,100111011101101101100000100010100011,true,single,36,1.0e-10,64
2,128,512,25,0.555;0.293;-0.488;-0.898,β[0];β[1];γ[0];γ[1],202,1,0.001953125,497.27019999999993,1.1368683772161603e-13,not_in_gurobi_pool,not_in_gurobi_pool,not_in_gurobi_pool,,00000001000000010,010010111011110101100000001000000010,326.2769999999996,170.99320000000023,6,,0100101110111101011,010010111011110101100100100100100110,true,single,36,1.0e-10,64
2,128,512,25,0.555;0.293;-0.488;-0.898,β[0];β[1];γ[0];γ[1],203,1,0.001953125,497.3031999999998,1.1368683772161603e-13,not_in_gurobi_pool,not_in_gurobi_pool,not_in_gurobi_pool,,10001111010100000,101011111101000000010001111010100000,369.0582999999999,128.24489999999997,7,,1010111111010000000,101011111101000000010001101001011010,true,single,36,1.0e-10,64
2,128,512,25,0.555;0.293;-0.488;-0.898,β[0];β[1];γ[0];γ[1],204,1,0.001953125,516.0194999999998,0.0,not_in_gurobi_pool,not_in_gurobi_pool,not_in_gurobi_pool,,10111100011000000,001000010000100000110111100011000000,345.0262999999998,170.99319999999994,4,,0010000100001000001,001000010000100000110100100001000010,true,single,36,1.0e-10,64
2,128,512,25,0.555;0.293;-0.488;-0.898,β[0];β[1];γ[0];γ[1],205,1,0.001953125,517.6645999999997,0.0,not_in_gurobi_pool,not_in_gurobi_pool,not_in_gurobi_pool,,01101000010000111,100010010010000001101101000010000111,303.92309999999975,213.74149999999997,5,,1000100100100000011,100010010010000001100101011010000010,true,single,36,1.0e-10,64
2,128,512,25,0.555;0.293;-0.488;-0.898,β[0];β[1];γ[0];γ[1],206,1,0.001953125,519.1425999999997,0.0,not_in_gurobi_pool,not_in_gurobi_pool,not_in_gurobi_pool,,11011101011000000,100001010001000000111011101011000000,262.65279999999973,256.48979999999995,6,,1000010100010000001,100001010001000000101110000011001000,true,single,36,1.0e-10,64
2,128,512,25,0.555;0.293;-0.488;-0.898,β[0];β[1];γ[0];γ[1],207,1,0.001953125,519.2650999999997,0.0,not_in_gurobi_pool,not_in_gurobi_pool,not_in_gurobi_pool,,10011101010000000,100111010001000000010011101010000000,177.27869999999984,341.9863999999999,8,,1001110100010000000,100111010001000000001111001011101100,true,single,36,1.0e-10,64
2,128,512,25,0.555;0.293;-0.488;-0.898,β[0];β[1];γ[0];γ[1],208,1,0.001953125,520.4755999999998,1.1368683772161603e-13,not_in_gurobi_pool,not_in_gurobi_pool,not_in_gurobi_pool,,01011101011000111,100011010001100001001011101011000111,349.4824,170.9931999999999,6,,1000110100011000010,100011010001100001001001000111001011,true,single,36,1.0e-10,64
2,128,512,25,0.555;0.293;-0.488;-0.898,β[0];β[1];γ[0];γ[1],209,1,0.001953125,520.5443999999995,2.2737367544323206e-13,not_in_gurobi_pool,not_in_gurobi_pool,not_in_gurobi_pool,,00011000011110111,111011010001000001100011000011110111,306.8028999999996,213.74150000000014,5,,1110110100010000011,111011010001000001100000010011011111,true,single,36,1.0e-10,64
2,128,512,25,0.555;0.293;-0.488;-0.898,β[0];β[1];γ[0];γ[1],210,1,0.001953125,520.5980999999997,1.1368683772161603e-13,not_in_gurobi_pool,not_in_gurobi_pool,not_in_gurobi_pool,,00011101010000111,100111010001100001000011101010000111,264.10829999999993,256.4897999999999,10,,1001110100011000010,100111010001100001010000011101001011,true,single,36,1.0e-10,64
2,128,512,25,0.555;0.293;-0.488;-0.898,β[0];β[1];γ[0];γ[1],211,1,0.001953125,521.7465999999998,0.0,not_in_gurobi_pool,not_in_gurobi_pool,not_in_gurobi_pool,,01010101011000110,100001010001100101001010101011000110,265.2567999999998,256.4898,8,,1000010100011001010,100001010001100101000101011001000100,true,single,36,1.0e-10,64
2,128,512,25,0.555;0.293;-0.488;-0.898,β[0];β[1];γ[0];γ[1],212,1,0.001953125,522.1714999999997,0.0,not_in_gurobi_pool,not_in_gurobi_pool,not_in_gurobi_pool,,10011001011100000,010011000001000000010011001011100000,222.93339999999978,299.2380999999999,7,,0100110000010000000,010011000001000000000100101011000100,true,single,36,1.0e-10,64
2,128,512,25,0.555;0.293;-0.488;-0.898,β[0];β[1];γ[0];γ[1],213,1,0.001953125,522.4945999999998,0.0,not_in_gurobi_pool,not_in_gurobi_pool,not_in_gurobi_pool,,11001000010001000,100011000011100000011001000010001000,266.00479999999976,256.4898,6,,1000110000111000000,100011000011100000010000010110000100,true,single,36,1.0e-10,64
2,128,512,25,0.555;0.293;-0.488;-0.898,β[0];β[1];γ[0];γ[1],214,1,0.001953125,523.4755999999998,0.0,not_in_gurobi_pool,not_in_gurobi_pool,not_in_gurobi_pool,,01011101011000111,000011010001000001101011101011000111,224.2374999999999,299.23809999999986,7,,0000110100010000011,000011010001000001111000100001100101,true,single,36,1.0e-10,64
2,128,512,25,0.555;0.293;-0.488;-0.898,β[0];β[1];γ[0];γ[1],215,1,0.001953125,525.4043999999997,0.0,not_in_gurobi_pool,not_in_gurobi_pool,not_in_gurobi_pool,,10001000011110000,111011011001000000010001000011110000,226.16629999999975,299.2380999999999,5,,1110110110010000000,111011011001000000010011101011000000,true,single,36,1.0e-10,64
2,128,512,25,0.555;0.293;-0.488;-0.898,β[0];β[1];γ[0];γ[1],216,1,0.001953125,525.6170999999997,0.0,not_in_gurobi_pool,not_in_gurobi_pool,not_in_gurobi_pool,,10001000000001000,000111000011100000110001000000001000,226.3789999999998,299.2380999999999,7,,0001110000111000001,000111000011100000100100101010001010,true,single,36,1.0e-10,64
2,128,512,25,0.555;0.293;-0.488;-0.898,β[0];β[1];γ[0];γ[1],217,1,0.001953125,527.1015999999998,0.0,not_in_gurobi_pool,not_in_gurobi_pool,not_in_gurobi_pool,,11011111110000000,000000110001000000111011111110000000,313.3600999999998,213.74150000000003,7,,0000001100010000001,000000110001000000100001011101000001,true,single,36,1.0e-10,64
2,128,512,25,0.555;0.293;-0.488;-0.898,β[0];β[1];γ[0];γ[1],218,1,0.001953125,527.1304999999998,0.0,not_in_gurobi_pool,not_in_gurobi_pool,not_in_gurobi_pool,,10011101110100000,010011110001000000010011101110100000,356.1372999999998,170.99319999999994,8,,0100111100010000000,010011110001000000010000011101100110,true,single,36,1.0e-10,64
2,128,512,25,0.555;0.293;-0.488;-0.898,β[0];β[1];γ[0];γ[1],219,1,0.001953125,528.4744999999997,0.0,not_in_gurobi_pool,not_in_gurobi_pool,not_in_gurobi_pool,,00011111010100111,001011110001000001100011111010100111,357.4812999999997,170.9932,4,,0010111100010000011,001011110001000001100010110000000111,true,single,36,1.0e-10,64
2,128,512,25,0.555;0.293;-0.488;-0.898,β[0];β[1];γ[0];γ[1],220,1,0.001953125,528.7865999999999,2.2737367544323206e-13,not_in_gurobi_pool,not_in_gurobi_pool,not_in_gurobi_pool,,01001101000000111,100010110011100001101001101000000111,229.54849999999976,299.2380999999999,7,,1000101100111000011,100010110011100001100011110100011111,true,single,36,1.0e-10,64
2,128,512,25,0.555;0.293;-0.488;-0.898,β[0];β[1];γ[0];γ[1],221,1,0.001953125,528.7865999999999,0.0,not_in_gurobi_pool,not_in_gurobi_pool,not_in_gurobi_pool,,01001101000000111,100010110011100001001001101000000111,315.0450999999998,213.7415000000001,5,,1000101100111000010,100010110011100001011010101000000100,true,single,36,1.0e-10,64
2,128,512,25,0.555;0.293;-0.488;-0.898,β[0];β[1];γ[0];γ[1],222,1,0.001953125,529.1325999999997,0.0,not_in_gurobi_pool,not_in_gurobi_pool,not_in_gurobi_pool,,01110101011000000,000010000001100010101110101011000000,315.39109999999977,213.74149999999992,7,,0000100000011000101,000010000001100010110010110111000010,true,single,36,1.0e-10,64
2,128,512,25,0.555;0.293;-0.488;-0.898,β[0];β[1];γ[0];γ[1],223,1,0.001953125,529.1735999999997,1.1368683772161603e-13,not_in_gurobi_pool,not_in_gurobi_pool,not_in_gurobi_pool,,01010111110000011,000010110001110001101010111110000011,229.93549999999976,299.23809999999986,9,,0000101100011100011,000010110001110001110000100101000000,true,single,36,1.0e-10,64
2,128,512,25,0.555;0.293;-0.488;-0.898,β[0];β[1];γ[0];γ[1],224,1,0.001953125,529.6359999999997,0.0,not_in_gurobi_pool,not_in_gurobi_pool,not_in_gurobi_pool,,00100000000000000,110110000011100010100100000000000000,358.64279999999974,170.9932,4,,1101100000111000101,110110000011100010110000000000100010,true,single,36,1.0e-10,64
2,128,512,25,0.555;0.293;-0.488;-0.898,β[0];β[1];γ[0];γ[1],225,1,0.001953125,529.6685999999997,0.0,not_in_gurobi_pool,not_in_gurobi_pool,not_in_gurobi_pool,,01101101011000111,000000001001000001101101101011000111,230.43049999999977,299.2381,7,,0000000010010000011,000000001001000001101000111101000100,true,single,36,1.0e-10,64
2,128,512,25,0.555;0.293;-0.488;-0.898,β[0];β[1];γ[0];γ[1],226,1,0.001953125,529.8715999999997,0.0,not_in_gurobi_pool,not_in_gurobi_pool,not_in_gurobi_pool,,01010101011000000,000011010001110010101010101011000000,316.13009999999986,213.74149999999986,7,,0000110100011100101,000011010001110010110000100110001000,true,single,36,1.0e-10,64
2,128,512,25,0.555;0.293;-0.488;-0.898,β[0];β[1];γ[0];γ[1],230,1,0.001953125,530.1925999999997,0.0,not_in_gurobi_pool,not_in_gurobi_pool,not_in_gurobi_pool,,01001101011000111,100001000101000001101001101011000111,273.7027999999998,256.48979999999995,6,,1000010001010000011,100001000101000001100001100011101100,true,single,36,1.0e-10,64
2,128,512,25,0.555;0.293;-0.488;-0.898,β[0];β[1];γ[0];γ[1],227,1,0.001953125,530.1925999999999,0.0,not_in_gurobi_pool,not_in_gurobi_pool,not_in_gurobi_pool,,01001101011000111,100011000101000001101001101011000111,273.7027999999999,256.48979999999995,8,,1000110001010000011,100011000101000001111000000111010010,true,single,36,1.0e-10,64
2,128,512,25,0.555;0.293;-0.488;-0.898,β[0];β[1];γ[0];γ[1],228,1,0.001953125,530.1925999999999,0.0,not_in_gurobi_pool,not_in_gurobi_pool,not_in_gurobi_pool,,01001101011000111,100011010101100001101001101011000111,188.20619999999968,341.9864000000002,8,,1000110101011000011,100011010101100001111111101110100010,true,single,36,1.0e-10,64
2,128,512,25,0.555;0.293;-0.488;-0.898,β[0];β[1];γ[0];γ[1],229,1,0.001953125,530.1925999999999,0.0,not_in_gurobi_pool,not_in_gurobi_pool,not_in_gurobi_pool,,01101101011000111,100010000101100001001101101011000111,444.6959999999998,85.49660000000006,2,,1000100001011000010,100010000101100001001101111111000111,true,single,36,1.0e-10,64
2,128,512,25,0.555;0.293;-0.488;-0.898,β[0];β[1];γ[0];γ[1],231,1,0.001953125,533.1925999999999,0.0,not_in_gurobi_pool,not_in_gurobi_pool,not_in_gurobi_pool,,01101101011000111,000000010101100001101101101011000111,233.95449999999994,299.2380999999999,9,,0000000101011000011,000000010101100001101110000110000000,true,single,36,1.0e-10,64
2,128,512,25,0.555;0.293;-0.488;-0.898,β[0];β[1];γ[0];γ[1],232,1,0.001953125,533.5844999999997,0.0,not_in_gurobi_pool,not_in_gurobi_pool,not_in_gurobi_pool,,00001000010101111,101011010111100001100001000010101111,277.09469999999976,256.48979999999995,6,,1010110101111000011,101011010111100001101001101001101101,true,single,36,1.0e-10,64
2,128,512,25,0.555;0.293;-0.488;-0.898,β[0];β[1];γ[0];γ[1],233,1,0.001953125,534.0915999999997,0.0,not_in_gurobi_pool,not_in_gurobi_pool,not_in_gurobi_pool,,01010111110000000,000010100001000010101010111110000000,234.85349999999988,299.23809999999986,7,,0000101000010000101,000010100001000010100000110101100001,true,single,36,1.0e-10,64
2,128,512,25,0.555;0.293;-0.488;-0.898,β[0];β[1];γ[0];γ[1],234,1,0.001953125,535.1516,0.0,not_in_gurobi_pool,not_in_gurobi_pool,not_in_gurobi_pool,,01001111110000111,100000110101000001101001111110000111,278.6617999999998,256.48980000000023,6,,1000001101010000011,100000110101000001111110111110000100,true,single,36,1.0e-10,64
2,128,512,25,0.555;0.293;-0.488;-0.898,β[0];β[1];γ[0];γ[1],235,1,0.001953125,535.1914999999999,0.0,not_in_gurobi_pool,not_in_gurobi_pool,not_in_gurobi_pool,,00001111010000111,101010110101000001100001111010000111,150.45679999999987,384.73470000000003,9,,1010101101010000011,101010110101000001111110101010100001,true,single,36,1.0e-10,64
2,128,512,25,0.555;0.293;-0.488;-0.898,β[0];β[1];γ[0];γ[1],236,1,0.001953125,535.3544999999997,0.0,not_in_gurobi_pool,not_in_gurobi_pool,not_in_gurobi_pool,,00000001011100000,010011011001100010000000001011100000,236.11639999999971,299.2381,7,,0100110110011000100,010011011001100010000101011110101100,true,single,36,1.0e-10,64
2,128,512,25,0.555;0.293;-0.488;-0.898,β[0];β[1];γ[0];γ[1],237,1,0.001953125,538.1515999999999,1.1368683772161603e-13,not_in_gurobi_pool,not_in_gurobi_pool,not_in_gurobi_pool,,01001111110000111,000010110101100001101001111110000111,238.91349999999983,299.2381,9,,0000101101011000011,000010110101100001110010100101000110,true,single,36,1.0e-10,64
2,128,512,25,0.555;0.293;-0.488;-0.898,β[0];β[1];γ[0];γ[1],238,1,0.001953125,538.6555999999997,1.1368683772161603e-13,not_in_gurobi_pool,not_in_gurobi_pool,not_in_gurobi_pool,,01100000010000100,000010010111101101101100000010000100,453.1589999999997,85.49660000000011,2,,0000100101111011011,000010010111101101100100000110000100,true,single,36,1.0e-10,64
2,128,512,25,0.555;0.293;-0.488;-0.898,β[0];β[1];γ[0];γ[1],239,1,0.001953125,538.8195999999998,1.1368683772161603e-13,not_in_gurobi_pool,not_in_gurobi_pool,not_in_gurobi_pool,,01000101000000101,000000111011001001101000101000000101,325.0780999999998,213.74149999999992,5,,0000001110110010011,000000111011001001100100100001000001,true,single,36,1.0e-10,64
2,128,512,25,0.555;0.293;-0.488;-0.898,β[0];β[1];γ[0];γ[1],240,1,0.001953125,542.2349999999999,2.2737367544323206e-13,not_in_gurobi_pool,not_in_gurobi_pool,not_in_gurobi_pool,,00000101100100011,110111111101110001100000101100100011,413.99009999999987,128.2448999999998,3,,1101111111011100011,110111111101110001100000111001100011,true,single,36,1.0e-10,64
2,128,512,25,0.555;0.293;-0.488;-0.898,β[0];β[1];γ[0];γ[1],241,1,0.001953125,543.8374999999999,0.0,not_in_gurobi_pool,not_in_gurobi_pool,not_in_gurobi_pool,,00000101110000000,010010100101000010100000101110000000,201.85109999999986,341.9864,6,,0100101001010000101,010010100101000010100100100111001011,true,single,36,1.0e-10,64
2,128,512,25,0.555;0.293;-0.488;-0.898,β[0];β[1];γ[0];γ[1],242,1,0.001953125,545.0824999999996,1.1368683772161603e-13,not_in_gurobi_pool,not_in_gurobi_pool,not_in_gurobi_pool,,00000100011100000,001011011101000010100000100011100000,203.09609999999975,341.9864,6,,0010110111010000101,001011011101000010101000101111111010,true,single,36,1.0e-10,64
2,128,512,25,0.555;0.293;-0.488;-0.898,β[0];β[1];γ[0];γ[1],243,1,0.001953125,560.8492999999996,0.0,not_in_gurobi_pool,not_in_gurobi_pool,not_in_gurobi_pool,,10011111000000000,101110100000000000110011111000000000,261.6111999999998,299.2380999999998,5,,1011101000000000001,101110100000000000110010110001011000,true,single,36,1.0e-10,64
2,128,512,25,0.555;0.293;-0.488;-0.898,β[0];β[1];γ[0];γ[1],244,1,0.001953125,562.0133999999998,1.1368683772161603e-13,not_in_gurobi_pool,not_in_gurobi_pool,not_in_gurobi_pool,,10111101010000000,100110000001100000110111101010000000,262.7752999999998,299.2380999999999,5,,1001100000011000001,100110000001100000100110001010010001,true,single,36,1.0e-10,64
2,128,512,25,0.555;0.293;-0.488;-0.898,β[0];β[1];γ[0];γ[1],245,1,0.001953125,563.2827999999998,0.0,not_in_gurobi_pool,not_in_gurobi_pool,not_in_gurobi_pool,,00101001011000111,110000011000100001100101001011000111,306.7929999999999,256.48979999999995,6,,1100000110001000011,110000011000100001100101101010100000,true,single,36,1.0e-10,64
2,128,512,25,0.555;0.293;-0.488;-0.898,β[0];β[1];γ[0];γ[1],246,1,0.001953125,564.8908999999996,1.1368683772161603e-13,not_in_gurobi_pool,not_in_gurobi_pool,not_in_gurobi_pool,,11011101011000000,000011010001000000111011101011000000,222.90449999999976,341.9864,8,,0000110100010000001,000011010001000000110000111111100101,true,single,36,1.0e-10,64
2,128,512,25,0.555;0.293;-0.488;-0.898,β[0];β[1];γ[0];γ[1],247,1,0.001953125,566.2238999999997,0.0,not_in_gurobi_pool,not_in_gurobi_pool,not_in_gurobi_pool,,01011101011000111,000011010001100001101011101011000111,224.2374999999999,341.98639999999983,10,,0000110100011000011,000011010001100001101100010010100001,true,single,36,1.0e-10,64
2,128,512,25,0.555;0.293;-0.488;-0.898,β[0];β[1];γ[0];γ[1],248,1,0.001953125,566.2238999999998,0.0,not_in_gurobi_pool,not_in_gurobi_pool,not_in_gurobi_pool,,01011101011000111,000011010001100001101011101011000111,224.2374999999999,341.98639999999995,8,,0000110100011000011,000011010001100001111110001111001100,true,single,36,1.0e-10,64
2,128,512,25,0.555;0.293;-0.488;-0.898,β[0];β[1];γ[0];γ[1],249,1,0.001953125,566.2527999999998,0.0,not_in_gurobi_pool,not_in_gurobi_pool,not_in_gurobi_pool,,00011001011100111,010011010001000001100011001011100111,224.2663999999998,341.98639999999995,8,,0100110100010000011,010011010001000001100000010001001110,true,single,36,1.0e-10,64
2,128,512,25,0.555;0.293;-0.488;-0.898,β[0];β[1];γ[0];γ[1],250,1,0.001953125,566.5758999999996,0.0,not_in_gurobi_pool,not_in_gurobi_pool,not_in_gurobi_pool,,01001000010001111,100011000011100001101001000010001111,267.3377999999998,299.2380999999998,7,,1000110000111000011,100011000011100001100111010000100111,true,single,36,1.0e-10,64
2,128,512,25,0.555;0.293;-0.488;-0.898,β[0];β[1];γ[0];γ[1],251,1,0.001953125,566.8218999999997,0.0,not_in_gurobi_pool,not_in_gurobi_pool,not_in_gurobi_pool,,11000000010001000,100011010011111000011000000010001000,481.32529999999963,85.49660000000006,2,,1000110100111110000,100011010011111000010000000010000000,true,single,36,1.0e-10,64
2,128,512,25,0.555;0.293;-0.488;-0.898,β[0];β[1];γ[0];γ[1],252,1,0.001953125,568.0838999999997,0.0,not_in_gurobi_pool,not_in_gurobi_pool,not_in_gurobi_pool,,11001101011000000,100011011001000000011001101011000000,183.34919999999977,384.7347,9,,1000110110010000000,100011011001000000010110101001100111,true,single,36,1.0e-10,64
2,128,512,25,0.555;0.293;-0.488;-0.898,β[0];β[1];γ[0];γ[1],253,1,0.001953125,568.2063999999998,0.0,not_in_gurobi_pool,not_in_gurobi_pool,not_in_gurobi_pool,,10101101010000000,100110001001100000110101101010000000,268.9682999999998,299.23810000000003,5,,1001100010011000001,100110001001100000100001111110100000,true,single,36,1.0e-10,64
2,128,512,25,0.555;0.293;-0.488;-0.898,β[0];β[1];γ[0];γ[1],254,1,0.001953125,568.2227999999999,1.1368683772161603e-13,not_in_gurobi_pool,not_in_gurobi_pool,not_in_gurobi_pool,,00011111010100111,101011110001100001100011111010100111,311.73299999999983,256.48979999999995,8,,1010111100011000011,101011110001100001100010010010010000,true,single,36,1.0e-10,64
2,128,512,25,0.555;0.293;-0.488;-0.898,β[0];β[1];γ[0];γ[1],255,1,0.001953125,568.3054,1.1368683772161603e-13,not_in_gurobi_pool,not_in_gurobi_pool,not_in_gurobi_pool,,00011111100000111,100111110001000001100011111100000111,311.8155999999998,256.48980000000006,4,,1001111100010000011,100111110001000001100101101100001111,true,single,36,1.0e-10,64
2,128,512,25,0.555;0.293;-0.488;-0.898,β[0];β[1];γ[0];γ[1],256,1,0.001953125,568.5858999999998,1.1368683772161603e-13,not_in_gurobi_pool,not_in_gurobi_pool,not_in_gurobi_pool,,01000000010001010,100001010011110101001000000010001010,312.09609999999975,256.48979999999995,6,,1000010100111101010,100001010011110101000100100100011010,true,single,36,1.0e-10,64
2,128,512,25,0.555;0.293;-0.488;-0.898,β[0];β[1];γ[0];γ[1],257,1,0.001953125,568.9097999999998,1.1368683772161603e-13,not_in_gurobi_pool,not_in_gurobi_pool,not_in_gurobi_pool,,00110001011000000,110010010001000010100110001011000000,226.9233999999998,341.9863999999999,6,,1100100100010000101,110010010001000010110011011010001000,true,single,36,1.0e-10,64
2,128,512,25,0.555;0.293;-0.488;-0.898,β[0];β[1];γ[0];γ[1],258,1,0.001953125,569.4168999999998,0.0,not_in_gurobi_pool,not_in_gurobi_pool,not_in_gurobi_pool,,01001101011000111,100001011001000001001001101011000111,270.1787999999999,299.2380999999999,11,,1000010110010000010,100001011001000001011110010110000100,true,single,36,1.0e-10,64
2,128,512,25,0.555;0.293;-0.488;-0.898,β[0];β[1];γ[0];γ[1],259,1,0.001953125,569.8498999999997,0.0,not_in_gurobi_pool,not_in_gurobi_pool,not_in_gurobi_pool,,11011111110000000,000010110001100000011011111110000000,313.3600999999999,256.48979999999983,6,,0000101100011000000,000010110001100000000011010110000101,true,single,36,1.0e-10,64
2,128,512,25,0.555;0.293;-0.488;-0.898,β[0];β[1];γ[0];γ[1],260,1,0.001953125,571.3053999999998,1.1368683772161603e-13,not_in_gurobi_pool,not_in_gurobi_pool,not_in_gurobi_pool,,00011111100000111,000110110001100001100011111100000111,314.8155999999998,256.48979999999995,6,,0001101100011000011,000110110001100001101000111000000010,true,single,36,1.0e-10,64
2,128,512,25,0.555;0.293;-0.488;-0.898,β[0];β[1];γ[0];γ[1],261,1,0.001953125,573.0633999999998,0.0,not_in_gurobi_pool,not_in_gurobi_pool,not_in_gurobi_pool,,00101101010000111,100100000101000001100101101010000111,273.82529999999974,299.23810000000003,7,,1001000001010000011,100100000101000001110000111100000011,true,single,36,1.0e-10,64
2,128,512,25,0.555;0.293;-0.488;-0.898,β[0];β[1];γ[0];γ[1],262,1,0.001953125,574.4157999999998,0.0,not_in_gurobi_pool,not_in_gurobi_pool,not_in_gurobi_pool,,00001111010000111,101000111001100001100001111010000111,232.42939999999982,341.98639999999995,8,,1010001110011000011,101000111001100001100000001101000010,true,single,36,1.0e-10,64
2,128,512,25,0.555;0.293;-0.488;-0.898,β[0];β[1];γ[0];γ[1],263,1,0.001953125,575.7688999999997,0.0,not_in_gurobi_pool,not_in_gurobi_pool,not_in_gurobi_pool,,01001000010001111,000011011011000001101001000010001111,276.5307999999997,299.2381,7,,0000110110110000011,000011011011000001111101101010011010,true,single,36,1.0e-10,64
2,128,512,25,0.555;0.293;-0.488;-0.898,β[0];β[1];γ[0];γ[1],264,1,0.001953125,576.3858999999998,0.0,not_in_gurobi_pool,not_in_gurobi_pool,not_in_gurobi_pool,,01000111110000010,100000111001110101101000111110000010,319.8960999999998,256.48979999999995,6,,1000001110011101011,100000111001110101100100100110000100,true,single,36,1.0e-10,64
2,128,512,25,0.555;0.293;-0.488;-0.898,β[0];β[1];γ[0];γ[1],265,1,0.001953125,580.0533999999998,1.1368683772161603e-13,not_in_gurobi_pool,not_in_gurobi_pool,not_in_gurobi_pool,,00100101010000111,100110000101100011100100101010000111,409.0601999999999,170.9932,4,,1001100001011000111,100110000101100011100110101100000101,true,single,36,1.0e-10,64
2,128,512,25,0.555;0.293;-0.488;-0.898,β[0];β[1];γ[0];γ[1],266,1,0.001953125,580.4357999999997,0.0,not_in_gurobi_pool,not_in_gurobi_pool,not_in_gurobi_pool,,10000101110000000,010010110101101000110000101110000000,238.4493999999999,341.98639999999983,8,,0100101101011010001,010010110101101000111011111100100101,true,single,36,1.0e-10,64
2,128,512,25,0.555;0.293;-0.488;-0.898,β[0];β[1];γ[0];γ[1],267,1,0.001953125,580.8998999999998,1.1368683772161603e-13,not_in_gurobi_pool,not_in_gurobi_pool,not_in_gurobi_pool,,01001111110000111,000010110101100001101001111110000111,238.91349999999983,341.98639999999983,8,,0000101101011000011,000010110101100001100000010001000110,true,single,36,1.0e-10,64
2,128,512,25,0.555;0.293;-0.488;-0.898,β[0];β[1];γ[0];γ[1],268,1,0.001953125,582.9308999999996,1.1368683772161603e-13,not_in_gurobi_pool,not_in_gurobi_pool,not_in_gurobi_pool,,01000101011000111,000001000101000011101000101011000111,283.69279999999975,299.2381,5,,0000010001010000111,000001000101000011100000100011110110,true,single,36,1.0e-10,64
2,128,512,25,0.555;0.293;-0.488;-0.898,β[0];β[1];γ[0];γ[1],269,1,0.001953125,599.8490999999997,0.0,not_in_gurobi_pool,not_in_gurobi_pool,not_in_gurobi_pool,,00011100011100111,101001000000100001000011100011100111,343.35929999999973,256.48979999999995,6,,1010010000001000010,101001000000100001011010110010100110,true,single,36,1.0e-10,64
2,128,512,25,0.555;0.293;-0.488;-0.898,β[0];β[1];γ[0];γ[1],270,1,0.001953125,601.9490999999997,1.1368683772161603e-13,not_in_gurobi_pool,not_in_gurobi_pool,not_in_gurobi_pool,,00110001011000100,110000010000101101100110001011000100,345.45929999999987,256.48979999999995,4,,1100000100001011011,110000010000101101100110111011100000,true,single,36,1.0e-10,64
2,128,512,25,0.555;0.293;-0.488;-0.898,β[0];β[1];γ[0];γ[1],271,1,0.001953125,603.1611999999997,0.0,not_in_gurobi_pool,not_in_gurobi_pool,not_in_gurobi_pool,,01001000010001111,100011010010100001101001000010001111,261.1747999999998,341.9863999999999,8,,1000110100101000011,100011010010100001100110000110000010,true,single,36,1.0e-10,64
2,128,512,25,0.555;0.293;-0.488;-0.898,β[0];β[1];γ[0];γ[1],272,1,0.001953125,603.1900999999996,1.1368683772161603e-13,not_in_gurobi_pool,not_in_gurobi_pool,not_in_gurobi_pool,,00101000010000111,110000000010000001100101000010000111,218.45539999999983,384.73469999999986,7,,1100000000100000011,110000000010000001110011100011000001,true,single,36,1.0e-10,64
2,128,512,25,0.555;0.293;-0.488;-0.898,β[0];β[1];γ[0];γ[1],274,1,0.001953125,605.9721999999997,0.0,not_in_gurobi_pool,not_in_gurobi_pool,not_in_gurobi_pool,,01011101011000111,100001000001000001101011101011000111,263.98579999999976,341.98639999999995,10,,1000010000010000011,100001000001000001110001000110010100,true,single,36,1.0e-10,64
2,128,512,25,0.555;0.293;-0.488;-0.898,β[0];β[1];γ[0];γ[1],273,1,0.001953125,605.9721999999998,0.0,not_in_gurobi_pool,not_in_gurobi_pool,not_in_gurobi_pool,,01011101011000111,100011010001000001101011101011000111,263.9857999999999,341.9863999999999,8,,1000110100010000011,100011010001000001100000001010101110,true,single,36,1.0e-10,64
2,128,512,25,0.555;0.293;-0.488;-0.898,β[0];β[1];γ[0];γ[1],275,1,0.001953125,606.7111999999998,0.0,not_in_gurobi_pool,not_in_gurobi_pool,not_in_gurobi_pool,,01010101011000011,100001010001110001001010101011000011,264.7247999999998,341.98640000000006,8,,1000010100011100010,100001010001110001011100100100010011,true,single,36,1.0e-10,64
2,128,512,25,0.555;0.293;-0.488;-0.898,β[0];β[1];γ[0];γ[1],276,1,0.001953125,608.9721999999999,0.0,not_in_gurobi_pool,not_in_gurobi_pool,not_in_gurobi_pool,,01111101011000111,000010010001100001101111101011000111,395.23069999999996,213.74149999999997,7,,0000100100011000011,000010010001100001100110011111000001,true,single,36,1.0e-10,64
2,128,512,25,0.555;0.293;-0.488;-0.898,β[0];β[1];γ[0];γ[1],277,1,0.001953125,609.1345999999996,0.0,not_in_gurobi_pool,not_in_gurobi_pool,not_in_gurobi_pool,,00011100010100111,001111010001000001100011100010100111,438.14139999999975,170.9931999999999,8,,0011110100010000011,001111010001000001100010100001011001,true,single,36,1.0e-10,64
2,128,512,25,0.555;0.293;-0.488;-0.898,β[0];β[1];γ[0];γ[1],278,1,0.001953125,609.2181999999998,0.0,not_in_gurobi_pool,not_in_gurobi_pool,not_in_gurobi_pool,,11010101011000000,000001010001111000111010101011000000,523.7215999999997,85.49660000000006,6,,0000010100011110001,000001010001111000101000010111000000,true,single,36,1.0e-10,64
2,128,512,25,0.555;0.293;-0.488;-0.898,β[0];β[1];γ[0];γ[1],279,1,0.001953125,610.1700999999999,1.1368683772161603e-13,not_in_gurobi_pool,not_in_gurobi_pool,not_in_gurobi_pool,,00000100000000010,101010110010010101100000100000000010,310.93199999999973,299.2381000000001,7,,1010101100100101011,101010110010010101100001011010000001,true,single,36,1.0e-10,64
2,128,512,25,0.555;0.293;-0.488;-0.898,β[0];β[1];γ[0];γ[1],280,1,0.001953125,610.9710999999998,1.1368683772161603e-13,not_in_gurobi_pool,not_in_gurobi_pool,not_in_gurobi_pool,,00011111010100111,101011110001000001000011111010100111,397.2295999999998,213.7415000000001,5,,1010111100010000010,101011110001000001000011111100000010,true,single,36,1.0e-10,64
2,128,512,25,0.555;0.293;-0.488;-0.898,β[0];β[1];γ[0];γ[1],281,1,0.001953125,610.9999999999999,1.1368683772161603e-13,not_in_gurobi_pool,not_in_gurobi_pool,not_in_gurobi_pool,,00011101010100111,111010110001100001000011101010100111,440.0067999999999,170.9931999999999,8,,1110101100011000010,111010110001100001000001000111010110,true,single,36,1.0e-10,64
2,128,512,25,0.555;0.293;-0.488;-0.898,β[0];β[1];γ[0];γ[1],282,1,0.001953125,612.1940999999998,0.0,not_in_gurobi_pool,not_in_gurobi_pool,not_in_gurobi_pool,,00101001011000111,110000011001000001100101001011000111,227.4593999999999,384.7346999999999,9,,1100000110010000011,110000011001000001101001101101010000,true,single,36,1.0e-10,64
2,128,512,25,0.555;0.293;-0.488;-0.898,β[0];β[1];γ[0];γ[1],283,1,0.001953125,613.4596999999999,0.0,not_in_gurobi_pool,not_in_gurobi_pool,not_in_gurobi_pool,,10010111100000000,000110110001110000110010111100000000,356.96989999999994,256.48979999999995,6,,0001101100011100001,000110110001110000110100101010000001,true,single,36,1.0e-10,64
2,128,512,25,0.555;0.293;-0.488;-0.898,β[0];β[1];γ[0];γ[1],284,1,0.001953125,613.9311999999999,0.0,not_in_gurobi_pool,not_in_gurobi_pool,not_in_gurobi_pool,,01011111110000111,000000110001000001001011111110000111,400.18969999999996,213.74149999999992,7,,0000001100010000010,000000110001000001010111101001000111,true,single,36,1.0e-10,64
2,128,512,25,0.555;0.293;-0.488;-0.898,β[0];β[1];γ[0];γ[1],285,1,0.001953125,613.9710999999999,1.1368683772161603e-13,not_in_gurobi_pool,not_in_gurobi_pool,not_in_gurobi_pool,,00011111010000111,001010110001100001100011111010000111,271.9846999999998,341.98639999999995,6,,0010101100011000011,001010110001100001101010011000001011,true,single,36,1.0e-10,64
2,128,512,25,0.555;0.293;-0.488;-0.898,β[0];β[1];γ[0];γ[1],286,1,0.001953125,614.6580999999998,0.0,not_in_gurobi_pool,not_in_gurobi_pool,not_in_gurobi_pool,,00110001011000000,010010000001000010100110001011000000,187.17509999999982,427.48299999999995,6,,0100100000010000101,010010000001000010100000001111111000,true,single,36,1.0e-10,64
2,128,512,25,0.555;0.293;-0.488;-0.898,β[0];β[1];γ[0];γ[1],287,1,0.001953125,615.1240999999998,0.0,not_in_gurobi_pool,not_in_gurobi_pool,not_in_gurobi_pool,,10100001011000000,110000000101010000110100001011000000,358.63429999999977,256.4898,6,,1100000001010100001,110000000101010000111000011111010001,true,single,36,1.0e-10,64
2,128,512,25,0.555;0.293;-0.488;-0.898,β[0];β[1];γ[0];γ[1],288,1,0.001953125,615.2021999999998,1.1368683772161603e-13,not_in_gurobi_pool,not_in_gurobi_pool,not_in_gurobi_pool,,01010111110000110,000011110001100101001010111110000110,358.7123999999996,256.4898000000001,6,,0000111100011001010,000011110001100101000010011011010100,true,single,36,1.0e-10,64
2,128,512,25,0.555;0.293;-0.488;-0.898,β[0];β[1];γ[0];γ[1],289,1,0.001953125,615.6891999999998,0.0,not_in_gurobi_pool,not_in_gurobi_pool,not_in_gurobi_pool,,01001101011000111,100011000101100001101001101011000111,273.7027999999999,341.9863999999999,8,,1000110001011000011,100011000101100001100000111111010000,true,single,36,1.0e-10,64
2,128,512,25,0.555;0.293;-0.488;-0.898,β[0];β[1];γ[0];γ[1],290,1,0.001953125,615.7911999999999,0.0,not_in_gurobi_pool,not_in_gurobi_pool,not_in_gurobi_pool,,11001111110000000,100010111001100000011001111110000000,273.80479999999994,341.98639999999995,6,,1000101110011000000,100010111001100000011010011100001001,true,single,36,1.0e-10,64
2,128,512,25,0.555;0.293;-0.488;-0.898,β[0];β[1];γ[0];γ[1],291,1,0.001953125,616.0051999999997,0.0,not_in_gurobi_pool,not_in_gurobi_pool,not_in_gurobi_pool,,01100101011000101,000010011001101001101100101011000101,231.27049999999974,384.7347,7,,0000100110011010011,000010011001101001110000000011001001,true,single,36,1.0e-10,64
2,128,512,25,0.555;0.293;-0.488;-0.898,β[0];β[1];γ[0];γ[1],292,1,0.001953125,616.5875999999997,0.0,not_in_gurobi_pool,not_in_gurobi_pool,not_in_gurobi_pool,,00100001010000110,010110011001100101000100001010000110,488.34269999999964,128.2449000000001,5,,0101100110011001010,010110011001100101010100000100000010,true,single,36,1.0e-10,64
2,128,512,25,0.555;0.293;-0.488;-0.898,β[0];β[1];γ[0];γ[1],293,1,0.001953125,616.6170999999998,1.1368683772161603e-13,not_in_gurobi_pool,not_in_gurobi_pool,not_in_gurobi_pool,,00010101110000000,110000110001100010100010101110000000,317.37899999999996,299.2381,5,,1100001100011000101,110000110001100010100000111110001101,true,single,36,1.0e-10,64
2,128,512,25,0.555;0.293;-0.488;-0.898,β[0];β[1];γ[0];γ[1],294,1,0.001953125,617.1241999999999,1.1368683772161603e-13,not_in_gurobi_pool,not_in_gurobi_pool,not_in_gurobi_pool,,01001111110000111,100000101001100001101001111110000111,360.63439999999974,256.48980000000023,4,,1000001010011000011,100000101001100001100001111111010011,true,single,36,1.0e-10,64
2,128,512,25,0.555;0.293;-0.488;-0.898,β[0];β[1];γ[0];γ[1],295,1,0.001953125,617.2831999999996,1.1368683772161603e-13,not_in_gurobi_pool,not_in_gurobi_pool,not_in_gurobi_pool,,01001101000001111,000011110011000001101001101000001111,275.2967999999997,341.98640000000006,8,,0000111100110000011,000011110011000001100010100000010001,true,single,36,1.0e-10,64
2,128,512,25,0.555;0.293;-0.488;-0.898,β[0];β[1];γ[0];γ[1],296,1,0.001953125,619.0411999999997,0.0,not_in_gurobi_pool,not_in_gurobi_pool,not_in_gurobi_pool,,01001000010001111,100001010111000001101001000010001111,319.8030999999998,299.23809999999986,5,,1000010101110000011,100001010111000001101010010010011110,true,single,36,1.0e-10,64
2,128,512,25,0.555;0.293;-0.488;-0.898,β[0];β[1];γ[0];γ[1],297,1,0.001953125,620.8631999999998,1.1368683772161603e-13,not_in_gurobi_pool,not_in_gurobi_pool,not_in_gurobi_pool,,01000111110000011,000010111001110001001000111110000011,236.12849999999992,384.7347,9,,0000101110011100010,000010111001110001010110010100000110,true,single,36,1.0e-10,64
2,128,512,25,0.555;0.293;-0.488;-0.898,β[0];β[1];γ[0];γ[1],298,1,0.001953125,621.9220999999998,0.0,not_in_gurobi_pool,not_in_gurobi_pool,not_in_gurobi_pool,,00001100011100111,101011011101000001100001100011100111,237.18739999999968,384.7347000000001,9,,1010110111010000011,101011011101000001100110010011001001,true,single,36,1.0e-10,64
2,128,512,25,0.555;0.293;-0.488;-0.898,β[0];β[1];γ[0];γ[1],299,1,0.001953125,622.7811999999998,0.0,not_in_gurobi_pool,not_in_gurobi_pool,not_in_gurobi_pool,,01000111110000000,100000101001000010001000111110000000,366.29139999999984,256.48979999999995,8,,1000001010010000100,100000101001000010000110111001000101,true,single,36,1.0e-10,64
2,128,512,25,0.555;0.293;-0.488;-0.898,β[0];β[1];γ[0];γ[1],300,1,0.001953125,626.4276999999996,0.0,not_in_gurobi_pool,not_in_gurobi_pool,not_in_gurobi_pool,,00000111100000000,100101110101000010000000111100000000,412.68619999999976,213.74149999999986,5,,1001011101010000100,100101110101000010000000011100001111,true,single,36,1.0e-10,64
2,128,512,25,0.555;0.293;-0.488;-0.898,β[0];β[1];γ[0];γ[1],301,1,0.001953125,626.4565999999999,1.1368683772161603e-13,not_in_gurobi_pool,not_in_gurobi_pool,not_in_gurobi_pool,,00000101100000000,110110110101000010100000101100000000,198.97360000000003,427.4829999999997,6,,1101101101010000101,110110110101000010101000100110001011,true,single,36,1.0e-10,64
2,128,512,25,0.555;0.293;-0.488;-0.898,β[0];β[1];γ[0];γ[1],302,1,0.001953125,627.6200999999999,1.1368683772161603e-13,not_in_gurobi_pool,not_in_gurobi_pool,not_in_gurobi_pool,,00000111010000011,101010111101110001100000111010000011,200.13710000000003,427.4829999999997,8,,1010101111011100011,101010111101110001101100101000011000,true,single,36,1.0e-10,64
2,128,512,25,0.555;0.293;-0.488;-0.898,β[0];β[1];γ[0];γ[1],303,1,0.001953125,648.7493999999998,0.0,not_in_gurobi_pool,not_in_gurobi_pool,not_in_gurobi_pool,,00111001011000111,110010000001000001100111001011000111,221.26639999999986,427.48299999999995,10,,1100100000010000011,110010000001000001101000010010000000,true,single,36,1.0e-10,64
2,128,512,25,0.555;0.293;-0.488;-0.898,β[0];β[1];γ[0];γ[1],304,1,0.001953125,648.8729999999998,0.0,not_in_gurobi_pool,not_in_gurobi_pool,not_in_gurobi_pool,,00101101010000111,100110011000100001100101101010000111,349.6348999999999,299.2380999999999,7,,1001100110001000011,100110011000100001110101110100100110,true,single,36,1.0e-10,64
2,128,512,25,0.555;0.293;-0.488;-0.898,β[0];β[1];γ[0];γ[1],305,1,0.001953125,648.8828999999996,2.2737367544323206e-13,not_in_gurobi_pool,not_in_gurobi_pool,not_in_gurobi_pool,,00011100010100111,101111010001100001100011100010100111,306.89649999999966,341.9864000000002,8,,1011110100011000011,101111010001100001101000110000010011,true,single,36,1.0e-10,64
2,128,512,25,0.555;0.293;-0.488;-0.898,β[0];β[1];γ[0];γ[1],306,1,0.001953125,649.1834999999998,1.1368683772161603e-13,not_in_gurobi_pool,not_in_gurobi_pool,not_in_gurobi_pool,,11011111110000000,000011110000100000011011111110000000,349.94539999999984,299.23810000000003,7,,0000111100001000000,000011110000100000010000101000000010,true,single,36,1.0e-10,64
2,128,512,25,0.555;0.293;-0.488;-0.898,β[0];β[1];γ[0];γ[1],307,1,0.001953125,649.5199999999998,0.0,not_in_gurobi_pool,not_in_gurobi_pool,not_in_gurobi_pool,,10010101010000000,100111000001110100110010101010000000,478.52679999999975,170.9932,6,,1001110000011101001,100111000001110100111010011000010010,true,single,36,1.0e-10,64
2,128,512,25,0.555;0.293;-0.488;-0.898,β[0];β[1];γ[0];γ[1],308,1,0.001953125,650.5852999999997,1.1368683772161603e-13,not_in_gurobi_pool,not_in_gurobi_pool,not_in_gurobi_pool,,00011101010100111,011010110000100001100011101010100111,479.59209999999985,170.9932,10,,0110101100001000011,011010110000100001100111010101110100,true,single,36,1.0e-10,64
2,128,512,25,0.555;0.293;-0.488;-0.898,β[0];β[1];γ[0];γ[1],309,1,0.001953125,652.1412999999997,1.1368683772161603e-13,not_in_gurobi_pool,not_in_gurobi_pool,not_in_gurobi_pool,,00101000010100111,111010010011100001000101000010100111,481.1480999999997,170.99320000000006,4,,1110100100111000010,111010010011100001000001000010000010,true,single,36,1.0e-10,64
2,128,512,25,0.555;0.293;-0.488;-0.898,β[0];β[1];γ[0];γ[1],310,1,0.001953125,652.5264999999999,0.0,not_in_gurobi_pool,not_in_gurobi_pool,not_in_gurobi_pool,,01010111110000010,000010110000110101101010111110000010,353.28839999999974,299.2381000000002,5,,0000101100001101011,000010110000110101111010010010000000,true,single,36,1.0e-10,64
2,128,512,25,0.555;0.293;-0.488;-0.898,β[0];β[1];γ[0];γ[1],311,1,0.001953125,653.8019999999998,1.1368683772161603e-13,not_in_gurobi_pool,not_in_gurobi_pool,not_in_gurobi_pool,,00011111100000111,100111110001100001100011111100000111,311.8155999999998,341.9863999999999,8,,1001111100011000011,100111110001100001110000011101011101,true,single,36,1.0e-10,64
2,128,512,25,0.555;0.293;-0.488;-0.898,β[0];β[1];γ[0];γ[1],312,1,0.001953125,654.4184999999998,0.0,not_in_gurobi_pool,not_in_gurobi_pool,not_in_gurobi_pool,,01010111110000011,100000110001010001001010111110000011,440.67699999999974,213.74150000000003,5,,1000001100010100010,100000110001010001011010101000000010,true,single,36,1.0e-10,64
2,128,512,25,0.555;0.293;-0.488;-0.898,β[0];β[1];γ[0];γ[1],313,1,0.001953125,654.9504999999998,1.1368683772161603e-13,not_in_gurobi_pool,not_in_gurobi_pool,not_in_gurobi_pool,,01010111110000110,100011110001100101101010111110000110,312.96409999999963,341.98640000000006,8,,1000111100011001011,100011110001100101100100101001010110,true,single,36,1.0e-10,64
2,128,512,25,0.555;0.293;-0.488;-0.898,β[0];β[1];γ[0];γ[1],314,1,0.001953125,656.7194,0.0,not_in_gurobi_pool,not_in_gurobi_pool,not_in_gurobi_pool,,00011111010000111,001010110001100001100011111010000111,271.9846999999998,384.73470000000015,11,,0010101100011000011,001010110001100001110100110001100000,true,single,36,1.0e-10,64
2,128,512,25,0.555;0.293;-0.488;-0.898,β[0];β[1];γ[0];γ[1],315,1,0.001953125,658.4374999999998,0.0,not_in_gurobi_pool,not_in_gurobi_pool,not_in_gurobi_pool,,01001101011000111,100011010101100001001001101011000111,273.70279999999974,384.73470000000003,11,,1000110101011000010,100011010101100001001110011101010000,true,single,36,1.0e-10,64
2,128,512,25,0.555;0.293;-0.488;-0.898,β[0];β[1];γ[0];γ[1],316,1,0.001953125,659.3653999999997,1.1368683772161603e-13,not_in_gurobi_pool,not_in_gurobi_pool,not_in_gurobi_pool,,00010101110100000,110011100001000010000010101110100000,402.87559999999974,256.48980000000006,6,,1100111000010000100,110011100001000010011000111010100010,true,single,36,1.0e-10,64
2,128,512,25,0.555;0.293;-0.488;-0.898,β[0];β[1];γ[0];γ[1],317,1,0.001953125,659.8724999999998,1.1368683772161603e-13,not_in_gurobi_pool,not_in_gurobi_pool,not_in_gurobi_pool,,01001111110000111,100010111001000001101001111110000111,275.1377999999998,384.7346999999999,9,,1000101110010000011,100010111001000001110010111001010101,true,single,36,1.0e-10,64
2,128,512,25,0.555;0.293;-0.488;-0.898,β[0];β[1];γ[0];γ[1],318,1,0.001953125,659.9723999999997,0.0,not_in_gurobi_pool,not_in_gurobi_pool,not_in_gurobi_pool,,10101000010000000,001010001011100000110101000010000000,488.9791999999997,170.99319999999994,6,,0010100010111000001,001010001011100000110100100001101000,true,single,36,1.0e-10,64
2,128,512,25,0.555;0.293;-0.488;-0.898,β[0];β[1];γ[0];γ[1],319,1,0.001953125,660.2334999999998,0.0,not_in_gurobi_pool,not_in_gurobi_pool,not_in_gurobi_pool,,01001111110000111,000010110100000001101001111110000111,232.75049999999976,427.48300000000006,10,,0000101101000000011,000010110100000001101110000101000001,true,single,36,1.0e-10,64
2,128,512,25,0.555;0.293;-0.488;-0.898,β[0];β[1];γ[0];γ[1],320,1,0.001953125,660.4564999999997,0.0,not_in_gurobi_pool,not_in_gurobi_pool,not_in_gurobi_pool,,11001000010001000,100011010111000000011001000010001000,318.47009999999966,341.9864,8,,1000110101110000000,100011010111000000001000100111101110,true,single,36,1.0e-10,64
2,128,512,25,0.555;0.293;-0.488;-0.898,β[0];β[1];γ[0];γ[1],321,1,0.001953125,662.9014,1.1368683772161603e-13,not_in_gurobi_pool,not_in_gurobi_pool,not_in_gurobi_pool,,00001101110000111,010010101001100001100001101110000111,278.1666999999998,384.73470000000003,11,,0100101010011000011,010010101001100001111000000101100000,true,single,36,1.0e-10,64
2,128,512,25,0.555;0.293;-0.488;-0.898,β[0];β[1];γ[0];γ[1],322,1,0.001953125,662.9949999999999,1.1368683772161603e-13,not_in_gurobi_pool,not_in_gurobi_pool,not_in_gurobi_pool,,00001111100000111,000110111001000001100001111100000111,235.51199999999983,427.48299999999995,8,,0001101110010000011,000110111001000001100100100110001100,true,single,36,1.0e-10,64
2,128,512,25,0.555;0.293;-0.488;-0.898,β[0];β[1];γ[0];γ[1],323,1,0.001953125,663.4253999999999,3.410605131648481e-13,not_in_gurobi_pool,not_in_gurobi_pool,not_in_gurobi_pool,,00001101110100111,110011110101000001100001101110100111,235.9423999999998,427.4829999999997,6,,1100111101010000011,110011110101000001100101000010111111,true,single,36,1.0e-10,64
2,128,512,25,0.555;0.293;-0.488;-0.898,β[0];β[1];γ[0];γ[1],324,1,0.001953125,663.5223999999997,0.0,not_in_gurobi_pool,not_in_gurobi_pool,not_in_gurobi_pool,,00000100011100001,101011011001011011100000100011100001,492.52919999999966,170.99320000000006,4,,1010110110010110111,101011011001011011100000100101100100,true,single,36,1.0e-10,64
2,128,512,25,0.555;0.293;-0.488;-0.898,β[0];β[1];γ[0];γ[1],325,1,0.001953125,664.7894999999996,1.1368683772161603e-13,not_in_gurobi_pool,not_in_gurobi_pool,not_in_gurobi_pool,,01001000010001111,000011000111000001001001000010001111,536.5445999999997,128.24490000000003,3,,0000110001110000010,000011000111000001001000000110000111,true,single,36,1.0e-10,64
2,128,512,25,0.555;0.293;-0.488;-0.898,β[0];β[1];γ[0];γ[1],326,1,0.001953125,665.6808999999997,0.0,not_in_gurobi_pool,not_in_gurobi_pool,not_in_gurobi_pool,,00000101100000000,110100111001100010100000101100000000,451.93939999999975,213.74149999999997,3,,1101001110011000101,110100111001100010110000101111000000,true,single,36,1.0e-10,64
2,128,512,25,0.555;0.293;-0.488;-0.898,β[0];β[1];γ[0];γ[1],327,1,0.001953125,666.9224999999997,0.0,not_in_gurobi_pool,not_in_gurobi_pool,not_in_gurobi_pool,,01100000010000000,000000011011100010101100000010000000,324.9360999999997,341.98639999999995,6,,0000000110111000101,000000011011100010100000101011100000,true,single,36,1.0e-10,64
2,128,512,25,0.555;0.293;-0.488;-0.898,β[0];β[1];γ[0];γ[1],328,1,0.001953125,667.0944999999997,0.0,not_in_gurobi_pool,not_in_gurobi_pool,not_in_gurobi_pool,,01000101011000000,000011010101000010101000101011000000,68.61829999999986,598.4761999999998,12,,0000110101010000101,000011010101000010100111001110111011,true,single,36,1.0e-10,64
2,128,512,25,0.555;0.293;-0.488;-0.898,β[0];β[1];γ[0];γ[1],329,1,0.001953125,688.6577999999997,0.0,not_in_gurobi_pool,not_in_gurobi_pool,not_in_gurobi_pool,,01001000010001111,100001000010100001101001000010001111,346.6713999999997,341.9864,8,,1000010000101000011,100001000010100001100010000010100000,true,single,36,1.0e-10,64
2,128,512,25,0.555;0.293;-0.488;-0.898,β[0];β[1];γ[0];γ[1],330,1,0.001953125,690.4456999999998,0.0,not_in_gurobi_pool,not_in_gurobi_pool,not_in_gurobi_pool,,00010001011100100,010001000000101101000010001011100100,433.9558999999998,256.48979999999995,6,,0100010000001011010,010001000000101101000100011011101010,true,single,36,1.0e-10,64
2,128,512,25,0.555;0.293;-0.488;-0.898,β[0];β[1];γ[0];γ[1],331,1,0.001953125,691.4687999999998,0.0,not_in_gurobi_pool,not_in_gurobi_pool,not_in_gurobi_pool,,01011101011000111,100001000001100001101011101011000111,263.9857999999998,427.48299999999995,12,,1000010000011000011,100001000001100001100100000111101000,true,single,36,1.0e-10,64
2,128,512,25,0.555;0.293;-0.488;-0.898,β[0];β[1];γ[0];γ[1],332,1,0.001953125,691.5086999999999,0.0,not_in_gurobi_pool,not_in_gurobi_pool,not_in_gurobi_pool,,00111100011000111,101010010001100001100111100011000111,306.774,384.73469999999986,11,,1010100100011000011,101010010001100001101000011010010100,true,single,36,1.0e-10,64
2,128,512,25,0.555;0.293;-0.488;-0.898,β[0];β[1];γ[0];γ[1],333,1,0.001953125,694.4687999999996,0.0,not_in_gurobi_pool,not_in_gurobi_pool,not_in_gurobi_pool,,01111101011000111,000000000001100001101111101011000111,224.23749999999978,470.23129999999986,9,,0000000000011000011,000000000001100001101001010000100110,true,single,36,1.0e-10,64
2,128,512,25,0.555;0.293;-0.488;-0.898,β[0];β[1];γ[0];γ[1],334,1,0.001953125,694.4687999999999,0.0,not_in_gurobi_pool,not_in_gurobi_pool,not_in_gurobi_pool,,01111101011000111,000010010001100001101111101011000111,395.23069999999996,299.2380999999999,9,,0000100100011000011,000010010001100001110011000111000000,true,single,36,1.0e-10,64
2,128,512,25,0.555;0.293;-0.488;-0.898,β[0];β[1];γ[0];γ[1],335,1,0.001953125,694.5276999999998,0.0,not_in_gurobi_pool,not_in_gurobi_pool,not_in_gurobi_pool,,00101001011000111,010010011000000001100101001011000111,267.0446999999999,427.48299999999983,10,,0100100110000000011,010010011000000001100000010100010100,true,single,36,1.0e-10,64
2,128,512,25,0.555;0.293;-0.488;-0.898,β[0];β[1];γ[0];γ[1],336,1,0.001953125,694.5912999999997,0.0,not_in_gurobi_pool,not_in_gurobi_pool,not_in_gurobi_pool,,00111101010000111,000100000001000001100111101010000111,309.8565999999998,384.7346999999999,9,,0001000000010000011,000100000001000001101000000000000100,true,single,36,1.0e-10,64
2,128,512,25,0.555;0.293;-0.488;-0.898,β[0];β[1];γ[0];γ[1],337,1,0.001953125,694.7147999999997,0.0,not_in_gurobi_pool,not_in_gurobi_pool,not_in_gurobi_pool,,11010101011000000,000001010001111000011010101011000000,523.7215999999997,170.9932,4,,0000010100011110000,000001010001111000001000101010100000,true,single,36,1.0e-10,64
2,128,512,25,0.555;0.293;-0.488;-0.898,β[0];β[1];γ[0];γ[1],338,1,0.001953125,694.7147999999997,0.0,not_in_gurobi_pool,not_in_gurobi_pool,not_in_gurobi_pool,,11110101011000000,000000010001111000011110101011000000,609.2181999999998,85.49659999999994,2,,0000000100011110000,000000010001111000011000101011000000,true,single,36,1.0e-10,64
2,128,512,25,0.555;0.293;-0.488;-0.898,β[0];β[1];γ[0];γ[1],339,1,0.001953125,698.0947999999997,0.0,not_in_gurobi_pool,not_in_gurobi_pool,not_in_gurobi_pool,,11011111110000000,000010110001000000111011111110000000,313.3600999999998,384.7346999999999,7,,0000101100010000001,000010110001000000100010100110100010,true,single,36,1.0e-10,64
2,128,512,25,0.555;0.293;-0.488;-0.898,β[0];β[1];γ[0];γ[1],340,1,0.001953125,698.1247999999998,0.0,not_in_gurobi_pool,not_in_gurobi_pool,not_in_gurobi_pool,,11001111110000000,000010111000100000111001111110000000,313.39009999999996,384.73469999999986,7,,0000101110001000001,000010111000100000100000111100010011,true,single,36,1.0e-10,64
2,128,512,25,0.555;0.293;-0.488;-0.898,β[0];β[1];γ[0];γ[1],341,1,0.001953125,699.4277999999999,0.0,not_in_gurobi_pool,not_in_gurobi_pool,not_in_gurobi_pool,,01011111110000111,000000110001100001101011111110000111,314.69309999999984,384.7347000000001,7,,0000001100011000011,000000110001100001101000111011100100,true,single,36,1.0e-10,64
2,128,512,25,0.555;0.293;-0.488;-0.898,β[0];β[1];γ[0];γ[1],342,1,0.001953125,700.1945999999997,0.0,not_in_gurobi_pool,not_in_gurobi_pool,not_in_gurobi_pool,,00110000011100000,011010000001000010100110000011100000,400.9564999999997,299.2381,5,,0110100000010000101,011010000001000010111110000110000000,true,single,36,1.0e-10,64
2,128,512,25,0.555;0.293;-0.488;-0.898,β[0];β[1];γ[0];γ[1],343,1,0.001953125,701.2446999999996,0.0,not_in_gurobi_pool,not_in_gurobi_pool,not_in_gurobi_pool,,00101001011000111,110010011100000001100101001011000111,444.7548999999998,256.48979999999983,8,,1100100111000000011,110010011100000001110000000101100011,true,single,36,1.0e-10,64
2,128,512,25,0.555;0.293;-0.488;-0.898,β[0];β[1];γ[0];γ[1],344,1,0.001953125,703.4386999999998,0.0,not_in_gurobi_pool,not_in_gurobi_pool,not_in_gurobi_pool,,10000111010000000,101010111001101100110000111010000000,446.9488999999999,256.4897999999999,4,,1010101110011011001,101010111001101100110010001010010000,true,single,36,1.0e-10,64
2,128,512,25,0.555;0.293;-0.488;-0.898,β[0];β[1];γ[0];γ[1],345,1,0.001953125,706.8826999999999,0.0,not_in_gurobi_pool,not_in_gurobi_pool,not_in_gurobi_pool,,00100100011000000,101010010101100010000100100011000000,322.1479999999999,384.7347,9,,1010100101011000100,101010010101100010010001001011010111,true,single,36,1.0e-10,64
2,128,512,25,0.555;0.293;-0.488;-0.898,β[0];β[1];γ[0];γ[1],346,1,0.001953125,709.0016999999996,1.1368683772161603e-13,not_in_gurobi_pool,not_in_gurobi_pool,not_in_gurobi_pool,,00001001000101111,010011111011000001100001001000101111,409.76359999999966,299.23810000000003,5,,0100111110110000011,010011111011000001100010000000100011,true,single,36,1.0e-10,64
2,128,512,25,0.555;0.293;-0.488;-0.898,β[0];β[1];γ[0];γ[1],347,1,0.001953125,712.5186999999996,2.2737367544323206e-13,not_in_gurobi_pool,not_in_gurobi_pool,not_in_gurobi_pool,,00000001011100100,010011011101101101100000001011100100,327.78399999999965,384.7347000000002,7,,0100110111011011011,010011011101101101100100110010000101,true,single,36,1.0e-10,64
2,128,512,25,0.555;0.293;-0.488;-0.898,β[0];β[1];γ[0];γ[1],348,1,0.001953125,729.8724999999997,0.0,not_in_gurobi_pool,not_in_gurobi_pool,not_in_gurobi_pool,,10011001010100000,010101010000100000110011001010100000,601.6275999999997,128.24490000000003,7,,0101010100001000001,010101010000100000110001001001011001,true,single,36,1.0e-10,64
2,128,512,25,0.555;0.293;-0.488;-0.898,β[0];β[1];γ[0];γ[1],349,1,0.001953125,733.1644999999996,1.1368683772161603e-13,not_in_gurobi_pool,not_in_gurobi_pool,not_in_gurobi_pool,,00011101100000111,110110110000100001100011101100000111,348.4297999999998,384.7347,7,,1101101100001000011,110110110000100001100001000010100101,true,single,36,1.0e-10,64
2,128,512,25,0.555;0.293;-0.488;-0.898,β[0];β[1];γ[0];γ[1],350,1,0.001953125,735.5599999999997,0.0,not_in_gurobi_pool,not_in_gurobi_pool,not_in_gurobi_pool,,10010111010000000,001010110000101000110010111010000000,308.07699999999994,427.4829999999998,8,,0010101100001010001,001010110000101000100101110010001101,true,single,36,1.0e-10,64
2,128,512,25,0.555;0.293;-0.488;-0.898,β[0];β[1];γ[0];γ[1],351,1,0.001953125,735.8840999999996,0.0,not_in_gurobi_pool,not_in_gurobi_pool,not_in_gurobi_pool,,11111101011000000,000010010001000000011111101011000000,393.89769999999976,341.9863999999999,8,,0000100100010000000,000010010001000000000110100100000010,true,single,36,1.0e-10,64
2,128,512,25,0.555;0.293;-0.488;-0.898,β[0];β[1];γ[0];γ[1],352,1,0.001953125,737.2170999999997,0.0,not_in_gurobi_pool,not_in_gurobi_pool,not_in_gurobi_pool,,01111101011000111,000010010001000001101111101011000111,395.23069999999984,341.9863999999999,6,,0000100100010000011,000010010001000001111110101111001001,true,single,36,1.0e-10,64
2,128,512,25,0.555;0.293;-0.488;-0.898,β[0];β[1];γ[0];γ[1],353,1,0.001953125,737.4630999999997,0.0,not_in_gurobi_pool,not_in_gurobi_pool,not_in_gurobi_pool,,11010101011000000,000011010001111000011010101011000000,523.7215999999997,213.74149999999997,7,,0000110100011110000,000011010001111000000110000101000000,true,single,36,1.0e-10,64
2,128,512,25,0.555;0.293;-0.488;-0.898,β[0];β[1];γ[0];γ[1],354,1,0.001953125,737.5690999999997,1.1368683772161603e-13,not_in_gurobi_pool,not_in_gurobi_pool,not_in_gurobi_pool,,01001000010001111,100011000011100001101001000010001111,267.3377999999998,470.2312999999998,9,,1000110000111000011,100011000011100001110010110010001000,true,single,36,1.0e-10,64
2,128,512,25,0.555;0.293;-0.488;-0.898,β[0];β[1];γ[0];γ[1],355,1,0.001953125,738.8260999999995,1.1368683772161603e-13,not_in_gurobi_pool,not_in_gurobi_pool,not_in_gurobi_pool,,01100101011000001,000010011000111001101100101011000001,439.5879999999998,299.23809999999986,5,,0000100110001110011,000010011000111001100110101000000011,true,single,36,1.0e-10,64
2,128,512,25,0.555;0.293;-0.488;-0.898,β[0];β[1];γ[0];γ[1],356,1,0.001953125,739.2159999999998,0.0,not_in_gurobi_pool,not_in_gurobi_pool,not_in_gurobi_pool,,00011111010000111,101010100001100001100011111010000111,226.23639999999983,512.9795999999999,10,,1010101000011000011,101010100001100001100111000001101100,true,single,36,1.0e-10,64
2,128,512,25,0.555;0.293;-0.488;-0.898,β[0];β[1];γ[0];γ[1],357,1,0.001953125,739.2683999999997,0.0,not_in_gurobi_pool,not_in_gurobi_pool,not_in_gurobi_pool,,10001000010110000,111111011001000000110001000010110000,611.0234999999996,128.24490000000014,3,,1111110110010000001,111111011001000000110000000110010000,true,single,36,1.0e-10,64
2,128,512,25,0.555;0.293;-0.488;-0.898,β[0];β[1];γ[0];γ[1],358,1,0.001953125,740.6013999999996,0.0,not_in_gurobi_pool,not_in_gurobi_pool,not_in_gurobi_pool,,00001000010110111,111111011001000001100001000010110111,612.3564999999995,128.24490000000003,3,,1111110110010000011,111111011001000001100010000010100111,true,single,36,1.0e-10,64
2,128,512,25,0.555;0.293;-0.488;-0.898,β[0];β[1];γ[0];γ[1],359,1,0.001953125,740.9655999999998,0.0,not_in_gurobi_pool,not_in_gurobi_pool,not_in_gurobi_pool,,10011111100000000,000110110001100000010011111100000000,313.48259999999993,427.48299999999983,8,,0001101100011000000,000110110001100000000000110010000110,true,single,36,1.0e-10,64
2,128,512,25,0.555;0.293;-0.488;-0.898,β[0];β[1];γ[0];γ[1],360,1,0.001953125,741.3085999999997,1.1368683772161603e-13,not_in_gurobi_pool,not_in_gurobi_pool,not_in_gurobi_pool,,00010111100000010,100110110001110101100010111100000010,313.82559999999967,427.4830000000002,8,,1001101100011101011,100110110001110101110100010000000001,true,single,36,1.0e-10,64
2,128,512,25,0.555;0.293;-0.488;-0.898,β[0];β[1];γ[0];γ[1],361,1,0.001953125,742.1760999999999,0.0,not_in_gurobi_pool,not_in_gurobi_pool,not_in_gurobi_pool,,01011111110000111,000011110001100001101011111110000111,357.44139999999976,384.73470000000015,7,,0000111100011000011,000011110001100001111110011110100100,true,single,36,1.0e-10,64
2,128,512,25,0.555;0.293;-0.488;-0.898,β[0];β[1];γ[0];γ[1],362,1,0.001953125,748.2049999999998,1.1368683772161603e-13,not_in_gurobi_pool,not_in_gurobi_pool,not_in_gurobi_pool,,00010101110000010,110010110001110111100010101110000010,534.4634999999998,213.7415000000001,5,,1100101100011101111,110010110001110111111010010110000010,true,single,36,1.0e-10,64
2,128,512,25,0.555;0.293;-0.488;-0.898,β[0];β[1];γ[0];γ[1],363,1,0.001953125,748.2538999999997,0.0,not_in_gurobi_pool,not_in_gurobi_pool,not_in_gurobi_pool,,00000000000100000,111010110011100010100000000000100000,235.27429999999987,512.9795999999999,10,,1110101100111000101,111010110011100010111000001101011101,true,single,36,1.0e-10,64
2,128,512,25,0.555;0.293;-0.488;-0.898,β[0];β[1];γ[0];γ[1],364,1,0.001953125,749.6700999999996,1.1368683772161603e-13,not_in_gurobi_pool,not_in_gurobi_pool,not_in_gurobi_pool,,01000000010001100,000011010011101111001000000010001100,621.4251999999997,128.24490000000003,3,,0000110100111011110,000011010011101111000100000010001000,true,single,36,1.0e-10,64
2,128,512,25,0.555;0.293;-0.488;-0.898,β[0];β[1];γ[0];γ[1],365,1,0.001953125,751.3364999999997,0.0,not_in_gurobi_pool,not_in_gurobi_pool,not_in_gurobi_pool,,00000001000000000,010110110011000010100000001000000000,323.8534999999997,427.48299999999995,8,,0101101100110000101,010110110011000010101111000101000100,true,single,36,1.0e-10,64
2,128,512,25,0.555;0.293;-0.488;-0.898,β[0];β[1];γ[0];γ[1],366,1,0.001953125,752.2960999999997,1.1368683772161603e-13,not_in_gurobi_pool,not_in_gurobi_pool,not_in_gurobi_pool,,01000000010001010,000011010111110101001000000010001010,410.30969999999957,341.9864,6,,0000110101111101010,000011010111110101000110000100101010,true,single,36,1.0e-10,64
2,128,512,25,0.555;0.293;-0.488;-0.898,β[0];β[1];γ[0];γ[1],367,1,0.001953125,754.3405999999995,1.1368683772161603e-13,not_in_gurobi_pool,not_in_gurobi_pool,not_in_gurobi_pool,,00000000000001011,100111011111110001100000000000001011,540.5990999999997,213.74149999999997,5,,1001110111111100011,100111011111110001110000010000101110,true,single,36,1.0e-10,64
2,128,512,25,0.555;0.293;-0.488;-0.898,β[0];β[1];γ[0];γ[1],368,1,0.001953125,756.7530999999998,0.0,not_in_gurobi_pool,not_in_gurobi_pool,not_in_gurobi_pool,,11001111110000000,000000111101100000111001111110000000,372.01839999999993,384.73469999999986,7,,0000001111011000001,000000111101100000111101000001000000,true,single,36,1.0e-10,64
2,128,512,25,0.555;0.293;-0.488;-0.898,β[0];β[1];γ[0];γ[1],369,1,0.001953125,776.9653999999998,0.0,not_in_gurobi_pool,not_in_gurobi_pool,not_in_gurobi_pool,,01111101011000111,100010010001000001101111101011000111,434.9789999999998,341.9864,10,,1000100100010000011,100010010001000001110000011110000110,true,single,36,1.0e-10,64
2,128,512,25,0.555;0.293;-0.488;-0.898,β[0];β[1];γ[0];γ[1],370,1,0.001953125,777.0878999999996,0.0,not_in_gurobi_pool,not_in_gurobi_pool,not_in_gurobi_pool,,00111101010000111,100110000001100001100111101010000111,264.1082999999999,512.9795999999998,10,,1001100000011000011,100110000001100001100001010000101100,true,single,36,1.0e-10,64
2,128,512,25,0.555;0.293;-0.488;-0.898,β[0];β[1];γ[0];γ[1],371,1,0.001953125,777.0878999999998,0.0,not_in_gurobi_pool,not_in_gurobi_pool,not_in_gurobi_pool,,00111101010000111,100110010001000001100111101010000111,349.6048999999998,427.48299999999995,8,,1001100100010000011,100110010001000001100001110000010100,true,single,36,1.0e-10,64
2,128,512,25,0.555;0.293;-0.488;-0.898,β[0];β[1];γ[0];γ[1],372,1,0.001953125,778.7548999999997,0.0,not_in_gurobi_pool,not_in_gurobi_pool,not_in_gurobi_pool,,10011101010000000,000101010001100000110011101010000000,308.52359999999976,470.2312999999999,9,,0001010100011000001,000101010001100000100000101100111010,true,single,36,1.0e-10,64
2,128,512,25,0.555;0.293;-0.488;-0.898,β[0];β[1];γ[0];γ[1],373,1,0.001953125,779.9378999999997,0.0,not_in_gurobi_pool,not_in_gurobi_pool,not_in_gurobi_pool,,00110101010000000,100110000001111101100110101010000000,694.4412999999997,85.49659999999994,6,,1001100000011111011,100110000001111101100010011001000100,true,single,36,1.0e-10,64
2,128,512,25,0.555;0.293;-0.488;-0.898,β[0];β[1];γ[0];γ[1],374,1,0.001953125,781.9642999999999,1.1368683772161603e-13,not_in_gurobi_pool,not_in_gurobi_pool,not_in_gurobi_pool,,00011111010100111,101011110001100001100011111010100111,311.73299999999983,470.2312999999999,9,,1010111100011000011,101011110001100001111011000011101001,true,single,36,1.0e-10,64
2,128,512,25,0.555;0.293;-0.488;-0.898,β[0];β[1];γ[0];γ[1],375,1,0.001953125,781.9642999999999,0.0,not_in_gurobi_pool,not_in_gurobi_pool,not_in_gurobi_pool,,00011111010000111,101010110001100001000011111010000111,311.7329999999999,470.2313,9,,1010101100011000010,101010110001100001000100000011000001,true,single,36,1.0e-10,64
2,128,512,25,0.555;0.293;-0.488;-0.898,β[0];β[1];γ[0];γ[1],376,1,0.001953125,784.0953999999996,1.1368683772161603e-13,not_in_gurobi_pool,not_in_gurobi_pool,not_in_gurobi_pool,,11000000010001000,000011010011101100111000000010001000,442.10899999999964,341.98640000000006,8,,0000110100111011001,000011010011101100101000011001000110,true,single,36,1.0e-10,64
2,128,512,25,0.555;0.293;-0.488;-0.898,β[0];β[1];γ[0];γ[1],377,1,0.001953125,786.8736999999996,0.0,not_in_gurobi_pool,not_in_gurobi_pool,not_in_gurobi_pool,,00001000010110111,111111010101100001100001000010110111,615.8804999999995,170.99320000000012,4,,1111110101011000011,111111010101100001100001000000010001,true,single,36,1.0e-10,64
2,128,512,25,0.555;0.293;-0.488;-0.898,β[0];β[1];γ[0];γ[1],378,1,0.001953125,786.9762999999998,1.1368683772161603e-13,not_in_gurobi_pool,not_in_gurobi_pool,not_in_gurobi_pool,,10000100011100000,001011011001101100010000100011100000,444.9898999999998,341.9863999999999,8,,0010110110011011000,001011011001101100010110010000101100,true,single,36,1.0e-10,64
2,128,512,25,0.555;0.293;-0.488;-0.898,β[0];β[1];γ[0];γ[1],379,1,0.001953125,787.0671999999996,0.0,not_in_gurobi_pool,not_in_gurobi_pool,not_in_gurobi_pool,,00000000011110101,011001011001101001100000000011110101,445.0807999999996,341.9864,6,,0110010110011010011,011001011001101001100110000010000100,true,single,36,1.0e-10,64
2,128,512,25,0.555;0.293;-0.488;-0.898,β[0];β[1];γ[0];γ[1],380,1,0.001953125,789.6548999999999,1.1368683772161603e-13,not_in_gurobi_pool,not_in_gurobi_pool,not_in_gurobi_pool,,00000101010000000,100111010101111101100000101010000000,533.1650999999997,256.48980000000006,4,,1001110101011111011,100111010101111101100000111010110010,true,single,36,1.0e-10,64
2,128,512,25,0.555;0.293;-0.488;-0.898,β[0];β[1];γ[0];γ[1],381,1,0.001953125,792.4813999999997,1.1368683772161603e-13,not_in_gurobi_pool,not_in_gurobi_pool,not_in_gurobi_pool,,01000111110000101,100010110101101001101000111110000101,194.00519999999995,598.4761999999998,10,,1000101101011010011,100010110101101001110110001010001000,true,single,36,1.0e-10,64
2,128,512,25,0.555;0.293;-0.488;-0.898,β[0];β[1];γ[0];γ[1],382,1,0.001953125,797.1263999999996,0.0,not_in_gurobi_pool,not_in_gurobi_pool,not_in_gurobi_pool,,01000101000001000,100011111011000010101000101000001000,369.6433999999997,427.48299999999995,8,,1000111110110000101,100011111011000010111000111101110001,true,single,36,1.0e-10,64
2,128,512,25,0.555;0.293;-0.488;-0.898,β[0];β[1];γ[0];γ[1],384,1,0.001953125,799.2273999999995,0.0,not_in_gurobi_pool,not_in_gurobi_pool,not_in_gurobi_pool,,01001000010001111,000011011111100001101001000010001111,670.9824999999996,128.24489999999992,3,,0000110111111000011,000011011111100001111001010010101111,true,single,36,1.0e-10,64
2,128,512,25,0.555;0.293;-0.488;-0.898,β[0];β[1];γ[0];γ[1],383,1,0.001953125,799.2273999999996,1.1368683772161603e-13,not_in_gurobi_pool,not_in_gurobi_pool,not_in_gurobi_pool,,01001000010001111,000011011111000001101001000010001111,670.9824999999996,128.24489999999992,3,,0000110111110000011,000011011111000001101001000010010101,true,single,36,1.0e-10,64
2,128,512,25,0.555;0.293;-0.488;-0.898,β[0];β[1];γ[0];γ[1],385,1,0.001953125,803.6503999999996,0.0,not_in_gurobi_pool,not_in_gurobi_pool,not_in_gurobi_pool,,01000101000001000,000011100111000010101000101000001000,589.9088999999997,213.74149999999997,5,,0000111001110000101,000011100111000010101100000100000000,true,single,36,1.0e-10,64
2,128,512,25,0.555;0.293;-0.488;-0.898,β[0];β[1];γ[0];γ[1],386,1,0.001953125,818.3806999999997,0.0,not_in_gurobi_pool,not_in_gurobi_pool,not_in_gurobi_pool,,11111101011000000,100000010001000000011111101011000000,348.14939999999973,470.2313,11,,1000000100010000000,100000010001000000010100010110011100,true,single,36,1.0e-10,64
2,128,512,25,0.555;0.293;-0.488;-0.898,β[0];β[1];γ[0];γ[1],387,1,0.001953125,818.7556999999997,1.1368683772161603e-13,not_in_gurobi_pool,not_in_gurobi_pool,not_in_gurobi_pool,,11010111110000000,100000100000111000111010111110000000,647.7624999999998,170.9932,6,,1000001000001110001,100000100000111000101000101101000001,true,single,36,1.0e-10,64
2,128,512,25,0.555;0.293;-0.488;-0.898,β[0];β[1];γ[0];γ[1],388,1,0.001953125,825.4931999999997,0.0,not_in_gurobi_pool,not_in_gurobi_pool,not_in_gurobi_pool,,00110101010000000,100110010001100010100110101010000000,355.26189999999986,470.2312999999998,9,,1001100100011000101,100110010001100010100000100101110001,true,single,36,1.0e-10,64
2,128,512,25,0.555;0.293;-0.488;-0.898,β[0];β[1];γ[0];γ[1],389,1,0.001953125,826.0979999999997,0.0,not_in_gurobi_pool,not_in_gurobi_pool,not_in_gurobi_pool,,00001000010110111,111111011001100001100001000010110111,612.3564999999995,213.7415000000002,7,,1111110110011000011,111111011001100001100111010001100110,true,single,36,1.0e-10,64
2,128,512,25,0.555;0.293;-0.488;-0.898,β[0];β[1];γ[0];γ[1],390,1,0.001953125,826.6235999999998,1.1368683772161603e-13,not_in_gurobi_pool,not_in_gurobi_pool,not_in_gurobi_pool,,10000100011100000,101011011001110100110000100011100000,399.1405999999998,427.4829999999999,12,,1010110110011101001,101011011001110100101100010110011110,true,single,36,1.0e-10,64
2,128,512,25,0.555;0.293;-0.488;-0.898,β[0];β[1];γ[0];γ[1],391,1,0.001953125,829.4306999999999,0.0,not_in_gurobi_pool,not_in_gurobi_pool,not_in_gurobi_pool,,01101101011000111,100010010101000001101101101011000111,359.19939999999997,470.2312999999999,11,,1000100101010000011,100010010101000001100100010101101010,true,single,36,1.0e-10,64
2,128,512,25,0.555;0.293;-0.488;-0.898,β[0];β[1];γ[0];γ[1],392,1,0.001953125,830.2716999999996,0.0,not_in_gurobi_pool,not_in_gurobi_pool,not_in_gurobi_pool,,11000111110000000,100011111001110000111000111110000000,360.0403999999998,470.23129999999975,7,,1000111110011100001,100011111001110000110100000110101000,true,single,36,1.0e-10,64
2,128,512,25,0.555;0.293;-0.488;-0.898,β[0];β[1];γ[0];γ[1],393,1,0.001953125,832.4306999999997,0.0,not_in_gurobi_pool,not_in_gurobi_pool,not_in_gurobi_pool,,01101101011000111,000010010101000001101101101011000111,319.4510999999999,512.9795999999998,6,,0000100101010000011,000010010101000001100011101001110111,true,single,36,1.0e-10,64
2,128,512,25,0.555;0.293;-0.488;-0.898,β[0];β[1];γ[0];γ[1],394,1,0.001953125,833.2086999999997,0.0,not_in_gurobi_pool,not_in_gurobi_pool,not_in_gurobi_pool,,11100101011000000,000010000101101100111100101011000000,619.4671999999998,213.74149999999986,5,,0000100001011011001,000010000101101100100100011011000001,true,single,36,1.0e-10,64
2,128,512,25,0.555;0.293;-0.488;-0.898,β[0];β[1];γ[0];γ[1],395,1,0.001953125,835.2806999999998,1.1368683772161603e-13,not_in_gurobi_pool,not_in_gurobi_pool,not_in_gurobi_pool,,01100101011000000,000010000101111101101100101011000000,749.7840999999996,85.49660000000006,4,,0000100001011111011,000010000101111101111100011011000010,true,single,36,1.0e-10,64
2,128,512,25,0.555;0.293;-0.488;-0.898,β[0];β[1];γ[0];γ[1],396,1,0.001953125,857.2292999999996,0.0,not_in_gurobi_pool,not_in_gurobi_pool,not_in_gurobi_pool,,00010000010110011,111111010000110001100010000010110011,600.7394999999996,256.48980000000006,6,,1111110100001100011,111111010000110001100000010110100110,true,single,36,1.0e-10,64
2,128,512,25,0.555;0.293;-0.488;-0.898,β[0];β[1];γ[0];γ[1],397,1,0.001953125,861.9969999999997,1.1368683772161603e-13,not_in_gurobi_pool,not_in_gurobi_pool,not_in_gurobi_pool,,01010111110000011,100011100000110001101010111110000011,391.76569999999975,470.2313000000001,7,,1000111000001100011,100011100000110001100100101110110001,true,single,36,1.0e-10,64
2,128,512,25,0.555;0.293;-0.488;-0.898,β[0];β[1];γ[0];γ[1],398,1,0.001953125,862.5844999999997,0.0,not_in_gurobi_pool,not_in_gurobi_pool,not_in_gurobi_pool,,00111101010000111,100110010001000001100111101010000111,349.6048999999998,512.9795999999999,8,,1001100100010000011,100110010001000001101100111000101011,true,single,36,1.0e-10,64
2,128,512,25,0.555;0.293;-0.488;-0.898,β[0];β[1];γ[0];γ[1],399,1,0.001953125,864.2913999999996,0.0,not_in_gurobi_pool,not_in_gurobi_pool,not_in_gurobi_pool,,10111100010000000,001100000001100000110111100010000000,565.0532999999997,299.2380999999999,5,,0011000000011000001,001100000001100000111011101000000001,true,single,36,1.0e-10,64
2,128,512,25,0.555;0.293;-0.488;-0.898,β[0];β[1];γ[0];γ[1],400,1,0.001953125,865.3119999999997,0.0,not_in_gurobi_pool,not_in_gurobi_pool,not_in_gurobi_pool,,01010101011000000,100011010001111101101010101011000000,694.3187999999998,170.9931999999999,6,,1000110100011111011,100011010001111101111110010011100000,true,single,36,1.0e-10,64
2,128,512,25,0.555;0.293;-0.488;-0.898,β[0];β[1];γ[0];γ[1],401,1,0.001953125,865.5307999999998,0.0,not_in_gurobi_pool,not_in_gurobi_pool,not_in_gurobi_pool,,00111000011100111,011010000001100001100111000011100111,480.7960999999998,384.7347,7,,0110100000011000011,011010000001100001101100100011000100,true,single,36,1.0e-10,64
2,128,512,25,0.555;0.293;-0.488;-0.898,β[0];β[1];γ[0];γ[1],402,1,0.001953125,868.0349999999996,0.0,not_in_gurobi_pool,not_in_gurobi_pool,not_in_gurobi_pool,,11101000010000000,100010010110000000111101000010000000,526.0485999999997,341.9863999999999,8,,1000100101100000001,100010010110000000110101101001011100,true,single,36,1.0e-10,64
2,128,512,25,0.555;0.293;-0.488;-0.898,β[0];β[1];γ[0];γ[1],403,1,0.001953125,868.3102999999996,0.0,not_in_gurobi_pool,not_in_gurobi_pool,not_in_gurobi_pool,,00110000010100000,111110010001000010100110000010100000,740.0653999999996,128.24490000000003,5,,1111100100010000101,111110010001000010100110100010010011,true,single,36,1.0e-10,64
2,128,512,25,0.555;0.293;-0.488;-0.898,β[0];β[1];γ[0];γ[1],404,1,0.001953125,868.3518999999997,2.2737367544323206e-13,not_in_gurobi_pool,not_in_gurobi_pool,not_in_gurobi_pool,,00010100011100000,001011010001111101100010100011100000,654.6103999999997,213.7415000000002,9,,0010110100011111011,001011010001111101110000010111010101,true,single,36,1.0e-10,64
2,128,512,25,0.555;0.293;-0.488;-0.898,β[0];β[1];γ[0];γ[1],405,1,0.001953125,869.3608999999997,0.0,not_in_gurobi_pool,not_in_gurobi_pool,not_in_gurobi_pool,,10100001011000000,110010011001110100010100001011000000,527.3744999999997,341.9864,6,,1100100110011101000,110010011001110100000000010011101000,true,single,36,1.0e-10,64
2,128,512,25,0.555;0.293;-0.488;-0.898,β[0];β[1];γ[0];γ[1],406,1,0.001953125,872.2477999999996,0.0,not_in_gurobi_pool,not_in_gurobi_pool,not_in_gurobi_pool,,00001000011110111,111001010101100001000001000011110111,487.51309999999967,384.7347,7,,1110010101011000010,111001010101100001000010010011000001,true,single,36,1.0e-10,64
2,128,512,25,0.555;0.293;-0.488;-0.898,β[0];β[1];γ[0];γ[1],407,1,0.001953125,872.3702999999996,1.1368683772161603e-13,not_in_gurobi_pool,not_in_gurobi_pool,not_in_gurobi_pool,,00001000010110111,111111010101000001100001000010110111,615.8804999999995,256.48979999999995,6,,1111110101010000011,111111010101000001110000100010111010,true,single,36,1.0e-10,64
2,128,512,25,0.555;0.293;-0.488;-0.898,β[0];β[1];γ[0];γ[1],408,1,0.001953125,874.5144999999999,0.0,not_in_gurobi_pool,not_in_gurobi_pool,not_in_gurobi_pool,,10000111100000000,100111111001101100110000111100000000,532.5281,341.9863999999999,6,,1001111110011011001,100111111001101100100000100000011000,true,single,36,1.0e-10,64
2,128,512,25,0.555;0.293;-0.488;-0.898,β[0];β[1];γ[0];γ[1],409,1,0.001953125,880.8149999999996,0.0,not_in_gurobi_pool,not_in_gurobi_pool,not_in_gurobi_pool,,11000111110000000,000000110101110100111000111110000000,538.8285999999998,341.9863999999998,8,,0000001101011101001,000000110101110100100000011001000011,true,single,36,1.0e-10,64
2,128,512,25,0.555;0.293;-0.488;-0.898,β[0];β[1];γ[0];γ[1],410,1,0.001953125,880.9047999999996,0.0,not_in_gurobi_pool,not_in_gurobi_pool,not_in_gurobi_pool,,00000000011110000,011011010101100010100000000011110000,367.9251999999997,512.9795999999999,8,,0110110101011000101,011011010101100010100010111000010100,true,single,36,1.0e-10,64
2,128,512,25,0.555;0.293;-0.488;-0.898,β[0];β[1];γ[0];γ[1],411,1,0.001953125,881.3719999999997,0.0,not_in_gurobi_pool,not_in_gurobi_pool,not_in_gurobi_pool,,01101101011000111,000010011101000001001101101011000111,539.3856,341.9863999999998,8,,0000100111010000010,000010011101000001010100010011100110,true,single,36,1.0e-10,64
2,128,512,25,0.555;0.293;-0.488;-0.898,β[0];β[1];γ[0];γ[1],412,1,0.001953125,883.7973999999997,0.0,not_in_gurobi_pool,not_in_gurobi_pool,not_in_gurobi_pool,,00000111000000000,101110100101001010100000111000000000,456.31439999999986,427.48299999999983,6,,1011101001010010101,101110100101001010100001101110010010,true,single,36,1.0e-10,64
2,128,512,25,0.555;0.293;-0.488;-0.898,β[0];β[1];γ[0];γ[1],413,1,0.001953125,886.7228999999998,0.0,not_in_gurobi_pool,not_in_gurobi_pool,not_in_gurobi_pool,,00001100000000111,101010111111000001100001100000000111,630.2330999999998,256.48979999999995,4,,1010101111110000011,101010111111000001100000100011000101,true,single,36,1.0e-10,64
2,128,512,25,0.555;0.293;-0.488;-0.898,β[0];β[1];γ[0];γ[1],414,1,0.001953125,886.8054999999997,0.0,not_in_gurobi_pool,not_in_gurobi_pool,not_in_gurobi_pool,,00001101000000111,100110111111100001100001101000000111,715.8122999999996,170.99320000000012,6,,1001101111111000011,100110111111100001110001110100000001,true,single,36,1.0e-10,64
2,128,512,25,0.555;0.293;-0.488;-0.898,β[0];β[1];γ[0];γ[1],415,1,0.001953125,902.7242999999996,0.0,not_in_gurobi_pool,not_in_gurobi_pool,not_in_gurobi_pool,,11010101011000000,000011010000010100111010101011000000,603.4861999999996,299.23810000000003,5,,0000110100000101001,000011010000010100101000001011000110,true,single,36,1.0e-10,64
2,128,512,25,0.555;0.293;-0.488;-0.898,β[0];β[1];γ[0];γ[1],416,1,0.001953125,908.2102999999997,0.0,not_in_gurobi_pool,not_in_gurobi_pool,not_in_gurobi_pool,,01111101011000111,000010010001000001101111101011000111,395.23069999999984,512.9795999999999,10,,0000100100010000011,000010010001000001100010110110011110,true,single,36,1.0e-10,64
2,128,512,25,0.555;0.293;-0.488;-0.898,β[0];β[1];γ[0];γ[1],417,1,0.001953125,909.0275999999997,1.1368683772161603e-13,not_in_gurobi_pool,not_in_gurobi_pool,not_in_gurobi_pool,,10011101000100000,111110110001000000010011101000100000,738.0343999999996,170.9932,6,,1111101100010000000,111110110001000000010011001010010110,true,single,36,1.0e-10,64
2,128,512,25,0.555;0.293;-0.488;-0.898,β[0];β[1];γ[0];γ[1],418,1,0.001953125,913.1692999999997,0.0,not_in_gurobi_pool,not_in_gurobi_pool,not_in_gurobi_pool,,01011111110000111,000011100001000001001011111110000111,528.4345999999999,384.73469999999975,7,,0000111000010000010,000011100001000001001010100011100101,true,single,36,1.0e-10,64
2,128,512,25,0.555;0.293;-0.488;-0.898,β[0];β[1];γ[0];γ[1],419,1,0.001953125,913.6630999999996,0.0,not_in_gurobi_pool,not_in_gurobi_pool,not_in_gurobi_pool,,10101000011100000,111010000101000000010101000011100000,357.9351999999997,555.7278999999999,9,,1110100001010000000,111010000101000000000001111010111100,true,single,36,1.0e-10,64
2,128,512,25,0.555;0.293;-0.488;-0.898,β[0];β[1];γ[0];γ[1],420,1,0.001953125,914.5301999999999,0.0,not_in_gurobi_pool,not_in_gurobi_pool,not_in_gurobi_pool,,10000101110000000,110010110100101100010000101110000000,529.7955,384.7347,7,,1100101101001011000,110010110100101100011111101000100000,true,single,36,1.0e-10,64
2,128,512,25,0.555;0.293;-0.488;-0.898,β[0];β[1];γ[0];γ[1],421,1,0.001953125,923.0376999999999,0.0,not_in_gurobi_pool,not_in_gurobi_pool,not_in_gurobi_pool,,00001101100000111,010110110101100001100001101100000111,410.05809999999985,512.9796,12,,0101101101011000011,010110110101100001101110011001100000,true,single,36,1.0e-10,64
2,128,512,25,0.555;0.293;-0.488;-0.898,β[0];β[1];γ[0];γ[1],422,1,0.001953125,927.5947999999996,1.1368683772161603e-13,not_in_gurobi_pool,not_in_gurobi_pool,not_in_gurobi_pool,,00001000000001111,000101011111100001100001000000001111,756.6015999999995,170.9932,4,,0001010111111000011,000101011111100001100000001000001001,true,single,36,1.0e-10,64
2,128,512,25,0.555;0.293;-0.488;-0.898,β[0];β[1];γ[0];γ[1],423,1,0.001953125,930.2517999999995,0.0,not_in_gurobi_pool,not_in_gurobi_pool,not_in_gurobi_pool,,00000000000001000,100111011111100010000000000000001000,716.5102999999997,213.74149999999986,3,,1001110111111000100,100111011111100010000000000000111100,true,single,36,1.0e-10,64
2,128,512,25,0.555;0.293;-0.488;-0.898,β[0];β[1];γ[0];γ[1],424,1,0.001953125,935.7731999999996,0.0,not_in_gurobi_pool,not_in_gurobi_pool,not_in_gurobi_pool,,00000000010101110,001011011111100111100000000010101110,807.5282999999996,128.24490000000003,7,,0010110111111001111,001011011111100111100000100001010111,true,single,36,1.0e-10,64
2,128,512,25,0.555;0.293;-0.488;-0.898,β[0];β[1];γ[0];γ[1],425,1,0.001953125,946.8168999999996,0.0,not_in_gurobi_pool,not_in_gurobi_pool,not_in_gurobi_pool,,10111000010100000,111110000001100000110111000010100000,733.0753999999996,213.74149999999997,9,,1111100000011000001,111110000001100000110000011001010000,true,single,36,1.0e-10,64
2,128,512,25,0.555;0.293;-0.488;-0.898,β[0];β[1];γ[0];γ[1],426,1,0.001953125,951.6355999999997,1.1368683772161603e-13,not_in_gurobi_pool,not_in_gurobi_pool,not_in_gurobi_pool,,11010101011000000,000001010001110100111010101011000000,524.1525999999998,427.48300000000006,8,,0000010100011101001,000001010001110100110110000100000100,true,single,36,1.0e-10,64
2,128,512,25,0.555;0.293;-0.488;-0.898,β[0];β[1];γ[0];γ[1],427,1,0.001953125,952.9175999999999,0.0,not_in_gurobi_pool,not_in_gurobi_pool,not_in_gurobi_pool,,01011111110000111,100011100001100001101011111110000111,482.6863,470.23129999999986,9,,1000111000011000011,100011100001100001111110011111011001,true,single,36,1.0e-10,64
2,128,512,25,0.555;0.293;-0.488;-0.898,β[0];β[1];γ[0];γ[1],428,1,0.001953125,953.5315999999996,0.0,not_in_gurobi_pool,not_in_gurobi_pool,not_in_gurobi_pool,,11001000010001000,100011000110000000011001000010001000,568.7968999999996,384.7347,7,,1000110001100000000,100011000110000000011001111101011000,true,single,36,1.0e-10,64
2,128,512,25,0.555;0.293;-0.488;-0.898,β[0];β[1];γ[0];γ[1],429,1,0.001953125,957.6755999999998,0.0,not_in_gurobi_pool,not_in_gurobi_pool,not_in_gurobi_pool,,01101101011000111,100000010101000001101101101011000111,273.7027999999999,683.9727999999999,12,,1000000101010000011,100000010101000001110110010011110000,true,single,36,1.0e-10,64
2,128,512,25,0.555;0.293;-0.488;-0.898,β[0];β[1];γ[0];γ[1],430,1,0.001953125,960.5255999999996,0.0,not_in_gurobi_pool,not_in_gurobi_pool,not_in_gurobi_pool,,01000101011000000,100011010101111101001000101011000000,704.0357999999997,256.48979999999995,8,,1000110101011111010,100011010101111101010000000110100010,true,single,36,1.0e-10,64
2,128,512,25,0.555;0.293;-0.488;-0.898,β[0];β[1];γ[0];γ[1],431,1,0.001953125,961.4639999999995,1.1368683772161603e-13,not_in_gurobi_pool,not_in_gurobi_pool,not_in_gurobi_pool,,10001111000100000,101111100101100000110001111000100000,533.9809999999997,427.48299999999995,10,,1011111001011000001,101111100101100000110101000100010111,true,single,36,1.0e-10,64
2,128,512,25,0.555;0.293;-0.488;-0.898,β[0];β[1];γ[0];γ[1],432,1,0.001953125,964.2215999999996,0.0,not_in_gurobi_pool,not_in_gurobi_pool,not_in_gurobi_pool,,01000111110000100,000011101001101101101000111110000100,493.99029999999965,470.2313,7,,0000111010011011011,000011101001101101110100100010000000,true,single,36,1.0e-10,64
2,128,512,25,0.555;0.293;-0.488;-0.898,β[0];β[1];γ[0];γ[1],433,1,0.001953125,972.3020999999998,1.1368683772161603e-13,not_in_gurobi_pool,not_in_gurobi_pool,not_in_gurobi_pool,,00001101000000111,100110111111100001100001101000000111,715.8122999999996,256.48980000000006,6,,1001101111111000011,100110111111100001100101011100010110,true,single,36,1.0e-10,64
2,128,512,25,0.555;0.293;-0.488;-0.898,β[0];β[1];γ[0];γ[1],434,1,0.001953125,991.6371999999997,1.1368683772161603e-13,not_in_gurobi_pool,not_in_gurobi_pool,not_in_gurobi_pool,,00010000010110011,111111000001110001100010000010110011,606.9024999999996,384.7347,9,,1111110000011100011,111111000001110001100001101011101000,true,single,36,1.0e-10,64
2,128,512,25,0.555;0.293;-0.488;-0.898,β[0];β[1];γ[0];γ[1],435,1,0.001953125,994.5241999999996,1.1368683772161603e-13,not_in_gurobi_pool,not_in_gurobi_pool,not_in_gurobi_pool,,10011101000100000,111110110001100000010011101000100000,738.0343999999996,256.4898000000002,8,,1111101100011000000,111110110001100000010101111010010101,true,single,36,1.0e-10,64
2,128,512,25,0.555;0.293;-0.488;-0.898,β[0];β[1];γ[0];γ[1],436,1,0.001953125,995.6658999999997,0.0,not_in_gurobi_pool,not_in_gurobi_pool,not_in_gurobi_pool,,01011111110000111,100010110001100001001011111110000111,439.9379999999998,555.7278999999999,9,,1000101100011000010,100010110001100001001101101101110010,true,single,36,1.0e-10,64
2,128,512,25,0.555;0.293;-0.488;-0.898,β[0];β[1];γ[0];γ[1],437,1,0.001953125,995.7581999999995,0.0,not_in_gurobi_pool,not_in_gurobi_pool,not_in_gurobi_pool,,10001000010110000,111111011001000000110001000010110000,611.0234999999996,384.7347,5,,1111110110010000001,111111011001000000111000100000010000,true,single,36,1.0e-10,64
2,128,512,25,0.555;0.293;-0.488;-0.898,β[0];β[1];γ[0];γ[1],438,1,0.001953125,995.8571999999997,1.1368683772161603e-13,not_in_gurobi_pool,not_in_gurobi_pool,not_in_gurobi_pool,,00011101000100111,111110110001000001100011101000100111,739.3673999999996,256.48979999999995,6,,1111101100010000011,111110110001000001100011000110101011,true,single,36,1.0e-10,64
2,128,512,25,0.555;0.293;-0.488;-0.898,β[0];β[1];γ[0];γ[1],439,1,0.001953125,997.0911999999996,0.0,not_in_gurobi_pool,not_in_gurobi_pool,not_in_gurobi_pool,,00101000010100111,111110011001000001100101000010100111,740.6013999999996,256.48980000000006,6,,1111100110010000011,111110011001000001100100101000000101,true,single,36,1.0e-10,64
2,128,512,25,0.555;0.293;-0.488;-0.898,β[0];β[1];γ[0];γ[1],440,1,0.001953125,997.6758999999998,1.1368683772161603e-13,not_in_gurobi_pool,not_in_gurobi_pool,not_in_gurobi_pool,,01010111110000010,100010110001110101101010111110000010,399.19969999999967,598.4762000000001,8,,1000101100011101011,100010110001110101101000000000010000,true,single,36,1.0e-10,64
2,128,512,25,0.555;0.293;-0.488;-0.898,β[0];β[1];γ[0];γ[1],441,1,0.001953125,997.8671999999995,0.0,not_in_gurobi_pool,not_in_gurobi_pool,not_in_gurobi_pool,,00010101000100010,111110110001110101100010101000100010,784.1256999999994,213.7415000000001,7,,1111101100011101011,111110110001110101100000110000010001,true,single,36,1.0e-10,64
2,128,512,25,0.555;0.293;-0.488;-0.898,β[0];β[1];γ[0];γ[1],442,1,0.001953125,998.5158999999998,1.1368683772161603e-13,not_in_gurobi_pool,not_in_gurobi_pool,not_in_gurobi_pool,,01010111110000000,100010100001111101101010111110000000,784.7743999999999,213.74149999999997,5,,1000101000011111011,100010100001111101101100111000000100,true,single,36,1.0e-10,64
2,128,512,25,0.555;0.293;-0.488;-0.898,β[0];β[1];γ[0];γ[1],443,1,0.001953125,998.6658999999996,1.1368683772161603e-13,not_in_gurobi_pool,not_in_gurobi_pool,not_in_gurobi_pool,,01011111110000111,000011110001000001101011111110000111,357.4413999999997,641.2245,9,,0000111100010000011,000011110001000001101110010010111011,true,single,36,1.0e-10,64
2,128,512,25,0.555;0.293;-0.488;-0.898,β[0];β[1];γ[0];γ[1],444,1,0.001953125,1003.7758999999995,1.1368683772161603e-13,not_in_gurobi_pool,not_in_gurobi_pool,not_in_gurobi_pool,,01001000010001111,100011010111000001101001000010001111,319.80309999999963,683.9727999999998,12,,1000110101110000011,100011010111000001110000101100110001,true,single,36,1.0e-10,64
2,128,512,25,0.555;0.293;-0.488;-0.898,β[0];β[1];γ[0];γ[1],445,1,0.001953125,1003.8047999999997,0.0,not_in_gurobi_pool,not_in_gurobi_pool,not_in_gurobi_pool,,00001000010101111,110011000111000001100001000010101111,448.07689999999974,555.7278999999999,9,,1100110001110000011,110011000111000001100010001111110010,true,single,36,1.0e-10,64
2,128,512,25,0.555;0.293;-0.488;-0.898,β[0];β[1];γ[0];γ[1],446,1,0.001953125,1006.0078999999996,1.1368683772161603e-13,not_in_gurobi_pool,not_in_gurobi_pool,not_in_gurobi_pool,,01000101000001111,100011100011100011101000101000001111,621.2731999999997,384.7347,9,,1000111000111000111,100011100011100011100000110111100011,true,single,36,1.0e-10,64
2,128,512,25,0.555;0.293;-0.488;-0.898,β[0];β[1];γ[0];γ[1],447,1,0.001953125,1010.8377999999996,0.0,not_in_gurobi_pool,not_in_gurobi_pool,not_in_gurobi_pool,,00100000010000101,110010011111101001000100000010000101,754.3479999999995,256.48980000000006,6,,1100100111111010010,110010011111101001000100000101110111,true,single,36,1.0e-10,64
2,128,512,25,0.555;0.293;-0.488;-0.898,β[0];β[1];γ[0];γ[1],448,1,0.001953125,1011.6358999999995,0.0,not_in_gurobi_pool,not_in_gurobi_pool,not_in_gurobi_pool,,11001000010001000,000011011111100000111001000010001000,669.6494999999995,341.9864,8,,0000110111111000001,000011011111100000111000010100100101,true,single,36,1.0e-10,64
2,128,512,25,0.555;0.293;-0.488;-0.898,β[0];β[1];γ[0];γ[1],449,1,0.001953125,1013.1682999999996,1.1368683772161603e-13,not_in_gurobi_pool,not_in_gurobi_pool,not_in_gurobi_pool,,00000100000000110,001110110111000101100000100000000110,542.9369999999998,470.2312999999999,7,,0011101101110001011,001110110111000101101100001010001010,true,single,36,1.0e-10,64
2,128,512,25,0.555;0.293;-0.488;-0.898,β[0];β[1];γ[0];γ[1],450,1,0.001953125,1014.3918999999996,1.1368683772161603e-13,not_in_gurobi_pool,not_in_gurobi_pool,not_in_gurobi_pool,,01000101000001000,100011110111100010001000101000001000,544.1605999999997,470.23130000000003,9,,1000111101111000100,100011110111100010001111010010100000,true,single,36,1.0e-10,64
2,128,512,25,0.555;0.293;-0.488;-0.898,β[0];β[1];γ[0];γ[1],451,1,0.001953125,1015.6657999999995,1.1368683772161603e-13,not_in_gurobi_pool,not_in_gurobi_pool,not_in_gurobi_pool,,00100000010000000,101010001111100010100100000010000000,930.1691999999996,85.49660000000006,2,,1010100011111000101,101010001111100010100100000010001001,true,single,36,1.0e-10,64
2,128,512,25,0.555;0.293;-0.488;-0.898,β[0];β[1];γ[0];γ[1],452,1,0.001953125,1017.0388999999998,0.0,not_in_gurobi_pool,not_in_gurobi_pool,not_in_gurobi_pool,,01000101000000100,100010111111101101101000101000000100,803.2973999999998,213.74149999999997,7,,1000101111111011011,100010111111101101110100000100000110,true,single,36,1.0e-10,64
2,128,512,25,0.555;0.293;-0.488;-0.898,β[0];β[1];γ[0];γ[1],453,1,0.001953125,1023.5848999999996,1.1368683772161603e-13,not_in_gurobi_pool,not_in_gurobi_pool,not_in_gurobi_pool,,01000101000000000,000000111111100010101000101000000000,724.3467999999998,299.2380999999999,5,,0000001111111000101,000000111111100010100010100100000001,true,single,36,1.0e-10,64
2,128,512,25,0.555;0.293;-0.488;-0.898,β[0];β[1];γ[0];γ[1],454,1,0.001953125,1027.4834999999994,2.2737367544323206e-13,not_in_gurobi_pool,not_in_gurobi_pool,not_in_gurobi_pool,,00111000010100111,111110010000000001100111000010100111,728.2453999999997,299.2380999999999,7,,1111100100000000011,111110010000000001101111100001010101,true,single,36,1.0e-10,64
2,128,512,25,0.555;0.293;-0.488;-0.898,β[0];β[1];γ[0];γ[1],455,1,0.001953125,1046.0001999999995,0.0,not_in_gurobi_pool,not_in_gurobi_pool,not_in_gurobi_pool,,01101000010000111,000010011011100001101101000010000111,404.7756999999998,641.2244999999997,11,,0000100110111000011,000010011011100001110000011001110101,true,single,36,1.0e-10,64
2,128,512,25,0.555;0.293;-0.488;-0.898,β[0];β[1];γ[0];γ[1],456,1,0.001953125,1046.8084999999999,2.2737367544323206e-13,not_in_gurobi_pool,not_in_gurobi_pool,not_in_gurobi_pool,,00000101000100010,111110111001110101100000101000100010,704.8220999999995,341.9864000000001,8,,1111101110011101011,111110111001110101110100011100001000,true,single,36,1.0e-10,64
2,128,512,25,0.555;0.293;-0.488;-0.898,β[0];β[1];γ[0];γ[1],457,1,0.001953125,1048.1105999999997,2.2737367544323206e-13,not_in_gurobi_pool,not_in_gurobi_pool,not_in_gurobi_pool,,00001001000000111,110110111011000001000001001000000111,492.3826999999998,555.7278999999997,9,,1101101110110000010,110110111011000001010100010111000101,true,single,36,1.0e-10,64
2,128,512,25,0.555;0.293;-0.488;-0.898,β[0];β[1];γ[0];γ[1],458,1,0.001953125,1048.2234999999996,0.0,not_in_gurobi_pool,not_in_gurobi_pool,not_in_gurobi_pool,,10101000010100000,111110011101000000110101000010100000,877.2302999999995,170.99320000000012,4,,1111100111010000001,111110011101000000110000000010000001,true,single,36,1.0e-10,64
2,128,512,25,0.555;0.293;-0.488;-0.898,β[0];β[1];γ[0];γ[1],459,1,0.001953125,1052.8396999999995,0.0,not_in_gurobi_pool,not_in_gurobi_pool,not_in_gurobi_pool,,00001000000001111,100111011111000001100001000000001111,625.3566999999996,427.48299999999995,6,,1001110111110000011,100111011111000001110111000110001110,true,single,36,1.0e-10,64
2,128,512,25,0.555;0.293;-0.488;-0.898,β[0];β[1];γ[0];γ[1],460,1,0.001953125,1057.7160999999996,0.0,not_in_gurobi_pool,not_in_gurobi_pool,not_in_gurobi_pool,,00001100000000111,101010111111100001100001100000000111,630.2330999999997,427.48299999999995,6,,1010101111111000011,101010111111100001100111000000011011,true,single,36,1.0e-10,64
2,128,512,25,0.555;0.293;-0.488;-0.898,β[0];β[1];γ[0];γ[1],461,1,0.001953125,1066.3331999999996,0.0,not_in_gurobi_pool,not_in_gurobi_pool,not_in_gurobi_pool,,01000101000000000,000010111111100010101000101000000000,724.3467999999998,341.9863999999998,8,,0000101111111000101,000010111111100010110100100001001011,true,single,36,1.0e-10,64
2,128,512,25,0.555;0.293;-0.488;-0.898,β[0];β[1];γ[0];γ[1],462,1,0.001953125,1082.4453999999996,0.0,not_in_gurobi_pool,not_in_gurobi_pool,not_in_gurobi_pool,,00000000010101000,101001010011111101100000000010101000,654.9623999999997,427.48299999999995,8,,1010010100111111011,101001010011111101100010111010010001,true,single,36,1.0e-10,64
2,128,512,25,0.555;0.293;-0.488;-0.898,β[0];β[1];γ[0];γ[1],463,1,0.001953125,1084.7787999999996,0.0,not_in_gurobi_pool,not_in_gurobi_pool,not_in_gurobi_pool,,10101000010100000,111110000101000000110101000010100000,742.7923999999996,341.9864,8,,1111100001010000001,111110000101000000100110000001111100,true,single,36,1.0e-10,64
2,128,512,25,0.555;0.293;-0.488;-0.898,β[0];β[1];γ[0];γ[1],464,1,0.001953125,1085.5478999999996,0.0,not_in_gurobi_pool,not_in_gurobi_pool,not_in_gurobi_pool,,00101001010000111,010100011001000001000101001010000111,658.0648999999997,427.48299999999983,10,,0101000110010000010,010100011001000001010010010111110111,true,single,36,1.0e-10,64
2,128,512,25,0.555;0.293;-0.488;-0.898,β[0];β[1];γ[0];γ[1],465,1,0.001953125,1086.1117999999997,0.0,not_in_gurobi_pool,not_in_gurobi_pool,not_in_gurobi_pool,,00001000010110111,111111010101000001100001000010110111,615.8804999999995,470.23130000000015,11,,1111110101010000011,111111010101000001110110000111011000,true,single,36,1.0e-10,64
2,128,512,25,0.555;0.293;-0.488;-0.898,β[0];β[1];γ[0];γ[1],466,1,0.001953125,1088.0023999999999,0.0,not_in_gurobi_pool,not_in_gurobi_pool,not_in_gurobi_pool,,10000111010000000,001010110100111000110000111010000000,575.0227999999998,512.9796,8,,0010101101001110001,001010110100111000111100100011011010,true,single,36,1.0e-10,64
2,128,512,25,0.555;0.293;-0.488;-0.898,β[0];β[1];γ[0];γ[1],467,1,0.001953125,1088.3247999999999,2.2737367544323206e-13,not_in_gurobi_pool,not_in_gurobi_pool,not_in_gurobi_pool,,10000101000100000,111110111001101100010000101000100000,960.0798999999997,128.24489999999992,3,,1111101110011011000,111110111001101100000000100001100000,true,single,36,1.0e-10,64
2,128,512,25,0.555;0.293;-0.488;-0.898,β[0];β[1];γ[0];γ[1],468,1,0.001953125,1088.8584999999996,0.0,not_in_gurobi_pool,not_in_gurobi_pool,not_in_gurobi_pool,,01000101011000100,100011010100101111101000101011000100,661.3754999999996,427.48299999999995,8,,1000110101001011111,100011010100101111100001100110001001,true,single,36,1.0e-10,64
2,128,512,25,0.555;0.293;-0.488;-0.898,β[0];β[1];γ[0];γ[1],469,1,0.001953125,1095.4654999999998,0.0,not_in_gurobi_pool,not_in_gurobi_pool,not_in_gurobi_pool,,01101000010000111,100010011111000001101101000010000111,838.9756999999997,256.48980000000006,4,,1000100111110000011,100010011111000001101100001010010011,true,single,36,1.0e-10,64
2,128,512,25,0.555;0.293;-0.488;-0.898,β[0];β[1];γ[0];γ[1],470,1,0.001953125,1097.1324999999997,0.0,not_in_gurobi_pool,not_in_gurobi_pool,not_in_gurobi_pool,,11001000010001000,000011011111000000111001000010001000,669.6494999999996,427.48300000000006,10,,0000110111110000001,000011011111000000111000101001110011,true,single,36,1.0e-10,64
2,128,512,25,0.555;0.293;-0.488;-0.898,β[0];β[1];γ[0];γ[1],471,1,0.001953125,1097.5367999999996,2.2737367544323206e-13,not_in_gurobi_pool,not_in_gurobi_pool,not_in_gurobi_pool,,00000101000100111,011110111001000011100000101000100111,926.5435999999995,170.9931999999999,6,,0111101110010000111,011110111001000011100001011000011111,true,single,36,1.0e-10,64
2,128,512,25,0.555;0.293;-0.488;-0.898,β[0];β[1];γ[0];γ[1],472,1,0.001953125,1123.1720999999993,2.2737367544323206e-13,not_in_gurobi_pool,not_in_gurobi_pool,not_in_gurobi_pool,,10100000000100000,111110010011110100110100000000100000,1080.4237999999996,42.74829999999997,1,,1111100100111101001,111110010011110100110100000000101000,true,single,36,1.0e-10,64
2,128,512,25,0.555;0.293;-0.488;-0.898,β[0];β[1];γ[0];γ[1],473,1,0.001953125,1124.1567999999997,0.0,not_in_gurobi_pool,not_in_gurobi_pool,not_in_gurobi_pool,,11010111110000000,100011100001011000111010111110000000,953.1635999999997,170.9932,4,,1000111000010110001,100011100001011000100000111110000001,true,single,36,1.0e-10,64
2,128,512,25,0.555;0.293;-0.488;-0.898,β[0];β[1];γ[0];γ[1],474,1,0.001953125,1126.0741999999996,0.0,not_in_gurobi_pool,not_in_gurobi_pool,not_in_gurobi_pool,,10000001010100000,110111001001001100110000001010100000,784.0877999999996,341.9864,8,,1101110010010011001,110111001001001100100001010001000100,true,single,36,1.0e-10,64
2,128,512,25,0.555;0.293;-0.488;-0.898,β[0];β[1];γ[0];γ[1],475,1,0.001953125,1127.4540999999995,0.0,not_in_gurobi_pool,not_in_gurobi_pool,not_in_gurobi_pool,,00001000000100111,111110110011000001100001000000100111,657.2227999999996,470.2312999999999,9,,1111101100110000011,111110110011000001100100101001001001,true,single,36,1.0e-10,64
2,128,512,25,0.555;0.293;-0.488;-0.898,β[0];β[1];γ[0];γ[1],476,1,0.001953125,1131.1531999999995,0.0,not_in_gurobi_pool,not_in_gurobi_pool,not_in_gurobi_pool,,00000001000101011,010111100011010001100000001000101011,703.6701999999997,427.48299999999983,8,,0101111000110100011,010111100011010001101010111000010010,true,single,36,1.0e-10,64
2,128,512,25,0.555;0.293;-0.488;-0.898,β[0];β[1];γ[0];γ[1],477,1,0.001953125,1137.7077999999997,0.0,not_in_gurobi_pool,not_in_gurobi_pool,not_in_gurobi_pool,,01000000010001000,100011011110000010101000000010001000,881.2179999999996,256.48980000000006,6,,1000110111100000101,100011011110000010111000010110100010,true,single,36,1.0e-10,64
2,128,512,25,0.555;0.293;-0.488;-0.898,β[0];β[1];γ[0];γ[1],478,1,0.001953125,1140.2257999999997,0.0,not_in_gurobi_pool,not_in_gurobi_pool,not_in_gurobi_pool,,11000101000000000,000010100111111000111000101000000000,798.2393999999997,341.9864,8,,0000101001111110001,000010100111111000111110010100001100,true,single,36,1.0e-10,64
2,128,512,25,0.555;0.293;-0.488;-0.898,β[0];β[1];γ[0];γ[1],479,1,0.001953125,1140.8520999999996,0.0,not_in_gurobi_pool,not_in_gurobi_pool,not_in_gurobi_pool,,00000101000100101,111110111101101001100000101000100101,713.3690999999993,427.4830000000003,8,,1111101111011010011,111110111101101001101010011001010100,true,single,36,1.0e-10,64
2,128,512,25,0.555;0.293;-0.488;-0.898,β[0];β[1];γ[0];γ[1],480,1,0.001953125,1173.6273999999994,0.0,not_in_gurobi_pool,not_in_gurobi_pool,not_in_gurobi_pool,,10001000000111000,111111010111000000010001000000111000,831.6409999999996,341.9863999999998,6,,1111110101110000000,111111010111000000000100000000001001,true,single,36,1.0e-10,64
2,128,512,25,0.555;0.293;-0.488;-0.898,β[0];β[1];γ[0];γ[1],481,1,0.001953125,1179.7869999999998,0.0,not_in_gurobi_pool,not_in_gurobi_pool,not_in_gurobi_pool,,00001001000101111,110011111110000001100001001000101111,923.2971999999997,256.48980000000006,8,,1100111111100000011,110011111110000001101000001001011000,true,single,36,1.0e-10,64
2,128,512,25,0.555;0.293;-0.488;-0.898,β[0];β[1];γ[0];γ[1],482,1,0.001953125,1180.1329999999998,4.547473508864641e-13,not_in_gurobi_pool,not_in_gurobi_pool,not_in_gurobi_pool,,00100001011000000,010010001100000010100100001011000000,581.6567999999997,598.4761999999996,8,,0100100011000000101,010010001100000010100011110011101000,true,single,36,1.0e-10,64
2,128,512,25,0.555;0.293;-0.488;-0.898,β[0];β[1];γ[0];γ[1],483,1,0.001953125,1182.6290999999997,0.0,not_in_gurobi_pool,not_in_gurobi_pool,not_in_gurobi_pool,,11001000010001000,000011011111100000111001000010001000,669.6494999999995,512.9796000000001,8,,0000110111111000001,000011011111100000111010011011010001,true,single,36,1.0e-10,64
2,128,512,25,0.555;0.293;-0.488;-0.898,β[0];β[1];γ[0];γ[1],484,1,0.001953125,1207.4607999999996,2.2737367544323206e-13,not_in_gurobi_pool,not_in_gurobi_pool,not_in_gurobi_pool,,00010100010100000,101111010001011101100010100010100000,993.7192999999995,213.74150000000031,7,,1011110100010111011,101111010001011101100000010100100101,true,single,36,1.0e-10,64
2,128,512,25,0.555;0.293;-0.488;-0.898,β[0];β[1];γ[0];γ[1],485,1,0.001953125,1222.0431999999996,0.0,not_in_gurobi_pool,not_in_gurobi_pool,not_in_gurobi_pool,,00000101010110000,111011110101111101100000101010110000,794.5601999999996,427.48300000000006,6,,1110111101011111011,111011110101111101100101011000110010,true,single,36,1.0e-10,64
2,128,512,25,0.555;0.293;-0.488;-0.898,β[0];β[1];γ[0];γ[1],486,1,0.001953125,1222.4998999999998,2.2737367544323206e-13,not_in_gurobi_pool,not_in_gurobi_pool,not_in_gurobi_pool,,10101000000000000,100110011111000000110101000000000000,752.2685999999997,470.2312999999999,5,,1001100111110000001,100110011111000000111000000000110000,true,single,36,1.0e-10,64
2,128,512,25,0.555;0.293;-0.488;-0.898,β[0];β[1];γ[0];γ[1],487,1,0.001953125,1245.9324999999997,0.0,not_in_gurobi_pool,not_in_gurobi_pool,not_in_gurobi_pool,,10111000011100000,111000010001000000110111000011100000,519.2113999999998,726.7210999999999,11,,1110000100010000001,111000010001000000110000001100001101,true,single,36,1.0e-10,64
2,128,512,25,0.555;0.293;-0.488;-0.898,β[0];β[1];γ[0];γ[1],488,1,0.001953125,1250.388,4.547473508864641e-13,not_in_gurobi_pool,not_in_gurobi_pool,not_in_gurobi_pool,,00011000010110111,011111010001100001000011000010110111,993.8981999999994,256.48980000000006,6,,0111110100011000010,011111010001100001010010010011100101,true,single,36,1.0e-10,64
2,128,512,25,0.555;0.293;-0.488;-0.898,β[0];β[1];γ[0];γ[1],489,1,0.001953125,1258.0039999999995,2.2737367544323206e-13,not_in_gurobi_pool,not_in_gurobi_pool,not_in_gurobi_pool,,00010101000100000,111110110001100010000010101000100000,830.5209999999995,427.4830000000002,6,,1111101100011000100,111110110001100010001011110001100001,true,single,36,1.0e-10,64
2,128,512,25,0.555;0.293;-0.488;-0.898,β[0];β[1];γ[0];γ[1],490,1,0.001953125,1284.6502999999993,0.0,not_in_gurobi_pool,not_in_gurobi_pool,not_in_gurobi_pool,,10010000010110000,111111010000110100110010000010110000,985.4121999999995,299.2380999999998,5,,1111110100001101001,111111010000110100100110010010000000,true,single,36,1.0e-10,64
2,128,512,25,0.555;0.293;-0.488;-0.898,β[0];β[1];γ[0];γ[1],491,1,0.001953125,1293.7622999999994,0.0,not_in_gurobi_pool,not_in_gurobi_pool,not_in_gurobi_pool,,10011101000110000,111111110001000000010011101000110000,823.5309999999995,470.2312999999999,9,,1111111100010000000,111111110001000000001010100101101100,true,single,36,1.0e-10,64
2,128,512,25,0.555;0.293;-0.488;-0.898,β[0];β[1];γ[0];γ[1],492,1,0.001953125,1295.7218999999998,2.2737367544323206e-13,not_in_gurobi_pool,not_in_gurobi_pool,not_in_gurobi_pool,,10010111010000000,101010110001101100110010111010000000,526.2524999999999,769.4693999999996,10,,1010101100011011001,101010110001101100110111001111110101,true,single,36,1.0e-10,64
2,128,512,25,0.555;0.293;-0.488;-0.898,β[0];β[1];γ[0];γ[1],493,1,0.001953125,1297.6838999999995,0.0,not_in_gurobi_pool,not_in_gurobi_pool,not_in_gurobi_pool,,10100001011000000,110000001001111100110100001011000000,1041.1940999999997,256.48979999999983,6,,1100000010011111001,110000001001111100100100010111011000,true,single,36,1.0e-10,64
2,128,512,25,0.555;0.293;-0.488;-0.898,β[0];β[1];γ[0];γ[1],494,1,0.001953125,1299.3292999999994,0.0,not_in_gurobi_pool,not_in_gurobi_pool,not_in_gurobi_pool,,00101000010100111,011110011001000001100101000010100111,957.3428999999996,341.9863999999998,6,,0111100110010000011,011110011001000001110001011100100111,true,single,36,1.0e-10,64
2,128,512,25,0.555;0.293;-0.488;-0.898,β[0];β[1];γ[0];γ[1],495,1,0.001953125,1304.8669999999995,2.2737367544323206e-13,not_in_gurobi_pool,not_in_gurobi_pool,not_in_gurobi_pool,,11000111110000000,100011110101111000111000111110000000,620.8941999999997,683.9728,10,,1000111101011110001,100011110101111000100100010011011100,true,single,36,1.0e-10,64
2,128,512,25,0.555;0.293;-0.488;-0.898,β[0];β[1];γ[0];γ[1],496,1,0.001953125,1307.4214999999997,2.2737367544323206e-13,not_in_gurobi_pool,not_in_gurobi_pool,not_in_gurobi_pool,,00000101000001000,100111111011111101100000101000001000,837.1901999999997,470.2312999999998,9,,1001111110111111011,100111111011111101111000010010111001,true,single,36,1.0e-10,64
2,128,512,25,0.555;0.293;-0.488;-0.898,β[0];β[1];γ[0];γ[1],497,1,0.001953125,1310.0528999999997,0.0,not_in_gurobi_pool,not_in_gurobi_pool,not_in_gurobi_pool,,00000100000000010,101000111110110101000000100000000010,1096.3113999999996,213.7415000000001,7,,1010001111101101010,101000111110110101001000010001010100,true,single,36,1.0e-10,64
2,128,512,25,0.555;0.293;-0.488;-0.898,β[0];β[1];γ[0];γ[1],498,1,0.001953125,1317.2058999999995,2.2737367544323206e-13,not_in_gurobi_pool,not_in_gurobi_pool,not_in_gurobi_pool,,00001100000000111,001010111111100001000001100000000111,761.4779999999996,555.7279000000001,9,,0010101111111000010,001010111111100001010010000101011101,true,single,36,1.0e-10,64
2,128,512,25,0.555;0.293;-0.488;-0.898,β[0];β[1];γ[0];γ[1],499,1,0.001953125,1346.8831999999995,2.2737367544323206e-13,not_in_gurobi_pool,not_in_gurobi_pool,not_in_gurobi_pool,,00000001000101000,010011100011011101000000001000101000,1218.6382999999994,128.24489999999992,3,,0100111000110111010,010011100011011101000000011000100001,true,single,36,1.0e-10,64
2,128,512,25,0.555;0.293;-0.488;-0.898,β[0];β[1];γ[0];γ[1],500,1,0.001953125,1388.8264999999994,2.2737367544323206e-13,not_in_gurobi_pool,not_in_gurobi_pool,not_in_gurobi_pool,,10100000010000000,101010011110011000110100000010000000,1388.8264999999997,0.0,0,,1010100111100110001,101010011110011000110100000010000000,true,single,36,1.0e-10,64
2,128,512,25,0.555;0.293;-0.488;-0.898,β[0];β[1];γ[0];γ[1],501,1,0.001953125,1394.3004999999998,0.0,not_in_gurobi_pool,not_in_gurobi_pool,not_in_gurobi_pool,,00000111010100000,101011101001010110100000111010100000,924.0691999999998,470.23130000000003,7,,1010111010010101101,101011101001010110111000001100100001,true,single,36,1.0e-10,64
2,128,512,25,0.555;0.293;-0.488;-0.898,β[0];β[1];γ[0];γ[1],502,1,0.001953125,1422.7131999999995,2.2737367544323206e-13,not_in_gurobi_pool,not_in_gurobi_pool,not_in_gurobi_pool,,10100000010100000,111110010100101100010100000010100000,1123.4750999999997,299.23810000000003,7,,1111100101001011000,111110010100101100000000000000010101,true,single,36,1.0e-10,64
2,128,512,25,0.555;0.293;-0.488;-0.898,β[0];β[1];γ[0];γ[1],503,1,0.001953125,1468.9384999999995,0.0,not_in_gurobi_pool,not_in_gurobi_pool,not_in_gurobi_pool,,00010101000110000,111111110001111101100010101000110000,1255.1969999999992,213.74150000000031,7,,1111111100011111011,111111110001111101100000011100011100,true,single,36,1.0e-10,64
2,128,512,25,0.555;0.293;-0.488;-0.898,β[0];β[1];γ[0];γ[1],504,1,0.001953125,1505.3259999999996,0.0,not_in_gurobi_pool,not_in_gurobi_pool,not_in_gurobi_pool,,10010101010000000,100111010001111100010010101010000000,992.3463999999997,512.9795999999999,8,,1001110100011111000,100111010001111100000000100001000111,true,single,36,1.0e-10,64
2,128,512,25,0.555;0.293;-0.488;-0.898,β[0];β[1];γ[0];γ[1],505,1,0.001953125,1557.1736999999998,0.0,not_in_gurobi_pool,not_in_gurobi_pool,not_in_gurobi_pool,,10000001011100000,010011011001111100110000001011100000,958.6974999999998,598.4762000000001,8,,0100110110011111001,010011011001111100100110011000100110,true,single,36,1.0e-10,64
2,128,512,25,0.555;0.293;-0.488;-0.898,β[0];β[1];γ[0];γ[1],506,1,0.001953125,1602.6889999999994,4.547473508864641e-13,not_in_gurobi_pool,not_in_gurobi_pool,not_in_gurobi_pool,,00010111010100000,101011110001111110100010111010100000,1346.1991999999996,256.4898000000003,8,,1010111100011111101,101011110001111110111000011011011000,true,single,36,1.0e-10,64
2,128,512,25,0.555;0.293;-0.488;-0.898,β[0];β[1];γ[0];γ[1],507,1,0.001953125,1607.9430999999995,0.0,not_in_gurobi_pool,not_in_gurobi_pool,not_in_gurobi_pool,,01100101011000000,100010011101111101001100101011000000,1009.4668999999999,598.4761999999996,8,,1000100111011111010,100010011101111101000000000001110001,true,single,36,1.0e-10,64
2,128,512,25,0.555;0.293;-0.488;-0.898,β[0];β[1];γ[0];γ[1],508,1,0.001953125,1610.9430999999995,0.0,not_in_gurobi_pool,not_in_gurobi_pool,not_in_gurobi_pool,,01100101011000000,000000001101011101001100101011000000,1226.2083999999995,384.7347,5,,0000000011010111010,000000001101011101000000101001101000,true,single,36,1.0e-10,64
2,128,512,25,0.555;0.293;-0.488;-0.898,β[0];β[1];γ[0];γ[1],509,1,0.001953125,1676.1966999999995,0.0,not_in_gurobi_pool,not_in_gurobi_pool,not_in_gurobi_pool,,11010101011000000,100011010001011100111010101011000000,1334.2102999999997,341.9863999999998,6,,1000110100010111001,100011010001011100100100101111000100,true,single,36,1.0e-10,64
2,128,512,25,0.555;0.293;-0.488;-0.898,β[0];β[1];γ[0];γ[1],510,1,0.001953125,1737.3142999999995,4.547473508864641e-13,not_in_gurobi_pool,not_in_gurobi_pool,not_in_gurobi_pool,,10001000000111000,011111100111100000110001000000111000,1395.3278999999993,341.9863999999998,6,,0111111001111000001,011111100111100000100001110100101100,true,single,36,1.0e-10,64
2,128,512,25,0.555;0.293;-0.488;-0.898,β[0];β[1];γ[0];γ[1],511,1,0.001953125,1848.7141999999994,0.0,not_in_gurobi_pool,not_in_gurobi_pool,not_in_gurobi_pool,,00110000010100000,111110010001011101100110000010100000,1506.7277999999997,341.9863999999998,8,,1111100100010111011,111110010001011101100000010111011000,true,single,36,1.0e-10,64
2,128,512,25,0.555;0.293;-0.488;-0.898,β[0];β[1];γ[0];γ[1],512,1,0.001953125,1984.6410999999994,0.0,not_in_gurobi_pool,not_in_gurobi_pool,not_in_gurobi_pool,,10001000000100000,111110110110100000110001000000100000,958.6818999999995,1025.9591999999998,14,,1111101101101000001,111110110110100000101100101111011110,true,single,36,1.0e-10,64
