algorithm,p,optimizer_reads,final_reads,maximum_iterations,initial_parameters,qiskit_parameter_names,result,reads,probability,surrogate_qubo_energy,exact_repaired_qubo_energy,match,matched_ip_obj,flow_bits,repaired_aux_bits,repaired_full_bits,use_fast_aer_backend,fast_aer_precision,fast_aer_threads,fast_mps_truncation_threshold,fast_mps_max_bond_dimension
QAOA_reduced_surrogate,2,128,512,25,0.555;0.293;-0.488;-0.898,β[0];β[1];γ[0];γ[1],229,2,0.00390625,776.0489937499931,784.0642999999998,not_in_gurobi_pool,,1100011100010011010,00010101110100100,110001110001001101000010101110100100,true,single,36,1.0e-10,64
QAOA_reduced_surrogate,2,128,512,25,0.555;0.293;-0.488;-0.898,β[0];β[1];γ[0];γ[1],1,1,0.001953125,105.41026875000307,102.73849999999999,not_in_gurobi_pool,,1100110101011000011,00001001011100111,110011010101100001100001001011100111,true,single,36,1.0e-10,64
QAOA_reduced_surrogate,2,128,512,25,0.555;0.293;-0.488;-0.898,β[0];β[1];γ[0];γ[1],2,1,0.001953125,139.44166874999928,136.76989999999975,not_in_gurobi_pool,,0000110100100010011,01000000010001101,000011010010001001101000000010001101,true,single,36,1.0e-10,64
QAOA_reduced_surrogate,2,128,512,25,0.555;0.293;-0.488;-0.898,β[0];β[1];γ[0];γ[1],3,1,0.001953125,144.33024375000582,173.71969999999988,not_in_gurobi_pool,,1001100000000001011,00110101010000110,100110000000000101100110101010000110,true,single,36,1.0e-10,64
QAOA_reduced_surrogate,2,128,512,25,0.555;0.293;-0.488;-0.898,β[0];β[1];γ[0];γ[1],7,1,0.001953125,171.24179374999903,179.25709999999975,not_in_gurobi_pool,,1100110100010100011,00010001011100011,110011010001010001100010001011100011,true,single,36,1.0e-10,64
QAOA_reduced_surrogate,2,128,512,25,0.555;0.293;-0.488;-0.898,β[0];β[1];γ[0];γ[1],4,1,0.001953125,165.5027187499834,184.20509999999987,not_in_gurobi_pool,,1100010110000000101,00000001011100000,110001011000000010100000001011100000,true,single,36,1.0e-10,64
QAOA_reduced_surrogate,2,128,512,25,0.555;0.293;-0.488;-0.898,β[0];β[1];γ[0];γ[1],5,1,0.001953125,168.65571874999137,187.35809999999992,not_in_gurobi_pool,,0010101110000010011,00000111010000101,001010111000001001100000111010000101,true,single,36,1.0e-10,64
QAOA_reduced_surrogate,2,128,512,25,0.555;0.293;-0.488;-0.898,β[0];β[1];γ[0];γ[1],6,1,0.001953125,170.5918187500156,189.29419999999976,not_in_gurobi_pool,,0000101100100000101,01000101000000000,000010110010000010101000101000000000,true,single,36,1.0e-10,64
QAOA_reduced_surrogate,2,128,512,25,0.555;0.293;-0.488;-0.898,β[0];β[1];γ[0];γ[1],8,1,0.001953125,199.96486874998868,197.29309999999998,not_in_gurobi_pool,,0100101110111001011,00000001000000110,010010111011100101100000001000000110,true,single,36,1.0e-10,64
QAOA_reduced_surrogate,2,128,512,25,0.555;0.293;-0.488;-0.898,β[0];β[1];γ[0];γ[1],12,1,0.001953125,224.93826874999627,222.2664999999997,not_in_gurobi_pool,,0000110000100010011,01000000010001101,000011000010001001101000000010001101,true,single,36,1.0e-10,64
QAOA_reduced_surrogate,2,128,512,25,0.555;0.293;-0.488;-0.898,β[0];β[1];γ[0];γ[1],13,1,0.001953125,226.0601687499991,223.3883999999998,not_in_gurobi_pool,,1010110100011011011,00010100011100100,101011010001101101100010100011100100,true,single,36,1.0e-10,64
QAOA_reduced_surrogate,2,128,512,25,0.555;0.293;-0.488;-0.898,β[0];β[1];γ[0];γ[1],10,1,0.001953125,206.83611874998564,225.5384999999999,not_in_gurobi_pool,,0000000110000001011,01100101011000110,000000011000000101101100101011000110,true,single,36,1.0e-10,64
QAOA_reduced_surrogate,2,128,512,25,0.555;0.293;-0.488;-0.898,β[0];β[1];γ[0];γ[1],9,1,0.001953125,201.09354375000134,230.48299999999983,not_in_gurobi_pool,,1001110101010100000,10000101010000000,100111010101010000010000101010000000,true,single,36,1.0e-10,64
QAOA_reduced_surrogate,2,128,512,25,0.555;0.293;-0.488;-0.898,β[0];β[1];γ[0];γ[1],11,1,0.001953125,223.25519374998703,231.27049999999988,not_in_gurobi_pool,,0000010010010010011,01000101011000101,000001001001001001101000101011000101,true,single,36,1.0e-10,64
QAOA_reduced_surrogate,2,128,512,25,0.555;0.293;-0.488;-0.898,β[0];β[1];γ[0];γ[1],17,1,0.001953125,269.1619937500061,234.42899999999972,not_in_gurobi_pool,,1001110101110000011,00001000000001111,100111010111000001100001000000001111,true,single,36,1.0e-10,64
QAOA_reduced_surrogate,2,128,512,25,0.555;0.293;-0.488;-0.898,β[0];β[1];γ[0];γ[1],14,1,0.001953125,253.44484374999797,240.0859999999996,not_in_gurobi_pool,,1001110101111000101,00000000000001000,100111010111100010100000000000001000,true,single,36,1.0e-10,64
QAOA_reduced_surrogate,2,128,512,25,0.555;0.293;-0.488;-0.898,β[0];β[1];γ[0];γ[1],15,1,0.001953125,254.86639374998708,262.8816999999998,not_in_gurobi_pool,,0010010100100000000,10001000010101000,001001010010000000010001000010101000,true,single,36,1.0e-10,64
QAOA_reduced_surrogate,2,128,512,25,0.555;0.293;-0.488;-0.898,β[0];β[1];γ[0];γ[1],18,1,0.001953125,279.76714375000006,266.4082999999997,not_in_gurobi_pool,,0001110100101011011,00000000000001100,000111010010101101100000000000001100,true,single,36,1.0e-10,64
QAOA_reduced_surrogate,2,128,512,25,0.555;0.293;-0.488;-0.898,β[0];β[1];γ[0];γ[1],16,1,0.001953125,260.67199375000496,268.6872999999999,not_in_gurobi_pool,,0001110100011110011,00010101010000001,000111010001111001100010101010000001,true,single,36,1.0e-10,64
QAOA_reduced_surrogate,2,128,512,25,0.555;0.293;-0.488;-0.898,β[0];β[1];γ[0];γ[1],19,1,0.001953125,283.999543749997,270.6407,not_in_gurobi_pool,,0100101100010000000,10011101110000000,010010110001000000010011101110000000,true,single,36,1.0e-10,64
QAOA_reduced_surrogate,2,128,512,25,0.555;0.293;-0.488;-0.898,β[0];β[1];γ[0];γ[1],23,1,0.001953125,313.45479374999945,278.7217999999997,not_in_gurobi_pool,,0000110101110000001,11001000010001000,000011010111000000111001000010001000,true,single,36,1.0e-10,64
QAOA_reduced_surrogate,2,128,512,25,0.555;0.293;-0.488;-0.898,β[0];β[1];γ[0];γ[1],22,1,0.001953125,303.9931437500002,290.63430000000017,not_in_gurobi_pool,,1001111111010000101,00000111100000000,100111111101000010100000111100000000,true,single,36,1.0e-10,64
QAOA_reduced_surrogate,2,128,512,25,0.555;0.293;-0.488;-0.898,β[0];β[1];γ[0];γ[1],20,1,0.001953125,289.05311875000075,307.7555,not_in_gurobi_pool,,1101110010000010011,00000001010100101,110111001000001001100000001010100101,true,single,36,1.0e-10,64
QAOA_reduced_surrogate,2,128,512,25,0.555;0.293;-0.488;-0.898,β[0];β[1];γ[0];γ[1],21,1,0.001953125,291.8406187499879,310.5429999999998,not_in_gurobi_pool,,0010010010001100011,00000100011100011,001001001000110001100000100011100011,true,single,36,1.0e-10,64
QAOA_reduced_surrogate,2,128,512,25,0.555;0.293;-0.488;-0.898,β[0];β[1];γ[0];γ[1],25,1,0.001953125,325.8919437499967,312.53310000000005,not_in_gurobi_pool,,1000111100011010011,01010111110000101,100011110001101001101010111110000101,true,single,36,1.0e-10,64
QAOA_reduced_surrogate,2,128,512,25,0.555;0.293;-0.488;-0.898,β[0];β[1];γ[0];γ[1],24,1,0.001953125,316.8386937500004,324.854,not_in_gurobi_pool,,1010001110011001101,00000111010000000,101000111001100110100000111010000000,true,single,36,1.0e-10,64
QAOA_reduced_surrogate,2,128,512,25,0.555;0.293;-0.488;-0.898,β[0];β[1];γ[0];γ[1],33,1,0.001953125,346.42184375000056,333.06299999999993,not_in_gurobi_pool,,1010101101110001111,00000100000000110,101010110111000111100000100000000110,true,single,36,1.0e-10,64
QAOA_reduced_surrogate,2,128,512,25,0.555;0.293;-0.488;-0.898,β[0];β[1];γ[0];γ[1],31,1,0.001953125,341.47499374998324,349.4902999999999,not_in_gurobi_pool,,1010000010000001001,10100100011000000,101000001000000100110100100011000000,true,single,36,1.0e-10,64
QAOA_reduced_surrogate,2,128,512,25,0.555;0.293;-0.488;-0.898,β[0];β[1];γ[0];γ[1],36,1,0.001953125,364.4601437499982,351.1013,not_in_gurobi_pool,,1010100100011110011,00110100011000001,101010010001111001100110100011000001,true,single,36,1.0e-10,64
QAOA_reduced_surrogate,2,128,512,25,0.555;0.293;-0.488;-0.898,β[0];β[1];γ[0];γ[1],37,1,0.001953125,365.2637437500041,351.90489999999977,not_in_gurobi_pool,,0001110100101011010,00000000000001100,000111010010101101000000000000001100,true,single,36,1.0e-10,64
QAOA_reduced_surrogate,2,128,512,25,0.555;0.293;-0.488;-0.898,β[0];β[1];γ[0];γ[1],42,1,0.001953125,377.33611874999815,353.2902,not_in_gurobi_pool,,0110110100011100011,00010000011110011,011011010001110001100010000011110011,true,single,36,1.0e-10,64
QAOA_reduced_surrogate,2,128,512,25,0.555;0.293;-0.488;-0.898,β[0];β[1];γ[0];γ[1],27,1,0.001953125,335.9425187500051,354.6448999999999,not_in_gurobi_pool,,0001110010001101011,00000101010000010,000111001000110101100000101010000010,true,single,36,1.0e-10,64
QAOA_reduced_surrogate,2,128,512,25,0.555;0.293;-0.488;-0.898,β[0];β[1];γ[0];γ[1],34,1,0.001953125,347.2960937499861,355.31139999999976,not_in_gurobi_pool,,1000001010000010011,01000111110000101,100000101000001001101000111110000101,true,single,36,1.0e-10,64
QAOA_reduced_surrogate,2,128,512,25,0.555;0.293;-0.488;-0.898,β[0];β[1];γ[0];γ[1],28,1,0.001953125,338.72791874997915,357.43029999999993,not_in_gurobi_pool,,1100001101000100001,10000101110000000,110000110100010000110000101110000000,true,single,36,1.0e-10,64
QAOA_reduced_surrogate,2,128,512,25,0.555;0.293;-0.488;-0.898,β[0];β[1];γ[0];γ[1],29,1,0.001953125,339.2599187499877,357.96229999999997,not_in_gurobi_pool,,1100101001000001000,10000101110000000,110010100100000100010000101110000000,true,single,36,1.0e-10,64
QAOA_reduced_surrogate,2,128,512,25,0.555;0.293;-0.488;-0.898,β[0];β[1];γ[0];γ[1],30,1,0.001953125,340.0499187499936,358.7522999999999,not_in_gurobi_pool,,0010111100010001011,00010111010100110,001011110001000101100010111010100110,true,single,36,1.0e-10,64
QAOA_reduced_surrogate,2,128,512,25,0.555;0.293;-0.488;-0.898,β[0];β[1];γ[0];γ[1],40,1,0.001953125,372.6602437500055,359.3014,not_in_gurobi_pool,,1000101010011000000,11001111110000000,100010101001100000011001111110000000,true,single,36,1.0e-10,64
QAOA_reduced_surrogate,2,128,512,25,0.555;0.293;-0.488;-0.898,β[0];β[1];γ[0];γ[1],26,1,0.001953125,329.94574374999365,359.3352000000001,not_in_gurobi_pool,,1110101001000001011,00000101010100110,111010100100000101100000101010100110,true,single,36,1.0e-10,64
QAOA_reduced_surrogate,2,128,512,25,0.555;0.293;-0.488;-0.898,β[0];β[1];γ[0];γ[1],32,1,0.001953125,342.7879187499857,361.49030000000016,not_in_gurobi_pool,,1100001110000000111,00000101110000111,110000111000000011100000101110000111,true,single,36,1.0e-10,64
QAOA_reduced_surrogate,2,128,512,25,0.555;0.293;-0.488;-0.898,β[0];β[1];γ[0];γ[1],38,1,0.001953125,366.45866875000024,363.7868999999998,not_in_gurobi_pool,,0001100000111010111,00100000000000101,000110000011101011100100000000000101,true,single,36,1.0e-10,64
QAOA_reduced_surrogate,2,128,512,25,0.555;0.293;-0.488;-0.898,β[0];β[1];γ[0];γ[1],35,1,0.001953125,357.5800937500055,365.59539999999987,not_in_gurobi_pool,,1000000001011100101,01100101011000000,100000000101110010101100101011000000,true,single,36,1.0e-10,64
QAOA_reduced_surrogate,2,128,512,25,0.555;0.293;-0.488;-0.898,β[0];β[1];γ[0];γ[1],39,1,0.001953125,370.13216875000444,367.4604000000001,not_in_gurobi_pool,,1000110001010001111,01000101011000110,100011000101000111101000101011000110,true,single,36,1.0e-10,64
QAOA_reduced_surrogate,2,128,512,25,0.555;0.293;-0.488;-0.898,β[0];β[1];γ[0];γ[1],50,1,0.001953125,401.0055437500014,387.64669999999984,not_in_gurobi_pool,,1000110100000110011,01010101011000001,100011010000011001101010101011000001,true,single,36,1.0e-10,64
QAOA_reduced_surrogate,2,128,512,25,0.555;0.293;-0.488;-0.898,β[0];β[1];γ[0];γ[1],45,1,0.001953125,388.3612937499961,396.37659999999977,not_in_gurobi_pool,,1100000000100001101,00100000010000000,110000000010000110100100000010000000,true,single,36,1.0e-10,64
QAOA_reduced_surrogate,2,128,512,25,0.555;0.293;-0.488;-0.898,β[0];β[1];γ[0];γ[1],49,1,0.001953125,399.49736875000394,396.8255999999999,not_in_gurobi_pool,,0100110100001100111,00010001011100011,010011010000110011100010001011100011,true,single,36,1.0e-10,64
QAOA_reduced_surrogate,2,128,512,25,0.555;0.293;-0.488;-0.898,β[0];β[1];γ[0];γ[1],41,1,0.001953125,372.8957437500094,402.2851999999998,not_in_gurobi_pool,,0001010010010100010,00000101010000011,000101001001010001000000101010000011,true,single,36,1.0e-10,64
QAOA_reduced_surrogate,2,128,512,25,0.555;0.293;-0.488;-0.898,β[0];β[1];γ[0];γ[1],43,1,0.001953125,384.021218749991,402.7235999999998,not_in_gurobi_pool,,0100010010010001010,00000001011100110,010001001001000101000000001011100110,true,single,36,1.0e-10,64
QAOA_reduced_surrogate,2,128,512,25,0.555;0.293;-0.488;-0.898,β[0];β[1];γ[0];γ[1],44,1,0.001953125,385.81371875000445,404.5160999999998,not_in_gurobi_pool,,0011110101011100000,10000100010100000,001111010101110000010000100010100000,true,single,36,1.0e-10,64
QAOA_reduced_surrogate,2,128,512,25,0.555;0.293;-0.488;-0.898,β[0];β[1];γ[0];γ[1],47,1,0.001953125,397.4877937499996,405.5031,not_in_gurobi_pool,,1101110010011001101,00000001010100000,110111001001100110100000001010100000,true,single,36,1.0e-10,64
QAOA_reduced_surrogate,2,128,512,25,0.555;0.293;-0.488;-0.898,β[0];β[1];γ[0];γ[1],48,1,0.001953125,397.6973937500022,405.71269999999987,not_in_gurobi_pool,,0000000101000001101,01100101011000000,000000010100000110101100101011000000,true,single,36,1.0e-10,64
QAOA_reduced_surrogate,2,128,512,25,0.555;0.293;-0.488;-0.898,β[0];β[1];γ[0];γ[1],53,1,0.001953125,410.3174687499993,407.6456999999998,not_in_gurobi_pool,,1000111101010100010,01000111110000011,100011110101010001001000111110000011,true,single,36,1.0e-10,64
QAOA_reduced_surrogate,2,128,512,25,0.555;0.293;-0.488;-0.898,β[0];β[1];γ[0];γ[1],46,1,0.001953125,390.6392187499855,409.3415999999999,not_in_gurobi_pool,,0100001101010100001,10000101110000000,010000110101010000110000101110000000,true,single,36,1.0e-10,64
QAOA_reduced_surrogate,2,128,512,25,0.555;0.293;-0.488;-0.898,β[0];β[1];γ[0];γ[1],51,1,0.001953125,406.12329375000127,414.1385999999999,not_in_gurobi_pool,,0010111101110010011,00000100000101101,001011110111001001100000100000101101,true,single,36,1.0e-10,64
QAOA_reduced_surrogate,2,128,512,25,0.555;0.293;-0.488;-0.898,β[0];β[1];γ[0];γ[1],52,1,0.001953125,407.13429375000146,415.14959999999996,not_in_gurobi_pool,,1010111111011101011,00000111010100010,101011111101110101100000111010100010,true,single,36,1.0e-10,64
QAOA_reduced_surrogate,2,128,512,25,0.555;0.293;-0.488;-0.898,β[0];β[1];γ[0];γ[1],54,1,0.001953125,415.08451874999946,433.78689999999983,not_in_gurobi_pool,,1010110000100110011,00000000010101001,101011000010011001100000000010101001,true,single,36,1.0e-10,64
QAOA_reduced_surrogate,2,128,512,25,0.555;0.293;-0.488;-0.898,β[0];β[1];γ[0];γ[1],57,1,0.001953125,438.4556687500017,435.7838999999998,not_in_gurobi_pool,,1010110000001001100,00010100011100000,101011000000100110000010100011100000,true,single,36,1.0e-10,64
QAOA_reduced_surrogate,2,128,512,25,0.555;0.293;-0.488;-0.898,β[0];β[1];γ[0];γ[1],61,1,0.001953125,443.2362687500031,440.5644999999997,not_in_gurobi_pool,,1001000000110011011,00100000000000100,100100000011001101100100000000000100,true,single,36,1.0e-10,64
QAOA_reduced_surrogate,2,128,512,25,0.555;0.293;-0.488;-0.898,β[0];β[1];γ[0];γ[1],73,1,0.001953125,467.8714187500093,443.82549999999986,not_in_gurobi_pool,,0001111100000001101,00010111100000000,000111110000000110100010111100000000,true,single,36,1.0e-10,64
QAOA_reduced_surrogate,2,128,512,25,0.555;0.293;-0.488;-0.898,β[0];β[1];γ[0];γ[1],55,1,0.001953125,426.65851875000953,445.3608999999998,not_in_gurobi_pool,,1010100000110000110,00100000010000111,101010000011000011000100000010000111,true,single,36,1.0e-10,64
QAOA_reduced_surrogate,2,128,512,25,0.555;0.293;-0.488;-0.898,β[0];β[1];γ[0];γ[1],63,1,0.001953125,450.291668749991,447.6198999999999,not_in_gurobi_pool,,0100001110100001011,00000001000000110,010000111010000101100000001000000110,true,single,36,1.0e-10,64
QAOA_reduced_surrogate,2,128,512,25,0.555;0.293;-0.488;-0.898,β[0];β[1];γ[0];γ[1],58,1,0.001953125,439.7235937499936,447.73889999999983,not_in_gurobi_pool,,1100101010010110011,00000101110000001,110010101001011001100000101110000001,true,single,36,1.0e-10,64
QAOA_reduced_surrogate,2,128,512,25,0.555;0.293;-0.488;-0.898,β[0];β[1];γ[0];γ[1],59,1,0.001953125,440.39759375000676,448.4128999999997,not_in_gurobi_pool,,0010110101011101000,10000100011100000,001011010101110100010000100011100000,true,single,36,1.0e-10,64
QAOA_reduced_surrogate,2,128,512,25,0.555;0.293;-0.488;-0.898,β[0];β[1];γ[0];γ[1],64,1,0.001953125,451.9736687500024,449.30189999999993,not_in_gurobi_pool,,0010000101000100111,00100100011000011,001000010100010011100100100011000011,true,single,36,1.0e-10,64
QAOA_reduced_surrogate,2,128,512,25,0.555;0.293;-0.488;-0.898,β[0];β[1];γ[0];γ[1],60,1,0.001953125,442.3455937499973,450.36089999999984,not_in_gurobi_pool,,1100101101011101001,10000101110000000,110010110101110100110000101110000000,true,single,36,1.0e-10,64
QAOA_reduced_surrogate,2,128,512,25,0.555;0.293;-0.488;-0.898,β[0];β[1];γ[0];γ[1],65,1,0.001953125,453.5042687499965,450.8324999999999,not_in_gurobi_pool,,0001101110010110011,00000111100000001,000110111001011001100000111100000001,true,single,36,1.0e-10,64
QAOA_reduced_surrogate,2,128,512,25,0.555;0.293;-0.488;-0.898,β[0];β[1];γ[0];γ[1],72,1,0.001953125,464.891743749997,451.53290000000004,not_in_gurobi_pool,,1010101010111101011,00000100000000010,101010101011110101100000100000000010,true,single,36,1.0e-10,64
QAOA_reduced_surrogate,2,128,512,25,0.555;0.293;-0.488;-0.898,β[0];β[1];γ[0];γ[1],56,1,0.001953125,436.0481187500111,454.75049999999976,not_in_gurobi_pool,,0001110011010100011,00000101010000011,000111001101010001100000101010000011,true,single,36,1.0e-10,64
QAOA_reduced_surrogate,2,128,512,25,0.555;0.293;-0.488;-0.898,β[0];β[1];γ[0];γ[1],68,1,0.001953125,458.6167687500065,455.94500000000005,not_in_gurobi_pool,,0000111101111001000,11000101000001000,000011110111100100011000101000001000,true,single,36,1.0e-10,64
QAOA_reduced_surrogate,2,128,512,25,0.555;0.293;-0.488;-0.898,β[0];β[1];γ[0];γ[1],62,1,0.001953125,448.69309374999534,456.7084,not_in_gurobi_pool,,1011010111010000101,00000100010100000,101101011101000010100000100010100000,true,single,36,1.0e-10,64
QAOA_reduced_surrogate,2,128,512,25,0.555;0.293;-0.488;-0.898,β[0];β[1];γ[0];γ[1],69,1,0.001953125,459.4392687500049,456.76750000000015,not_in_gurobi_pool,,1001011101010000111,00000111100000111,100101110101000011100000111100000111,true,single,36,1.0e-10,64
QAOA_reduced_surrogate,2,128,512,25,0.555;0.293;-0.488;-0.898,β[0];β[1];γ[0];γ[1],71,1,0.001953125,460.55076875000236,457.8789999999999,not_in_gurobi_pool,,1000010111011000111,01000101011000111,100001011101100011101000101011000111,true,single,36,1.0e-10,64
QAOA_reduced_surrogate,2,128,512,25,0.555;0.293;-0.488;-0.898,β[0];β[1];γ[0];γ[1],66,1,0.001953125,453.51859374998935,461.53389999999985,not_in_gurobi_pool,,1100001011010000101,00000101110000000,110000101101000010100000101110000000,true,single,36,1.0e-10,64
QAOA_reduced_surrogate,2,128,512,25,0.555;0.293;-0.488;-0.898,β[0];β[1];γ[0];γ[1],70,1,0.001953125,460.26681875000077,478.9692,not_in_gurobi_pool,,0010111000000100000,10010111010100000,001011100000010000010010111010100000,true,single,36,1.0e-10,64
QAOA_reduced_surrogate,2,128,512,25,0.555;0.293;-0.488;-0.898,β[0];β[1];γ[0];γ[1],67,1,0.001953125,453.59334375000526,482.98279999999977,not_in_gurobi_pool,,1001100101001110010,00100101010000001,100110010100111001000100101010000001,true,single,36,1.0e-10,64
QAOA_reduced_surrogate,2,128,512,25,0.555;0.293;-0.488;-0.898,β[0];β[1];γ[0];γ[1],85,1,0.001953125,498.2031437500141,484.84429999999975,not_in_gurobi_pool,,0000110100101001100,01000000010001000,000011010010100110001000000010001000,true,single,36,1.0e-10,64
QAOA_reduced_surrogate,2,128,512,25,0.555;0.293;-0.488;-0.898,β[0];β[1];γ[0];γ[1],74,1,0.001953125,476.93189374997996,484.94719999999984,not_in_gurobi_pool,,1010011101001000000,10001111010100000,101001110100100000010001111010100000,true,single,36,1.0e-10,64
QAOA_reduced_surrogate,2,128,512,25,0.555;0.293;-0.488;-0.898,β[0];β[1];γ[0];γ[1],91,1,0.001953125,511.03501874997914,486.9891,not_in_gurobi_pool,,0110100110011000011,00101000011100111,011010011001100001100101000011100111,true,single,36,1.0e-10,64
QAOA_reduced_surrogate,2,128,512,25,0.555;0.293;-0.488;-0.898,β[0];β[1];γ[0];γ[1],75,1,0.001953125,479.5889937500092,487.60429999999985,not_in_gurobi_pool,,1000001000100100111,01000101000000011,100000100010010011101000101000000011,true,single,36,1.0e-10,64
QAOA_reduced_surrogate,2,128,512,25,0.555;0.293;-0.488;-0.898,β[0];β[1];γ[0];γ[1],76,1,0.001953125,480.54589375000387,488.56119999999976,not_in_gurobi_pool,,0100001100101000100,00000001000000000,010000110010100010000000001000000000,true,single,36,1.0e-10,64
QAOA_reduced_surrogate,2,128,512,25,0.555;0.293;-0.488;-0.898,β[0];β[1];γ[0];γ[1],77,1,0.001953125,482.76299374999644,490.7782999999998,not_in_gurobi_pool,,0000000001001010101,01100101011000000,000000000100101010101100101011000000,true,single,36,1.0e-10,64
QAOA_reduced_surrogate,2,128,512,25,0.555;0.293;-0.488;-0.898,β[0];β[1];γ[0];γ[1],89,1,0.001953125,504.1781437500056,490.81929999999966,not_in_gurobi_pool,,0000111101001110010,01000111110000001,000011110100111001001000111110000001,true,single,36,1.0e-10,64
QAOA_reduced_surrogate,2,128,512,25,0.555;0.293;-0.488;-0.898,β[0];β[1];γ[0];γ[1],78,1,0.001953125,483.2638937499928,491.27919999999995,not_in_gurobi_pool,,0100001101000101011,00000101110000010,010000110100010101100000101110000010,true,single,36,1.0e-10,64
QAOA_reduced_surrogate,2,128,512,25,0.555;0.293;-0.488;-0.898,β[0];β[1];γ[0];γ[1],79,1,0.001953125,483.33039375000567,491.34569999999997,not_in_gurobi_pool,,0011100001010100011,00100100010000011,001110000101010001100100100010000011,true,single,36,1.0e-10,64
QAOA_reduced_surrogate,2,128,512,25,0.555;0.293;-0.488;-0.898,β[0];β[1];γ[0];γ[1],96,1,0.001953125,516.6382187500044,492.5923,not_in_gurobi_pool,,0000111101100000011,01001101000001111,000011110110000001101001101000001111,true,single,36,1.0e-10,64
QAOA_reduced_surrogate,2,128,512,25,0.555;0.293;-0.488;-0.898,β[0];β[1];γ[0];γ[1],80,1,0.001953125,485.0528937500062,493.0681999999998,not_in_gurobi_pool,,1010101000111000110,00000100000000111,101010100011100011000000100000000111,true,single,36,1.0e-10,64
QAOA_reduced_surrogate,2,128,512,25,0.555;0.293;-0.488;-0.898,β[0];β[1];γ[0];γ[1],84,1,0.001953125,497.31146874999627,494.63969999999983,not_in_gurobi_pool,,1011100111010010011,00100100010000101,101110011101001001100100100010000101,true,single,36,1.0e-10,64
QAOA_reduced_surrogate,2,128,512,25,0.555;0.293;-0.488;-0.898,β[0];β[1];γ[0];γ[1],86,1,0.001953125,498.41696875000525,495.74519999999984,not_in_gurobi_pool,,1010100101010001110,00100100011000110,101010010101000111000100100011000110,true,single,36,1.0e-10,64
QAOA_reduced_surrogate,2,128,512,25,0.555;0.293;-0.488;-0.898,β[0];β[1];γ[0];γ[1],87,1,0.001953125,499.28746874998933,496.6156999999997,not_in_gurobi_pool,,1011110001110000101,00000000000101000,101111000111000010100000000000101000,true,single,36,1.0e-10,64
QAOA_reduced_surrogate,2,128,512,25,0.555;0.293;-0.488;-0.898,β[0];β[1];γ[0];γ[1],88,1,0.001953125,501.47906875002195,498.80729999999994,not_in_gurobi_pool,,0000001010010001100,01000111110000000,000000101001000110001000111110000000,true,single,36,1.0e-10,64
QAOA_reduced_surrogate,2,128,512,25,0.555;0.293;-0.488;-0.898,β[0];β[1];γ[0];γ[1],81,1,0.001953125,491.5004937500005,499.5157999999999,not_in_gurobi_pool,,1001101101011000110,00000111100000111,100110110101100011000000111100000111,true,single,36,1.0e-10,64
QAOA_reduced_surrogate,2,128,512,25,0.555;0.293;-0.488;-0.898,β[0];β[1];γ[0];γ[1],82,1,0.001953125,492.8928937499752,500.9082000000001,not_in_gurobi_pool,,0100101110011101111,00000101110000010,010010111001110111100000101110000010,true,single,36,1.0e-10,64
QAOA_reduced_surrogate,2,128,512,25,0.555;0.293;-0.488;-0.898,β[0];β[1];γ[0];γ[1],90,1,0.001953125,504.2985687499952,501.6267999999998,not_in_gurobi_pool,,1001101101011011111,00000111100000100,100110110101101111100000111100000100,true,single,36,1.0e-10,64
QAOA_reduced_surrogate,2,128,512,25,0.555;0.293;-0.488;-0.898,β[0];β[1];γ[0];γ[1],83,1,0.001953125,496.3969937500158,504.41229999999985,not_in_gurobi_pool,,0000101001110000100,01000101000000000,000010100111000010001000101000000000,true,single,36,1.0e-10,64
QAOA_reduced_surrogate,2,128,512,25,0.555;0.293;-0.488;-0.898,β[0];β[1];γ[0];γ[1],99,1,0.001953125,519.6427687500016,516.9709999999999,not_in_gurobi_pool,,0101100000000010000,10110001010000000,010110000000001000010110001010000000,true,single,36,1.0e-10,64
QAOA_reduced_surrogate,2,128,512,25,0.555;0.293;-0.488;-0.898,β[0];β[1];γ[0];γ[1],109,1,0.001953125,544.097318749986,520.0514,not_in_gurobi_pool,,1110010000011010000,10010000011110000,111001000001101000010010000011110000,true,single,36,1.0e-10,64
QAOA_reduced_surrogate,2,128,512,25,0.555;0.293;-0.488;-0.898,β[0];β[1];γ[0];γ[1],114,1,0.001953125,548.8613187499973,524.8153999999998,not_in_gurobi_pool,,0110110100010001010,00010000011110110,011011010001000101000010000011110110,true,single,36,1.0e-10,64
QAOA_reduced_surrogate,2,128,512,25,0.555;0.293;-0.488;-0.898,β[0];β[1];γ[0];γ[1],98,1,0.001953125,519.5091937499826,527.5245,not_in_gurobi_pool,,1100000010001000111,00100001011000111,110000001000100011100100001011000111,true,single,36,1.0e-10,64
QAOA_reduced_surrogate,2,128,512,25,0.555;0.293;-0.488;-0.898,β[0];β[1];γ[0];γ[1],100,1,0.001953125,521.5891937500005,529.6044999999999,not_in_gurobi_pool,,1010111100111011000,10000100000101000,101011110011101100010000100000101000,true,single,36,1.0e-10,64
QAOA_reduced_surrogate,2,128,512,25,0.555;0.293;-0.488;-0.898,β[0];β[1];γ[0];γ[1],107,1,0.001953125,533.5812687500061,530.9094999999998,not_in_gurobi_pool,,1010100001011101000,10100100011000000,101010000101110100010100100011000000,true,single,36,1.0e-10,64
QAOA_reduced_surrogate,2,128,512,25,0.555;0.293;-0.488;-0.898,β[0];β[1];γ[0];γ[1],111,1,0.001953125,545.8869437500007,532.5281000000002,not_in_gurobi_pool,,1001111110011011000,10000111100000000,100111111001101100010000111100000000,true,single,36,1.0e-10,64
QAOA_reduced_surrogate,2,128,512,25,0.555;0.293;-0.488;-0.898,β[0];β[1];γ[0];γ[1],102,1,0.001953125,525.0492937500101,533.0645999999999,not_in_gurobi_pool,,1000100010011100100,01100101011000000,100010001001110010001100101011000000,true,single,36,1.0e-10,64
QAOA_reduced_surrogate,2,128,512,25,0.555;0.293;-0.488;-0.898,β[0];β[1];γ[0];γ[1],92,1,0.001953125,515.3806187500068,534.0829999999997,not_in_gurobi_pool,,0101110001010100010,00000001010100011,010111000101010001000000001010100011,true,single,36,1.0e-10,64
QAOA_reduced_surrogate,2,128,512,25,0.555;0.293;-0.488;-0.898,β[0];β[1];γ[0];γ[1],93,1,0.001953125,515.3907187500051,534.0930999999998,not_in_gurobi_pool,,0001110001011011001,10000101010000000,000111000101101100110000101010000000,true,single,36,1.0e-10,64
QAOA_reduced_surrogate,2,128,512,25,0.555;0.293;-0.488;-0.898,β[0];β[1];γ[0];γ[1],94,1,0.001953125,515.6211187499991,534.3234999999996,not_in_gurobi_pool,,1010010001110100011,00000000010101011,101001000111010001100000000010101011,true,single,36,1.0e-10,64
QAOA_reduced_surrogate,2,128,512,25,0.555;0.293;-0.488;-0.898,β[0];β[1];γ[0];γ[1],104,1,0.001953125,528.4661937499886,536.4814999999996,not_in_gurobi_pool,,1100001111000001010,00000101110000110,110000111100000101000000101110000110,true,single,36,1.0e-10,64
QAOA_reduced_surrogate,2,128,512,25,0.555;0.293;-0.488;-0.898,β[0];β[1];γ[0];γ[1],105,1,0.001953125,528.4771937499997,536.4924999999996,not_in_gurobi_pool,,1010101011001001011,00000111010000110,101010101100100101100000111010000110,true,single,36,1.0e-10,64
QAOA_reduced_surrogate,2,128,512,25,0.555;0.293;-0.488;-0.898,β[0];β[1];γ[0];γ[1],106,1,0.001953125,529.1961937499989,537.2114999999999,not_in_gurobi_pool,,1100100101011000110,00100001011000111,110010010101100011000100001011000111,true,single,36,1.0e-10,64
QAOA_reduced_surrogate,2,128,512,25,0.555;0.293;-0.488;-0.898,β[0];β[1];γ[0];γ[1],97,1,0.001953125,519.3417187500027,538.0440999999998,not_in_gurobi_pool,,1001010001011100110,00000101010000011,100101000101110011000000101010000011,true,single,36,1.0e-10,64
QAOA_reduced_surrogate,2,128,512,25,0.555;0.293;-0.488;-0.898,β[0];β[1];γ[0];γ[1],108,1,0.001953125,542.2592687499975,539.5874999999999,not_in_gurobi_pool,,0100111110111110010,00000001000101001,010011111011111001000000001000101001,true,single,36,1.0e-10,64
QAOA_reduced_surrogate,2,128,512,25,0.555;0.293;-0.488;-0.898,β[0];β[1];γ[0];γ[1],116,1,0.001953125,553.9539437500025,540.5950999999998,not_in_gurobi_pool,,1001000001110001101,00100000000000000,100100000111000110100100000000000000,true,single,36,1.0e-10,64
QAOA_reduced_surrogate,2,128,512,25,0.555;0.293;-0.488;-0.898,β[0];β[1];γ[0];γ[1],101,1,0.001953125,523.7137187500007,542.4160999999999,not_in_gurobi_pool,,0001110101010011111,00000101010000100,000111010101001111100000101010000100,true,single,36,1.0e-10,64
QAOA_reduced_surrogate,2,128,512,25,0.555;0.293;-0.488;-0.898,β[0];β[1];γ[0];γ[1],103,1,0.001953125,525.8967187500041,544.5990999999998,not_in_gurobi_pool,,0001101110111010100,00000101000000000,000110111011101010000000101000000000,true,single,36,1.0e-10,64
QAOA_reduced_surrogate,2,128,512,25,0.555;0.293;-0.488;-0.898,β[0];β[1];γ[0];γ[1],95,1,0.001953125,515.7756437500032,545.1650999999997,not_in_gurobi_pool,,0001000011011000101,00100101010000000,000100001101100010100100101010000000,true,single,36,1.0e-10,64
QAOA_reduced_surrogate,2,128,512,25,0.555;0.293;-0.488;-0.898,β[0];β[1];γ[0];γ[1],123,1,0.001953125,566.088068749985,563.4162999999999,not_in_gurobi_pool,,1011010110001000010,00001100010100111,101101011000100001000001100010100111,true,single,36,1.0e-10,64
QAOA_reduced_surrogate,2,128,512,25,0.555;0.293;-0.488;-0.898,β[0];β[1];γ[0];γ[1],124,1,0.001953125,566.5726687500076,563.9008999999999,not_in_gurobi_pool,,1000000000011101001,11110101011000000,100000000001110100111110101011000000,true,single,36,1.0e-10,64
QAOA_reduced_surrogate,2,128,512,25,0.555;0.293;-0.488;-0.898,β[0];β[1];γ[0];γ[1],117,1,0.001953125,556.045493749999,564.0608,not_in_gurobi_pool,,1100110010001011000,10000001011100000,110011001000101100010000001011100000,true,single,36,1.0e-10,64
QAOA_reduced_surrogate,2,128,512,25,0.555;0.293;-0.488;-0.898,β[0];β[1];γ[0];γ[1],118,1,0.001953125,556.0564937500008,564.0717999999999,not_in_gurobi_pool,,1010110010001011000,10000100011100000,101011001000101100010000100011100000,true,single,36,1.0e-10,64
QAOA_reduced_surrogate,2,128,512,25,0.555;0.293;-0.488;-0.898,β[0];β[1];γ[0];γ[1],112,1,0.001953125,546.8504187499971,565.5527999999997,not_in_gurobi_pool,,0100110000100011010,00000000010101100,010011000010001101000000000010101100,true,single,36,1.0e-10,64
QAOA_reduced_surrogate,2,128,512,25,0.555;0.293;-0.488;-0.898,β[0];β[1];γ[0];γ[1],125,1,0.001953125,568.3305687500058,565.6588000000002,not_in_gurobi_pool,,1100110000001110111,00010001011100001,110011000000111011100010001011100001,true,single,36,1.0e-10,64
QAOA_reduced_surrogate,2,128,512,25,0.555;0.293;-0.488;-0.898,β[0];β[1];γ[0];γ[1],133,1,0.001953125,590.6726187499992,566.6267,not_in_gurobi_pool,,0110100000000010101,00110000011100000,011010000000001010100110000011100000,true,single,36,1.0e-10,64
QAOA_reduced_surrogate,2,128,512,25,0.555;0.293;-0.488;-0.898,β[0];β[1];γ[0];γ[1],126,1,0.001953125,572.3615687500064,569.6897999999997,not_in_gurobi_pool,,1010100010001100100,00100100011000000,101010001000110010000100100011000000,true,single,36,1.0e-10,64
QAOA_reduced_surrogate,2,128,512,25,0.555;0.293;-0.488;-0.898,β[0];β[1];γ[0];γ[1],119,1,0.001953125,562.3054937499987,570.3208,not_in_gurobi_pool,,1010111000001001111,00010111010100110,101011100000100111100010111010100110,true,single,36,1.0e-10,64
QAOA_reduced_surrogate,2,128,512,25,0.555;0.293;-0.488;-0.898,β[0];β[1];γ[0];γ[1],120,1,0.001953125,562.4594937499992,570.4747999999997,not_in_gurobi_pool,,0100100110100010010,00100000010000101,010010011010001001000100000010000101,true,single,36,1.0e-10,64
QAOA_reduced_surrogate,2,128,512,25,0.555;0.293;-0.488;-0.898,β[0];β[1];γ[0];γ[1],115,1,0.001953125,553.2829187500045,571.9852999999998,not_in_gurobi_pool,,0011010110011100000,10000100010100000,001101011001110000010000100010100000,true,single,36,1.0e-10,64
QAOA_reduced_surrogate,2,128,512,25,0.555;0.293;-0.488;-0.898,β[0];β[1];γ[0];γ[1],127,1,0.001953125,574.786068749994,572.1142999999997,not_in_gurobi_pool,,0011001110000100011,00000111000000011,001100111000010001100000111000000011,true,single,36,1.0e-10,64
QAOA_reduced_surrogate,2,128,512,25,0.555;0.293;-0.488;-0.898,β[0];β[1];γ[0];γ[1],128,1,0.001953125,575.9145687500022,573.2428,not_in_gurobi_pool,,0100100100010000110,00110001011000111,010010010001000011000110001011000111,true,single,36,1.0e-10,64
QAOA_reduced_surrogate,2,128,512,25,0.555;0.293;-0.488;-0.898,β[0];β[1];γ[0];γ[1],121,1,0.001953125,565.6025937500065,573.6178999999997,not_in_gurobi_pool,,1000000101011101001,11100101011000000,100000010101110100111100101011000000,true,single,36,1.0e-10,64
QAOA_reduced_surrogate,2,128,512,25,0.555;0.293;-0.488;-0.898,β[0];β[1];γ[0];γ[1],122,1,0.001953125,566.0189937500054,574.0343,not_in_gurobi_pool,,1101111010011010000,10000101100100000,110111101001101000010000101100100000,true,single,36,1.0e-10,64
QAOA_reduced_surrogate,2,128,512,25,0.555;0.293;-0.488;-0.898,β[0];β[1];γ[0];γ[1],110,1,0.001953125,545.8663437499958,575.2558000000001,not_in_gurobi_pool,,1010011010010010011,00000111010100101,101001101001001001100000111010100101,true,single,36,1.0e-10,64
QAOA_reduced_surrogate,2,128,512,25,0.555;0.293;-0.488;-0.898,β[0];β[1];γ[0];γ[1],113,1,0.001953125,547.9852437499858,577.3747000000001,not_in_gurobi_pool,,1110001101010100000,10000101010100000,111000110101010000010000101010100000,true,single,36,1.0e-10,64
QAOA_reduced_surrogate,2,128,512,25,0.555;0.293;-0.488;-0.898,β[0];β[1];γ[0];γ[1],134,1,0.001953125,590.9161437499931,577.5572999999997,not_in_gurobi_pool,,0101100000111010111,00100000000000101,010110000011101011100100000000000101,true,single,36,1.0e-10,64
QAOA_reduced_surrogate,2,128,512,25,0.555;0.293;-0.488;-0.898,β[0];β[1];γ[0];γ[1],131,1,0.001953125,583.8550687500012,581.1832999999998,not_in_gurobi_pool,,0101101000110010101,00000001000000000,010110100011001010100000001000000000,true,single,36,1.0e-10,64
QAOA_reduced_surrogate,2,128,512,25,0.555;0.293;-0.488;-0.898,β[0];β[1];γ[0];γ[1],135,1,0.001953125,596.1897437499999,582.8308999999995,not_in_gurobi_pool,,1000111101111110010,01000101000001001,100011110111111001001000101000001001,true,single,36,1.0e-10,64
QAOA_reduced_surrogate,2,128,512,25,0.555;0.293;-0.488;-0.898,β[0];β[1];γ[0];γ[1],136,1,0.001953125,597.6396437500005,584.2807999999998,not_in_gurobi_pool,,0100011101111000011,00001001000101111,010001110111100001100001001000101111,true,single,36,1.0e-10,64
QAOA_reduced_surrogate,2,128,512,25,0.555;0.293;-0.488;-0.898,β[0];β[1];γ[0];γ[1],129,1,0.001953125,577.713493750002,585.7287999999996,not_in_gurobi_pool,,0010110001111100101,00000000010101000,001011000111110010100000000010101000,true,single,36,1.0e-10,64
QAOA_reduced_surrogate,2,128,512,25,0.555;0.293;-0.488;-0.898,β[0];β[1];γ[0];γ[1],130,1,0.001953125,577.7134937499998,585.7287999999998,not_in_gurobi_pool,,0010110001110100101,00000000010101000,001011000111010010100000000010101000,true,single,36,1.0e-10,64
QAOA_reduced_surrogate,2,128,512,25,0.555;0.293;-0.488;-0.898,β[0];β[1];γ[0];γ[1],149,1,0.001953125,619.6169437500048,606.2581,not_in_gurobi_pool,,1010100100011110000,10110100011000000,101010010001111000010110100011000000,true,single,36,1.0e-10,64
QAOA_reduced_surrogate,2,128,512,25,0.555;0.293;-0.488;-0.898,β[0];β[1];γ[0];γ[1],137,1,0.001953125,600.5552937499986,608.5705999999998,not_in_gurobi_pool,,0011100110000100001,10100100010000000,001110011000010000110100100010000000,true,single,36,1.0e-10,64
QAOA_reduced_surrogate,2,128,512,25,0.555;0.293;-0.488;-0.898,β[0];β[1];γ[0];γ[1],143,1,0.001953125,611.5338687500002,608.8620999999998,not_in_gurobi_pool,,1010110100011111011,00010100011100000,101011010001111101100010100011100000,true,single,36,1.0e-10,64
QAOA_reduced_surrogate,2,128,512,25,0.555;0.293;-0.488;-0.898,β[0];β[1];γ[0];γ[1],145,1,0.001953125,612.2419687500089,609.5701999999998,not_in_gurobi_pool,,1000100100111110000,11100000010000000,100010010011111000011100000010000000,true,single,36,1.0e-10,64
QAOA_reduced_surrogate,2,128,512,25,0.555;0.293;-0.488;-0.898,β[0];β[1];γ[0];γ[1],146,1,0.001953125,613.0158687499923,610.3440999999998,not_in_gurobi_pool,,1010000001001011001,10100100011000000,101000000100101100110100100011000000,true,single,36,1.0e-10,64
QAOA_reduced_surrogate,2,128,512,25,0.555;0.293;-0.488;-0.898,β[0];β[1];γ[0];γ[1],138,1,0.001953125,603.6517937499907,611.6670999999997,not_in_gurobi_pool,,1100001110001101001,10000101110000000,110000111000110100110000101110000000,true,single,36,1.0e-10,64
QAOA_reduced_surrogate,2,128,512,25,0.555;0.293;-0.488;-0.898,β[0];β[1];γ[0];γ[1],132,1,0.001953125,587.9882437500034,617.3776999999998,not_in_gurobi_pool,,1001000101000100110,00100101010000011,100100010100010011000100101010000011,true,single,36,1.0e-10,64
QAOA_reduced_surrogate,2,128,512,25,0.555;0.293;-0.488;-0.898,β[0];β[1];γ[0];γ[1],140,1,0.001953125,609.4053937500044,617.4206999999997,not_in_gurobi_pool,,1001110111000110010,00000101010000001,100111011100011001000000101010000001,true,single,36,1.0e-10,64
QAOA_reduced_surrogate,2,128,512,25,0.555;0.293;-0.488;-0.898,β[0];β[1];γ[0];γ[1],141,1,0.001953125,610.33229375,618.3475999999998,not_in_gurobi_pool,,0101100001010010000,10100001010000000,010110000101001000010100001010000000,true,single,36,1.0e-10,64
QAOA_reduced_surrogate,2,128,512,25,0.555;0.293;-0.488;-0.898,β[0];β[1];γ[0];γ[1],142,1,0.001953125,610.3432937499983,618.3585999999998,not_in_gurobi_pool,,0011100101010010001,10100100010000000,001110010101001000110100100010000000,true,single,36,1.0e-10,64
QAOA_reduced_surrogate,2,128,512,25,0.555;0.293;-0.488;-0.898,β[0];β[1];γ[0];γ[1],147,1,0.001953125,613.2578937500032,621.2731999999999,not_in_gurobi_pool,,1000111000111000111,01000101000001111,100011100011100011101000101000001111,true,single,36,1.0e-10,64
QAOA_reduced_surrogate,2,128,512,25,0.555;0.293;-0.488;-0.898,β[0];β[1];γ[0];γ[1],148,1,0.001953125,614.8327937500023,622.8480999999999,not_in_gurobi_pool,,0100110101111011001,10000000010101000,010011010111101100110000000010101000,true,single,36,1.0e-10,64
QAOA_reduced_surrogate,2,128,512,25,0.555;0.293;-0.488;-0.898,β[0];β[1];γ[0];γ[1],150,1,0.001953125,626.9084687500012,624.2366999999997,not_in_gurobi_pool,,1001011110010000110,00000111100000111,100101111001000011000000111100000111,true,single,36,1.0e-10,64
QAOA_reduced_surrogate,2,128,512,25,0.555;0.293;-0.488;-0.898,β[0];β[1];γ[0];γ[1],139,1,0.001953125,605.79521875,624.4975999999999,not_in_gurobi_pool,,0101010101011000100,00000001010100000,010101010101100010000000001010100000,true,single,36,1.0e-10,64
QAOA_reduced_surrogate,2,128,512,25,0.555;0.293;-0.488;-0.898,β[0];β[1];γ[0];γ[1],151,1,0.001953125,627.9688687499995,625.2970999999998,not_in_gurobi_pool,,0010101111000110011,00000111010000001,001010111100011001100000111010000001,true,single,36,1.0e-10,64
QAOA_reduced_surrogate,2,128,512,25,0.555;0.293;-0.488;-0.898,β[0];β[1];γ[0];γ[1],152,1,0.001953125,638.7374437499989,625.3785999999998,not_in_gurobi_pool,,0101101001011110010,00000101100000001,010110100101111001000000101100000001,true,single,36,1.0e-10,64
QAOA_reduced_surrogate,2,128,512,25,0.555;0.293;-0.488;-0.898,β[0];β[1];γ[0];γ[1],153,1,0.001953125,642.299843750001,628.941,not_in_gurobi_pool,,1110100111011000111,00100000011100111,111010011101100011100100000011100111,true,single,36,1.0e-10,64
QAOA_reduced_surrogate,2,128,512,25,0.555;0.293;-0.488;-0.898,β[0];β[1];γ[0];γ[1],144,1,0.001953125,611.9947187499988,630.6970999999999,not_in_gurobi_pool,,0100111111000000111,00000101110100111,010011111100000011100000101110100111,true,single,36,1.0e-10,64
QAOA_reduced_surrogate,2,128,512,25,0.555;0.293;-0.488;-0.898,β[0];β[1];γ[0];γ[1],157,1,0.001953125,654.7746437499832,641.4157999999998,not_in_gurobi_pool,,1111100000000000000,10111000010100000,111110000000000000010111000010100000,true,single,36,1.0e-10,64
QAOA_reduced_surrogate,2,128,512,25,0.555;0.293;-0.488;-0.898,β[0];β[1];γ[0];γ[1],162,1,0.001953125,663.8097437500035,650.4508999999999,not_in_gurobi_pool,,1101100000010110010,00110001010000001,110110000001011001000110001010000001,true,single,36,1.0e-10,64
QAOA_reduced_surrogate,2,128,512,25,0.555;0.293;-0.488;-0.898,β[0];β[1];γ[0];γ[1],164,1,0.001953125,665.7852437499996,652.4263999999998,not_in_gurobi_pool,,0100000100011101001,10110001011000000,010000010001110100110110001011000000,true,single,36,1.0e-10,64
QAOA_reduced_surrogate,2,128,512,25,0.555;0.293;-0.488;-0.898,β[0];β[1];γ[0];γ[1],165,1,0.001953125,666.6067437499962,653.2478999999998,not_in_gurobi_pool,,1011001100010100001,10010111000000000,101100110001010000110010111000000000,true,single,36,1.0e-10,64
QAOA_reduced_surrogate,2,128,512,25,0.555;0.293;-0.488;-0.898,β[0];β[1];γ[0];γ[1],177,1,0.001953125,690.2308937499965,655.4978999999998,not_in_gurobi_pool,,0101001100010000000,10011101100000000,010100110001000000010011101100000000,true,single,36,1.0e-10,64
QAOA_reduced_surrogate,2,128,512,25,0.555;0.293;-0.488;-0.898,β[0];β[1];γ[0];γ[1],167,1,0.001953125,669.9767437499938,656.6178999999998,not_in_gurobi_pool,,1101100001100010011,00100000000000101,110110000110001001100100000000000101,true,single,36,1.0e-10,64
QAOA_reduced_surrogate,2,128,512,25,0.555;0.293;-0.488;-0.898,β[0];β[1];γ[0];γ[1],168,1,0.001953125,671.2813437500006,657.9224999999999,not_in_gurobi_pool,,0000110100111111010,01000000010001000,000011010011111101001000000010001000,true,single,36,1.0e-10,64
QAOA_reduced_surrogate,2,128,512,25,0.555;0.293;-0.488;-0.898,β[0];β[1];γ[0];γ[1],156,1,0.001953125,651.8979937500017,659.9132999999999,not_in_gurobi_pool,,1110100110111110010,00100000010100001,111010011011111001000100000010100001,true,single,36,1.0e-10,64
QAOA_reduced_surrogate,2,128,512,25,0.555;0.293;-0.488;-0.898,β[0];β[1];γ[0];γ[1],161,1,0.001953125,663.6306687500189,660.9588999999997,not_in_gurobi_pool,,0011101100100001100,00000100000000000,001110110010000110000000100000000000,true,single,36,1.0e-10,64
QAOA_reduced_surrogate,2,128,512,25,0.555;0.293;-0.488;-0.898,β[0];β[1];γ[0];γ[1],163,1,0.001953125,664.338668749996,661.6668999999999,not_in_gurobi_pool,,0011001001000001011,00000111000000110,001100100100000101100000111000000110,true,single,36,1.0e-10,64
QAOA_reduced_surrogate,2,128,512,25,0.555;0.293;-0.488;-0.898,β[0];β[1];γ[0];γ[1],158,1,0.001953125,654.958093749997,662.9733999999996,not_in_gurobi_pool,,1010101011000010000,10000111010000000,101010101100001000010000111010000000,true,single,36,1.0e-10,64
QAOA_reduced_surrogate,2,128,512,25,0.555;0.293;-0.488;-0.898,β[0];β[1];γ[0];γ[1],159,1,0.001953125,655.747593750004,663.7628999999997,not_in_gurobi_pool,,0101111010010100011,00000101100100011,010111101001010001100000101100100011,true,single,36,1.0e-10,64
QAOA_reduced_surrogate,2,128,512,25,0.555;0.293;-0.488;-0.898,β[0];β[1];γ[0];γ[1],166,1,0.001953125,668.9171687500093,666.2453999999998,not_in_gurobi_pool,,1010100001011011101,00100100011000000,101010000101101110100100100011000000,true,single,36,1.0e-10,64
QAOA_reduced_surrogate,2,128,512,25,0.555;0.293;-0.488;-0.898,β[0];β[1];γ[0];γ[1],160,1,0.001953125,659.279093749996,667.2943999999999,not_in_gurobi_pool,,1100110110110101111,00000000010101010,110011011011010111100000000010101010,true,single,36,1.0e-10,64
QAOA_reduced_surrogate,2,128,512,25,0.555;0.293;-0.488;-0.898,β[0];β[1];γ[0];γ[1],171,1,0.001953125,681.1838437500041,667.8249999999998,not_in_gurobi_pool,,1001111010010010110,00000111100000101,100111101001001011000000111100000101,true,single,36,1.0e-10,64
QAOA_reduced_surrogate,2,128,512,25,0.555;0.293;-0.488;-0.898,β[0];β[1];γ[0];γ[1],154,1,0.001953125,649.7330187500013,668.4353999999998,not_in_gurobi_pool,,0100011001011101011,00000101110100010,010001100101110101100000101110100010,true,single,36,1.0e-10,64
QAOA_reduced_surrogate,2,128,512,25,0.555;0.293;-0.488;-0.898,β[0];β[1];γ[0];γ[1],172,1,0.001953125,683.008843750003,669.6499999999999,not_in_gurobi_pool,,1001011111010001000,10000111100000000,100101111101000100010000111100000000,true,single,36,1.0e-10,64
QAOA_reduced_surrogate,2,128,512,25,0.555;0.293;-0.488;-0.898,β[0];β[1];γ[0];γ[1],155,1,0.001953125,651.5726187500077,670.2749999999996,not_in_gurobi_pool,,1001001010111001101,00000101000000000,100100101011100110100000101000000000,true,single,36,1.0e-10,64
QAOA_reduced_surrogate,2,128,512,25,0.555;0.293;-0.488;-0.898,β[0];β[1];γ[0];γ[1],169,1,0.001953125,675.824268750026,673.1524999999998,not_in_gurobi_pool,,0000101010110001100,01000101000000000,000010101011000110001000101000000000,true,single,36,1.0e-10,64
QAOA_reduced_surrogate,2,128,512,25,0.555;0.293;-0.488;-0.898,β[0];β[1];γ[0];γ[1],182,1,0.001953125,701.5158187500017,677.4698999999998,not_in_gurobi_pool,,1101001111010100111,00000101100000011,110100111101010011100000101100000011,true,single,36,1.0e-10,64
QAOA_reduced_surrogate,2,128,512,25,0.555;0.293;-0.488;-0.898,β[0];β[1];γ[0];γ[1],186,1,0.001953125,703.4060437500023,690.0471999999996,not_in_gurobi_pool,,0011100100000110011,00110100010000001,001110010000011001100110100010000001,true,single,36,1.0e-10,64
QAOA_reduced_surrogate,2,128,512,25,0.555;0.293;-0.488;-0.898,β[0];β[1];γ[0];γ[1],187,1,0.001953125,703.9270437500049,690.5681999999998,not_in_gurobi_pool,,0101100000000011010,00110001010000100,010110000000001101000110001010000100,true,single,36,1.0e-10,64
QAOA_reduced_surrogate,2,128,512,25,0.555;0.293;-0.488;-0.898,β[0];β[1];γ[0];γ[1],179,1,0.001953125,697.551468749991,694.8796999999997,not_in_gurobi_pool,,1100010010101000011,00001000010101111,110001001010100001100001000010101111,true,single,36,1.0e-10,64
QAOA_reduced_surrogate,2,128,512,25,0.555;0.293;-0.488;-0.898,β[0];β[1];γ[0];γ[1],200,1,0.001953125,720.7165187499941,696.6706,not_in_gurobi_pool,,1110010001001110010,00000000011110001,111001000100111001000000000011110001,true,single,36,1.0e-10,64
QAOA_reduced_surrogate,2,128,512,25,0.555;0.293;-0.488;-0.898,β[0];β[1];γ[0];γ[1],174,1,0.001953125,689.2403937500062,697.2556999999998,not_in_gurobi_pool,,1100100100101110111,00100000010000001,110010010010111011100100000010000001,true,single,36,1.0e-10,64
QAOA_reduced_surrogate,2,128,512,25,0.555;0.293;-0.488;-0.898,β[0];β[1];γ[0];γ[1],170,1,0.001953125,678.5643187500027,697.2666999999997,not_in_gurobi_pool,,1010110000101110111,00000000010101001,101011000010111011100000000010101001,true,single,36,1.0e-10,64
QAOA_reduced_surrogate,2,128,512,25,0.555;0.293;-0.488;-0.898,β[0];β[1];γ[0];γ[1],175,1,0.001953125,689.8023937499863,697.8176999999997,not_in_gurobi_pool,,0100000010100001001,10100000010000000,010000001010000100110100000010000000,true,single,36,1.0e-10,64
QAOA_reduced_surrogate,2,128,512,25,0.555;0.293;-0.488;-0.898,β[0];β[1];γ[0];γ[1],181,1,0.001953125,701.0754687499873,698.4036999999996,not_in_gurobi_pool,,1100010001101000011,00001000010101111,110001000110100001100001000010101111,true,single,36,1.0e-10,64
QAOA_reduced_surrogate,2,128,512,25,0.555;0.293;-0.488;-0.898,β[0];β[1];γ[0];γ[1],178,1,0.001953125,691.2682937500001,699.2835999999996,not_in_gurobi_pool,,1110010101100010011,00000000010111101,111001010110001001100000000010111101,true,single,36,1.0e-10,64
QAOA_reduced_surrogate,2,128,512,25,0.555;0.293;-0.488;-0.898,β[0];β[1];γ[0];γ[1],183,1,0.001953125,702.375568750004,699.7038,not_in_gurobi_pool,,0000001010001110000,11000111110000000,000000101000111000011000111110000000,true,single,36,1.0e-10,64
QAOA_reduced_surrogate,2,128,512,25,0.555;0.293;-0.488;-0.898,β[0];β[1];γ[0];γ[1],202,1,0.001953125,724.6542187499965,700.6082999999996,not_in_gurobi_pool,,1001110001101011010,00000000000001100,100111000110101101000000000000001100,true,single,36,1.0e-10,64
QAOA_reduced_surrogate,2,128,512,25,0.555;0.293;-0.488;-0.898,β[0];β[1];γ[0];γ[1],194,1,0.001953125,714.0420437500088,700.6831999999996,not_in_gurobi_pool,,1011100010110010000,10100000000000000,101110001011001000010100000000000000,true,single,36,1.0e-10,64
QAOA_reduced_surrogate,2,128,512,25,0.555;0.293;-0.488;-0.898,β[0];β[1];γ[0];γ[1],196,1,0.001953125,714.5084437500052,701.1496,not_in_gurobi_pool,,1110101010100001010,00000000000100110,111010101010000101000000000000100110,true,single,36,1.0e-10,64
QAOA_reduced_surrogate,2,128,512,25,0.555;0.293;-0.488;-0.898,β[0];β[1];γ[0];γ[1],188,1,0.001953125,704.2699687499983,701.5981999999997,not_in_gurobi_pool,,0101111000111000001,10001001000101000,010111100011100000110001001000101000,true,single,36,1.0e-10,64
QAOA_reduced_surrogate,2,128,512,25,0.555;0.293;-0.488;-0.898,β[0];β[1];γ[0];γ[1],189,1,0.001953125,704.342968749992,701.6711999999998,not_in_gurobi_pool,,1101000001001010101,00100001010000000,110100000100101010100100001010000000,true,single,36,1.0e-10,64
QAOA_reduced_surrogate,2,128,512,25,0.555;0.293;-0.488;-0.898,β[0];β[1];γ[0];γ[1],173,1,0.001953125,685.3693187499773,704.0716999999997,not_in_gurobi_pool,,1010010001100000100,00000000010101000,101001000110000010000000000010101000,true,single,36,1.0e-10,64
QAOA_reduced_surrogate,2,128,512,25,0.555;0.293;-0.488;-0.898,β[0];β[1];γ[0];γ[1],191,1,0.001953125,707.4824687500009,704.8106999999995,not_in_gurobi_pool,,1010100101100100100,00100000010000000,101010010110010010000100000010000000,true,single,36,1.0e-10,64
QAOA_reduced_surrogate,2,128,512,25,0.555;0.293;-0.488;-0.898,β[0];β[1];γ[0];γ[1],192,1,0.001953125,708.0034687500024,705.3316999999997,not_in_gurobi_pool,,1100000101101001101,00100000010000000,110000010110100110100100000010000000,true,single,36,1.0e-10,64
QAOA_reduced_surrogate,2,128,512,25,0.555;0.293;-0.488;-0.898,β[0];β[1];γ[0];γ[1],193,1,0.001953125,708.5989687500044,705.9271999999995,not_in_gurobi_pool,,0011100101010110011,00100100010000001,001110010101011001100100100010000001,true,single,36,1.0e-10,64
QAOA_reduced_surrogate,2,128,512,25,0.555;0.293;-0.488;-0.898,β[0];β[1];γ[0];γ[1],199,1,0.001953125,719.8080437499978,706.4492,not_in_gurobi_pool,,0101101110011101000,10000101100000000,010110111001110100010000101100000000,true,single,36,1.0e-10,64
QAOA_reduced_surrogate,2,128,512,25,0.555;0.293;-0.488;-0.898,β[0];β[1];γ[0];γ[1],201,1,0.001953125,721.4851437500015,708.1262999999998,not_in_gurobi_pool,,1001110010111000110,00000000000001111,100111001011100011000000000000001111,true,single,36,1.0e-10,64
QAOA_reduced_surrogate,2,128,512,25,0.555;0.293;-0.488;-0.898,β[0];β[1];γ[0];γ[1],176,1,0.001953125,689.896818749997,708.5991999999999,not_in_gurobi_pool,,0011111000111000101,00000100000101000,001111100011100010100000100000101000,true,single,36,1.0e-10,64
QAOA_reduced_surrogate,2,128,512,25,0.555;0.293;-0.488;-0.898,β[0];β[1];γ[0];γ[1],180,1,0.001953125,700.7063937500027,708.7216999999998,not_in_gurobi_pool,,0010101011000010000,10000111010000000,001010101100001000010000111010000000,true,single,36,1.0e-10,64
QAOA_reduced_surrogate,2,128,512,25,0.555;0.293;-0.488;-0.898,β[0];β[1];γ[0];γ[1],184,1,0.001953125,703.2608937500036,711.2762,not_in_gurobi_pool,,0011010001011001101,00000100010100000,001101000101100110100000100010100000,true,single,36,1.0e-10,64
QAOA_reduced_surrogate,2,128,512,25,0.555;0.293;-0.488;-0.898,β[0];β[1];γ[0];γ[1],185,1,0.001953125,703.3092937500062,711.3245999999998,not_in_gurobi_pool,,0110111001011011011,00000101010110100,011011100101101101100000101010110100,true,single,36,1.0e-10,64
QAOA_reduced_surrogate,2,128,512,25,0.555;0.293;-0.488;-0.898,β[0];β[1];γ[0];γ[1],203,1,0.001953125,725.7970437500053,712.4381999999996,not_in_gurobi_pool,,1011101011010001000,10000111000000000,101110101101000100010000111000000000,true,single,36,1.0e-10,64
QAOA_reduced_surrogate,2,128,512,25,0.555;0.293;-0.488;-0.898,β[0];β[1];γ[0];γ[1],197,1,0.001953125,716.615468749997,713.9437,not_in_gurobi_pool,,1010101111000100110,00000111010000011,101010111100010011000000111010000011,true,single,36,1.0e-10,64
QAOA_reduced_surrogate,2,128,512,25,0.555;0.293;-0.488;-0.898,β[0];β[1];γ[0];γ[1],190,1,0.001953125,705.7581437500037,735.1475999999998,not_in_gurobi_pool,,1001100010000011001,10100101010000000,100110001000001100110100101010000000,true,single,36,1.0e-10,64
QAOA_reduced_surrogate,2,128,512,25,0.555;0.293;-0.488;-0.898,β[0];β[1];γ[0];γ[1],198,1,0.001953125,718.8636187499951,737.5659999999997,not_in_gurobi_pool,,1100010010101001001,10000000010101000,110001001010100100110000000010101000,true,single,36,1.0e-10,64
QAOA_reduced_surrogate,2,128,512,25,0.555;0.293;-0.488;-0.898,β[0];β[1];γ[0];γ[1],210,1,0.001953125,741.4327687500047,738.761,not_in_gurobi_pool,,0010110000000101101,00010100011100000,001011000000010110100010100011100000,true,single,36,1.0e-10,64
QAOA_reduced_surrogate,2,128,512,25,0.555;0.293;-0.488;-0.898,β[0];β[1];γ[0];γ[1],219,1,0.001953125,753.5053437500089,740.1464999999998,not_in_gurobi_pool,,1011101010001011000,10000111000000000,101110101000101100010000111000000000,true,single,36,1.0e-10,64
QAOA_reduced_surrogate,2,128,512,25,0.555;0.293;-0.488;-0.898,β[0];β[1];γ[0];γ[1],221,1,0.001953125,754.8553437500175,741.4964999999996,not_in_gurobi_pool,,0011100100100001100,00100000000000000,001110010010000110000100000000000000,true,single,36,1.0e-10,64
QAOA_reduced_surrogate,2,128,512,25,0.555;0.293;-0.488;-0.898,β[0];β[1];γ[0];γ[1],195,1,0.001953125,714.3719437499999,743.7614000000001,not_in_gurobi_pool,,1111101001001010011,00000101000100101,111110100100101001100000101000100101,true,single,36,1.0e-10,64
QAOA_reduced_surrogate,2,128,512,25,0.555;0.293;-0.488;-0.898,β[0];β[1];γ[0];γ[1],214,1,0.001953125,747.1507687500068,744.4789999999997,not_in_gurobi_pool,,1010000010111101001,10100000010000000,101000001011110100110100000010000000,true,single,36,1.0e-10,64
QAOA_reduced_surrogate,2,128,512,25,0.555;0.293;-0.488;-0.898,β[0];β[1];γ[0];γ[1],215,1,0.001953125,747.6757687500105,745.0039999999997,not_in_gurobi_pool,,0010001010100100000,10000100000000000,001000101010010000010000100000000000,true,single,36,1.0e-10,64
QAOA_reduced_surrogate,2,128,512,25,0.555;0.293;-0.488;-0.898,β[0];β[1];γ[0];γ[1],226,1,0.001953125,769.5928187500099,745.5469,not_in_gurobi_pool,,0110100000010001110,00110000011100110,011010000001000111000110000011100110,true,single,36,1.0e-10,64
QAOA_reduced_surrogate,2,128,512,25,0.555;0.293;-0.488;-0.898,β[0];β[1];γ[0];γ[1],216,1,0.001953125,748.3302687500045,745.6584999999998,not_in_gurobi_pool,,0011101110100001001,10000100000000000,001110111010000100110000100000000000,true,single,36,1.0e-10,64
QAOA_reduced_surrogate,2,128,512,25,0.555;0.293;-0.488;-0.898,β[0];β[1];γ[0];γ[1],204,1,0.001953125,727.6225187499965,746.3248999999997,not_in_gurobi_pool,,0110100110100000101,00100000010100000,011010011010000010100100000010100000,true,single,36,1.0e-10,64
QAOA_reduced_surrogate,2,128,512,25,0.555;0.293;-0.488;-0.898,β[0];β[1];γ[0];γ[1],223,1,0.001953125,760.2939437499992,746.9351000000001,not_in_gurobi_pool,,1000111010001100111,01000111110000011,100011101000110011101000111110000011,true,single,36,1.0e-10,64
QAOA_reduced_surrogate,2,128,512,25,0.555;0.293;-0.488;-0.898,β[0];β[1];γ[0];γ[1],228,1,0.001953125,773.3014187500023,749.2554999999998,not_in_gurobi_pool,,0101001100010001101,00010101100000000,010100110001000110100010101100000000,true,single,36,1.0e-10,64
QAOA_reduced_surrogate,2,128,512,25,0.555;0.293;-0.488;-0.898,β[0];β[1];γ[0];γ[1],205,1,0.001953125,730.931218749997,749.6335999999997,not_in_gurobi_pool,,1001010010011011110,00000101010000100,100101001001101111000000101010000100,true,single,36,1.0e-10,64
QAOA_reduced_surrogate,2,128,512,25,0.555;0.293;-0.488;-0.898,β[0];β[1];γ[0];γ[1],224,1,0.001953125,763.7657437500075,750.4069,not_in_gurobi_pool,,0110000110011001100,00100000011100000,011000011001100110000100000011100000,true,single,36,1.0e-10,64
QAOA_reduced_surrogate,2,128,512,25,0.555;0.293;-0.488;-0.898,β[0];β[1];γ[0];γ[1],220,1,0.001953125,754.5052687500031,751.8335,not_in_gurobi_pool,,0011100010011001110,00100100010000110,001110001001100111000100100010000110,true,single,36,1.0e-10,64
QAOA_reduced_surrogate,2,128,512,25,0.555;0.293;-0.488;-0.898,β[0];β[1];γ[0];γ[1],206,1,0.001953125,733.5935187499965,752.2958999999998,not_in_gurobi_pool,,0110001101000010101,00000101010100000,011000110100001010100000101010100000,true,single,36,1.0e-10,64
QAOA_reduced_surrogate,2,128,512,25,0.555;0.293;-0.488;-0.898,β[0];β[1];γ[0];γ[1],211,1,0.001953125,744.7681937500063,752.7835,not_in_gurobi_pool,,0101011101010100011,00000101100100011,010101110101010001100000101100100011,true,single,36,1.0e-10,64
QAOA_reduced_surrogate,2,128,512,25,0.555;0.293;-0.488;-0.898,β[0];β[1];γ[0];γ[1],207,1,0.001953125,735.3322187500062,754.0346,not_in_gurobi_pool,,1001001101101010111,00000101000000101,100100110110101011100000101000000101,true,single,36,1.0e-10,64
QAOA_reduced_surrogate,2,128,512,25,0.555;0.293;-0.488;-0.898,β[0];β[1];γ[0];γ[1],212,1,0.001953125,746.504693750004,754.5199999999998,not_in_gurobi_pool,,0100110010110100110,00000000010101011,010011001011010011000000000010101011,true,single,36,1.0e-10,64
QAOA_reduced_surrogate,2,128,512,25,0.555;0.293;-0.488;-0.898,β[0];β[1];γ[0];γ[1],213,1,0.001953125,746.7156937500022,754.7309999999998,not_in_gurobi_pool,,0100010101011011100,00000001011100000,010001010101101110000000001011100000,true,single,36,1.0e-10,64
QAOA_reduced_surrogate,2,128,512,25,0.555;0.293;-0.488;-0.898,β[0];β[1];γ[0];γ[1],225,1,0.001953125,768.513743750003,755.1549000000001,not_in_gurobi_pool,,1110111011010000011,00001101010110111,111011101101000001100001101010110111,true,single,36,1.0e-10,64
QAOA_reduced_surrogate,2,128,512,25,0.555;0.293;-0.488;-0.898,β[0];β[1];γ[0];γ[1],222,1,0.001953125,758.0062687499997,755.3344999999999,not_in_gurobi_pool,,0101001101111001000,10000001000000000,010100110111100100010000001000000000,true,single,36,1.0e-10,64
QAOA_reduced_surrogate,2,128,512,25,0.555;0.293;-0.488;-0.898,β[0];β[1];γ[0];γ[1],208,1,0.001953125,737.870218749998,756.5725999999995,not_in_gurobi_pool,,1001101010111100110,00000101000000011,100110101011110011000000101000000011,true,single,36,1.0e-10,64
QAOA_reduced_surrogate,2,128,512,25,0.555;0.293;-0.488;-0.898,β[0];β[1];γ[0];γ[1],217,1,0.001953125,748.5736937499958,756.5889999999997,not_in_gurobi_pool,,1100001101011101100,00000101110000000,110000110101110110000000101110000000,true,single,36,1.0e-10,64
QAOA_reduced_surrogate,2,128,512,25,0.555;0.293;-0.488;-0.898,β[0];β[1];γ[0];γ[1],209,1,0.001953125,740.9885187499992,759.6909,not_in_gurobi_pool,,0110001001010100111,00000101010100011,011000100101010011100000101010100011,true,single,36,1.0e-10,64
QAOA_reduced_surrogate,2,128,512,25,0.555;0.293;-0.488;-0.898,β[0];β[1];γ[0];γ[1],239,1,0.001953125,789.9620187499995,765.9160999999999,not_in_gurobi_pool,,0000011111011010110,01000111110000101,000001111101101011001000111110000101,true,single,36,1.0e-10,64
QAOA_reduced_surrogate,2,128,512,25,0.555;0.293;-0.488;-0.898,β[0];β[1];γ[0];γ[1],240,1,0.001953125,790.5455437499909,777.1866999999999,not_in_gurobi_pool,,1111110010001000011,00001000010110111,111111001000100001100001000010110111,true,single,36,1.0e-10,64
QAOA_reduced_surrogate,2,128,512,25,0.555;0.293;-0.488;-0.898,β[0];β[1];γ[0];γ[1],227,1,0.001953125,770.7214937499944,778.7368,not_in_gurobi_pool,,1011010010000110010,00000100010100001,101101001000011001000000100010100001,true,single,36,1.0e-10,64
QAOA_reduced_surrogate,2,128,512,25,0.555;0.293;-0.488;-0.898,β[0];β[1];γ[0];γ[1],242,1,0.001953125,794.1526437500163,780.7937999999998,not_in_gurobi_pool,,0101100000011101000,10110001010000000,010110000001110100010110001010000000,true,single,36,1.0e-10,64
QAOA_reduced_surrogate,2,128,512,25,0.555;0.293;-0.488;-0.898,β[0];β[1];γ[0];γ[1],218,1,0.001953125,752.6964437500003,782.0858999999997,not_in_gurobi_pool,,1001101100101111010,00000101000000000,100110110010111101000000101000000000,true,single,36,1.0e-10,64
QAOA_reduced_surrogate,2,128,512,25,0.555;0.293;-0.488;-0.898,β[0];β[1];γ[0];γ[1],234,1,0.001953125,786.2015687499852,783.5297999999996,not_in_gurobi_pool,,1101110001100010000,10000000000101000,110111000110001000010000000000101000,true,single,36,1.0e-10,64
QAOA_reduced_surrogate,2,128,512,25,0.555;0.293;-0.488;-0.898,β[0];β[1];γ[0];γ[1],235,1,0.001953125,786.9575687500148,784.2857999999995,not_in_gurobi_pool,,0011101000100101010,00000100000000010,001110100010010101000000100000000010,true,single,36,1.0e-10,64
QAOA_reduced_surrogate,2,128,512,25,0.555;0.293;-0.488;-0.898,β[0];β[1];γ[0];γ[1],230,1,0.001953125,776.6759937499965,784.6913,not_in_gurobi_pool,,1100110010000101101,00000001011100000,110011001000010110100000001011100000,true,single,36,1.0e-10,64
QAOA_reduced_surrogate,2,128,512,25,0.555;0.293;-0.488;-0.898,β[0];β[1];γ[0];γ[1],231,1,0.001953125,776.6759937499994,784.6913,not_in_gurobi_pool,,1100010110001101101,00000001011100000,110001011000110110100000001011100000,true,single,36,1.0e-10,64
QAOA_reduced_surrogate,2,128,512,25,0.555;0.293;-0.488;-0.898,β[0];β[1];γ[0];γ[1],249,1,0.001953125,809.7251187500026,785.6791999999997,not_in_gurobi_pool,,1110111000100010100,00000000000111000,111011100010001010000000000000111000,true,single,36,1.0e-10,64
QAOA_reduced_surrogate,2,128,512,25,0.555;0.293;-0.488;-0.898,β[0];β[1];γ[0];γ[1],236,1,0.001953125,788.952568749992,786.2807999999998,not_in_gurobi_pool,,1011100011000100000,10100100010000000,101110001100010000010100100010000000,true,single,36,1.0e-10,64
QAOA_reduced_surrogate,2,128,512,25,0.555;0.293;-0.488;-0.898,β[0];β[1];γ[0];γ[1],237,1,0.001953125,789.1955687500104,786.5237999999997,not_in_gurobi_pool,,0011010100010100100,00010100010100000,001101010001010010000010100010100000,true,single,36,1.0e-10,64
QAOA_reduced_surrogate,2,128,512,25,0.555;0.293;-0.488;-0.898,β[0];β[1];γ[0];γ[1],238,1,0.001953125,789.7665687499966,787.0947999999996,not_in_gurobi_pool,,0101011100110000001,10001001000101000,010101110011000000110001001000101000,true,single,36,1.0e-10,64
QAOA_reduced_surrogate,2,128,512,25,0.555;0.293;-0.488;-0.898,β[0];β[1];γ[0];γ[1],241,1,0.001953125,790.8581687499975,788.1863999999998,not_in_gurobi_pool,,1000010101000101101,01000101011000000,100001010100010110101000101011000000,true,single,36,1.0e-10,64
QAOA_reduced_surrogate,2,128,512,25,0.555;0.293;-0.488;-0.898,β[0];β[1];γ[0];γ[1],245,1,0.001953125,802.24024375001,788.8813999999998,not_in_gurobi_pool,,0000100001100101011,01100000010000010,000010000110010101101100000010000010,true,single,36,1.0e-10,64
QAOA_reduced_surrogate,2,128,512,25,0.555;0.293;-0.488;-0.898,β[0];β[1];γ[0];γ[1],246,1,0.001953125,803.5786437500014,790.2197999999999,not_in_gurobi_pool,,0011001101000110011,00000111000000001,001100110100011001100000111000000001,true,single,36,1.0e-10,64
QAOA_reduced_surrogate,2,128,512,25,0.555;0.293;-0.488;-0.898,β[0];β[1];γ[0];γ[1],251,1,0.001953125,815.6543187499992,791.6083999999998,not_in_gurobi_pool,,0000110010101001111,01000000010001110,000011001010100111101000000010001110,true,single,36,1.0e-10,64
QAOA_reduced_surrogate,2,128,512,25,0.555;0.293;-0.488;-0.898,β[0];β[1];γ[0];γ[1],232,1,0.001953125,784.645993749999,792.6613,not_in_gurobi_pool,,0010101110000101101,00000111010000000,001010111000010110100000111010000000,true,single,36,1.0e-10,64
QAOA_reduced_surrogate,2,128,512,25,0.555;0.293;-0.488;-0.898,β[0];β[1];γ[0];γ[1],233,1,0.001953125,785.0484937500037,793.0637999999999,not_in_gurobi_pool,,1101011001010001011,00000101100100110,110101100101000101100000101100100110,true,single,36,1.0e-10,64
QAOA_reduced_surrogate,2,128,512,25,0.555;0.293;-0.488;-0.898,β[0];β[1];γ[0];γ[1],247,1,0.001953125,806.8896437499923,793.5307999999997,not_in_gurobi_pool,,0011110101100010101,00000000000101000,001111010110001010100000000000101000,true,single,36,1.0e-10,64
QAOA_reduced_surrogate,2,128,512,25,0.555;0.293;-0.488;-0.898,β[0];β[1];γ[0];γ[1],248,1,0.001953125,807.6941437499952,794.3353,not_in_gurobi_pool,,1100101110100101111,00000001000000010,110010111010010111100000001000000010,true,single,36,1.0e-10,64
QAOA_reduced_surrogate,2,128,512,25,0.555;0.293;-0.488;-0.898,β[0];β[1];γ[0];γ[1],243,1,0.001953125,797.9191687500063,795.2473999999999,not_in_gurobi_pool,,0000001010111011001,11000101000000000,000000101011101100111000101000000000,true,single,36,1.0e-10,64
QAOA_reduced_surrogate,2,128,512,25,0.555;0.293;-0.488;-0.898,β[0];β[1];γ[0];γ[1],250,1,0.001953125,810.7496437500024,797.3907999999997,not_in_gurobi_pool,,0101110010110100111,00000000000101011,010111001011010011100000000000101011,true,single,36,1.0e-10,64
QAOA_reduced_surrogate,2,128,512,25,0.555;0.293;-0.488;-0.898,β[0];β[1];γ[0];γ[1],244,1,0.001953125,800.5550687500008,797.8833000000001,not_in_gurobi_pool,,1010111101111111011,00000100000101000,101011110111111101100000100000101000,true,single,36,1.0e-10,64
QAOA_reduced_surrogate,2,128,512,25,0.555;0.293;-0.488;-0.898,β[0];β[1];γ[0];γ[1],254,1,0.001953125,822.7678187500017,798.7219,not_in_gurobi_pool,,1001011111000001101,00000111100000000,100101111100000110100000111100000000,true,single,36,1.0e-10,64
QAOA_reduced_surrogate,2,128,512,25,0.555;0.293;-0.488;-0.898,β[0];β[1];γ[0];γ[1],262,1,0.001953125,834.174443750004,820.8155999999997,not_in_gurobi_pool,,1100100100000110101,00110001011000000,110010010000011010100110001011000000,true,single,36,1.0e-10,64
QAOA_reduced_surrogate,2,128,512,25,0.555;0.293;-0.488;-0.898,β[0];β[1];γ[0];γ[1],263,1,0.001953125,834.8428437500031,821.484,not_in_gurobi_pool,,1111110100011110010,00010000010110001,111111010001111001000010000010110001,true,single,36,1.0e-10,64
QAOA_reduced_surrogate,2,128,512,25,0.555;0.293;-0.488;-0.898,β[0];β[1];γ[0];γ[1],264,1,0.001953125,837.3550437499996,823.9961999999997,not_in_gurobi_pool,,1001000110101011001,10100000000000000,100100011010101100110100000000000000,true,single,36,1.0e-10,64
QAOA_reduced_surrogate,2,128,512,25,0.555;0.293;-0.488;-0.898,β[0];β[1];γ[0];γ[1],258,1,0.001953125,830.2502687500019,827.5785000000002,not_in_gurobi_pool,,1110111100001101111,00010101010110010,111011110000110111100010101010110010,true,single,36,1.0e-10,64
QAOA_reduced_surrogate,2,128,512,25,0.555;0.293;-0.488;-0.898,β[0];β[1];γ[0];γ[1],265,1,0.001953125,841.152043750006,827.7931999999996,not_in_gurobi_pool,,0001110100100011100,00000000000001000,000111010010001110000000000000001000,true,single,36,1.0e-10,64
QAOA_reduced_surrogate,2,128,512,25,0.555;0.293;-0.488;-0.898,β[0];β[1];γ[0];γ[1],266,1,0.001953125,841.7169437500006,828.3580999999996,not_in_gurobi_pool,,0101110110101011010,00000000000101100,010111011010101101000000000000101100,true,single,36,1.0e-10,64
QAOA_reduced_surrogate,2,128,512,25,0.555;0.293;-0.488;-0.898,β[0];β[1];γ[0];γ[1],271,1,0.001953125,853.79001875,829.7440999999997,not_in_gurobi_pool,,1101100110101010101,00100000000000000,110110011010101010100100000000000000,true,single,36,1.0e-10,64
QAOA_reduced_surrogate,2,128,512,25,0.555;0.293;-0.488;-0.898,β[0];β[1];γ[0];γ[1],260,1,0.001953125,833.1834687500057,830.5116999999998,not_in_gurobi_pool,,0000110110000011100,01000101011000000,000011011000001110001000101011000000,true,single,36,1.0e-10,64
QAOA_reduced_surrogate,2,128,512,25,0.555;0.293;-0.488;-0.898,β[0];β[1];γ[0];γ[1],255,1,0.001953125,825.8717937500069,833.8870999999999,not_in_gurobi_pool,,1011011110111010000,10000100000101000,101101111011101000010000100000101000,true,single,36,1.0e-10,64
QAOA_reduced_surrogate,2,128,512,25,0.555;0.293;-0.488;-0.898,β[0];β[1];γ[0];γ[1],267,1,0.001953125,847.3479437500039,833.9890999999994,not_in_gurobi_pool,,0101010110111110010,00000000000101001,010101011011111001000000000000101001,true,single,36,1.0e-10,64
QAOA_reduced_surrogate,2,128,512,25,0.555;0.293;-0.488;-0.898,β[0];β[1];γ[0];γ[1],252,1,0.001953125,817.3832187500007,836.0856000000001,not_in_gurobi_pool,,1100011101001010110,00000101110100101,110001110100101011000000101110100101,true,single,36,1.0e-10,64
QAOA_reduced_surrogate,2,128,512,25,0.555;0.293;-0.488;-0.898,β[0];β[1];γ[0];γ[1],253,1,0.001953125,817.8252187500045,836.5275999999997,not_in_gurobi_pool,,1010011001001001111,00000111010100110,101001100100100111100000111010100110,true,single,36,1.0e-10,64
QAOA_reduced_surrogate,2,128,512,25,0.555;0.293;-0.488;-0.898,β[0];β[1];γ[0];γ[1],256,1,0.001953125,828.5982937500087,836.6135999999999,not_in_gurobi_pool,,0010110010010101100,00000100011100000,001011001001010110000000100011100000,true,single,36,1.0e-10,64
QAOA_reduced_surrogate,2,128,512,25,0.555;0.293;-0.488;-0.898,β[0];β[1];γ[0];γ[1],257,1,0.001953125,829.2337937500097,837.2491,not_in_gurobi_pool,,1101010101011101101,00000001010100000,110101010101110110100000001010100000,true,single,36,1.0e-10,64
QAOA_reduced_surrogate,2,128,512,25,0.555;0.293;-0.488;-0.898,β[0];β[1];γ[0];γ[1],259,1,0.001953125,832.1022937499981,840.1175999999998,not_in_gurobi_pool,,0100010010110010110,00000000010101101,010001001011001011000000000010101101,true,single,36,1.0e-10,64
QAOA_reduced_surrogate,2,128,512,25,0.555;0.293;-0.488;-0.898,β[0];β[1];γ[0];γ[1],270,1,0.001953125,853.5544437499896,840.1955999999998,not_in_gurobi_pool,,0010101110101011111,00000100000000100,001010111010101111100000100000000100,true,single,36,1.0e-10,64
QAOA_reduced_surrogate,2,128,512,25,0.555;0.293;-0.488;-0.898,β[0];β[1];γ[0];γ[1],261,1,0.001953125,833.4232937499958,841.4386,not_in_gurobi_pool,,1100101111001000110,00000101110000111,110010111100100011000000101110000111,true,single,36,1.0e-10,64
QAOA_reduced_surrogate,2,128,512,25,0.555;0.293;-0.488;-0.898,β[0];β[1];γ[0];γ[1],273,1,0.001953125,859.440043750004,846.0811999999999,not_in_gurobi_pool,,0001011101010110111,00000111100000001,000101110101011011100000111100000001,true,single,36,1.0e-10,64
QAOA_reduced_surrogate,2,128,512,25,0.555;0.293;-0.488;-0.898,β[0];β[1];γ[0];γ[1],268,1,0.001953125,849.4989687500001,846.8272,not_in_gurobi_pool,,1001000111110100111,00100000000000011,100100011111010011100100000000000011,true,single,36,1.0e-10,64
QAOA_reduced_surrogate,2,128,512,25,0.555;0.293;-0.488;-0.898,β[0];β[1];γ[0];γ[1],287,1,0.001953125,882.5812437500099,869.2223999999998,not_in_gurobi_pool,,0011000000111110000,10100000000000000,001100000011111000010100000000000000,true,single,36,1.0e-10,64
QAOA_reduced_surrogate,2,128,512,25,0.555;0.293;-0.488;-0.898,β[0];β[1];γ[0];γ[1],288,1,0.001953125,882.6896437499984,869.3308,not_in_gurobi_pool,,0110100001001110001,10100000011100000,011010000100111000110100000011100000,true,single,36,1.0e-10,64
QAOA_reduced_surrogate,2,128,512,25,0.555;0.293;-0.488;-0.898,β[0];β[1];γ[0];γ[1],290,1,0.001953125,884.8677437500032,871.5088999999998,not_in_gurobi_pool,,1100101010101101000,10000001000000000,110010101010110100010000001000000000,true,single,36,1.0e-10,64
QAOA_reduced_surrogate,2,128,512,25,0.555;0.293;-0.488;-0.898,β[0];β[1];γ[0];γ[1],291,1,0.001953125,885.8922437500073,872.5333999999998,not_in_gurobi_pool,,1101101010100110011,00000001000000001,110110101010011001100000001000000001,true,single,36,1.0e-10,64
QAOA_reduced_surrogate,2,128,512,25,0.555;0.293;-0.488;-0.898,β[0];β[1];γ[0];γ[1],284,1,0.001953125,875.6876687499978,873.0158999999996,not_in_gurobi_pool,,1100110011001011000,10000001011100000,110011001100101100010000001011100000,true,single,36,1.0e-10,64
QAOA_reduced_surrogate,2,128,512,25,0.555;0.293;-0.488;-0.898,β[0];β[1];γ[0];γ[1],292,1,0.001953125,886.6066437499978,873.2477999999995,not_in_gurobi_pool,,0110011100110100000,10000000000111000,011001110011010000010000000000111000,true,single,36,1.0e-10,64
QAOA_reduced_surrogate,2,128,512,25,0.555;0.293;-0.488;-0.898,β[0];β[1];γ[0];γ[1],278,1,0.001953125,865.6345937499982,873.6498999999999,not_in_gurobi_pool,,1010111000101101111,00000100000101010,101011100010110111100000100000101010,true,single,36,1.0e-10,64
QAOA_reduced_surrogate,2,128,512,25,0.555;0.293;-0.488;-0.898,β[0];β[1];γ[0];γ[1],272,1,0.001953125,856.3114187500128,875.0137999999997,not_in_gurobi_pool,,0110100010110001000,10100000010100000,011010001011000100010100000010100000,true,single,36,1.0e-10,64
QAOA_reduced_surrogate,2,128,512,25,0.555;0.293;-0.488;-0.898,β[0];β[1];γ[0];γ[1],280,1,0.001953125,868.475593749999,876.4909,not_in_gurobi_pool,,1010001110000101110,00000111010000010,101000111000010111000000111010000010,true,single,36,1.0e-10,64
QAOA_reduced_surrogate,2,128,512,25,0.555;0.293;-0.488;-0.898,β[0];β[1];γ[0];γ[1],274,1,0.001953125,859.8601187499958,878.5625,not_in_gurobi_pool,,1001011100111101101,00000101000001000,100101110011110110100000101000001000,true,single,36,1.0e-10,64
QAOA_reduced_surrogate,2,128,512,25,0.555;0.293;-0.488;-0.898,β[0];β[1];γ[0];γ[1],281,1,0.001953125,870.6774937499956,878.6928000000001,not_in_gurobi_pool,,0110111010010101011,00000101010110010,011011101001010101100000101010110010,true,single,36,1.0e-10,64
QAOA_reduced_surrogate,2,128,512,25,0.555;0.293;-0.488;-0.898,β[0];β[1];γ[0];γ[1],286,1,0.001953125,881.4281687500047,878.7563999999998,not_in_gurobi_pool,,1101110011001100101,00000001010100000,110111001100110010100000001010100000,true,single,36,1.0e-10,64
QAOA_reduced_surrogate,2,128,512,25,0.555;0.293;-0.488;-0.898,β[0];β[1];γ[0];γ[1],295,1,0.001953125,903.264718750009,879.2187999999999,not_in_gurobi_pool,,1110100011011011001,10100000011100000,111010001101101100110100000011100000,true,single,36,1.0e-10,64
QAOA_reduced_surrogate,2,128,512,25,0.555;0.293;-0.488;-0.898,β[0];β[1];γ[0];γ[1],282,1,0.001953125,871.568593750002,879.5838999999999,not_in_gurobi_pool,,1010001101000110110,00000111010000001,101000110100011011000000111010000001,true,single,36,1.0e-10,64
QAOA_reduced_surrogate,2,128,512,25,0.555;0.293;-0.488;-0.898,β[0];β[1];γ[0];γ[1],275,1,0.001953125,862.2824187500016,880.9848,not_in_gurobi_pool,,0110001101011011001,10000101010100000,011000110101101100110000101010100000,true,single,36,1.0e-10,64
QAOA_reduced_surrogate,2,128,512,25,0.555;0.293;-0.488;-0.898,β[0];β[1];γ[0];γ[1],283,1,0.001953125,873.2245937499947,881.2399,not_in_gurobi_pool,,0100001101000110101,00000101110000000,010000110100011010100000101110000000,true,single,36,1.0e-10,64
QAOA_reduced_surrogate,2,128,512,25,0.555;0.293;-0.488;-0.898,β[0];β[1];γ[0];γ[1],289,1,0.001953125,884.2781687500037,881.6063999999997,not_in_gurobi_pool,,1011011010010010111,00000111000100101,101101101001001011100000111000100101,true,single,36,1.0e-10,64
QAOA_reduced_surrogate,2,128,512,25,0.555;0.293;-0.488;-0.898,β[0];β[1];γ[0];γ[1],276,1,0.001953125,863.3634187500002,882.0657999999999,not_in_gurobi_pool,,0110100110110000110,00100000010100111,011010011011000011000100000010100111,true,single,36,1.0e-10,64
QAOA_reduced_surrogate,2,128,512,25,0.555;0.293;-0.488;-0.898,β[0];β[1];γ[0];γ[1],269,1,0.001953125,853.0728437500015,882.4622999999999,not_in_gurobi_pool,,0111101010010000101,00000101000100000,011110101001000010100000101000100000,true,single,36,1.0e-10,64
QAOA_reduced_surrogate,2,128,512,25,0.555;0.293;-0.488;-0.898,β[0];β[1];γ[0];γ[1],277,1,0.001953125,864.3255187500026,883.0278999999998,not_in_gurobi_pool,,0010111001011111011,00000111010100000,001011100101111101100000111010100000,true,single,36,1.0e-10,64
QAOA_reduced_surrogate,2,128,512,25,0.555;0.293;-0.488;-0.898,β[0];β[1];γ[0];γ[1],285,1,0.001953125,876.4274937500086,884.4427999999999,not_in_gurobi_pool,,1110111101010110101,00000101010110000,111011110101011010100000101010110000,true,single,36,1.0e-10,64
QAOA_reduced_surrogate,2,128,512,25,0.555;0.293;-0.488;-0.898,β[0];β[1];γ[0];γ[1],293,1,0.001953125,887.3956687499965,884.7238999999997,not_in_gurobi_pool,,1100111010111100110,00000001000101011,110011101011110011000000001000101011,true,single,36,1.0e-10,64
QAOA_reduced_surrogate,2,128,512,25,0.555;0.293;-0.488;-0.898,β[0];β[1];γ[0];γ[1],279,1,0.001953125,867.6065187500037,886.3088999999995,not_in_gurobi_pool,,0010011011011001000,10000111010100000,001001101101100100010000111010100000,true,single,36,1.0e-10,64
QAOA_reduced_surrogate,2,128,512,25,0.555;0.293;-0.488;-0.898,β[0];β[1];γ[0];γ[1],302,1,0.001953125,915.2674187499877,891.2214999999997,not_in_gurobi_pool,,1001111111011011100,00000111100000000,100111111101101110000000111100000000,true,single,36,1.0e-10,64
QAOA_reduced_surrogate,2,128,512,25,0.555;0.293;-0.488;-0.898,β[0];β[1];γ[0];γ[1],309,1,0.001953125,931.1145187499908,907.0685999999995,not_in_gurobi_pool,,0111110100010000001,10011000010110000,011111010001000000110011000010110000,true,single,36,1.0e-10,64
QAOA_reduced_surrogate,2,128,512,25,0.555;0.293;-0.488;-0.898,β[0];β[1];γ[0];γ[1],305,1,0.001953125,922.8689437499884,909.5100999999997,not_in_gurobi_pool,,1110000101000101000,10100000011100000,111000010100010100010100000011100000,true,single,36,1.0e-10,64
QAOA_reduced_surrogate,2,128,512,25,0.555;0.293;-0.488;-0.898,β[0];β[1];γ[0];γ[1],294,1,0.001953125,902.748293750004,910.7635999999997,not_in_gurobi_pool,,1111110100110101011,00000000000111010,111111010011010101100000000000111010,true,single,36,1.0e-10,64
QAOA_reduced_surrogate,2,128,512,25,0.555;0.293;-0.488;-0.898,β[0];β[1];γ[0];γ[1],301,1,0.001953125,913.9429687499967,911.2711999999999,not_in_gurobi_pool,,1100001100000110100,00010101110000000,110000110000011010000010101110000000,true,single,36,1.0e-10,64
QAOA_reduced_surrogate,2,128,512,25,0.555;0.293;-0.488;-0.898,β[0];β[1];γ[0];γ[1],296,1,0.001953125,906.1797937500016,914.1950999999999,not_in_gurobi_pool,,1110100101100101010,00100000010100010,111010010110010101000100000010100010,true,single,36,1.0e-10,64
QAOA_reduced_surrogate,2,128,512,25,0.555;0.293;-0.488;-0.898,β[0];β[1];γ[0];γ[1],303,1,0.001953125,918.549068750016,915.8772999999999,not_in_gurobi_pool,,0000100100010101101,01110101011000000,000010010001010110101110101011000000,true,single,36,1.0e-10,64
QAOA_reduced_surrogate,2,128,512,25,0.555;0.293;-0.488;-0.898,β[0];β[1];γ[0];γ[1],297,1,0.001953125,909.459893750005,917.4751999999999,not_in_gurobi_pool,,1010001110000110100,00000111010000000,101000111000011010000000111010000000,true,single,36,1.0e-10,64
QAOA_reduced_surrogate,2,128,512,25,0.555;0.293;-0.488;-0.898,β[0];β[1];γ[0];γ[1],306,1,0.001953125,923.1308687500045,920.4590999999997,not_in_gurobi_pool,,1110010001111011010,00000000010111100,111001000111101101000000000010111100,true,single,36,1.0e-10,64
QAOA_reduced_surrogate,2,128,512,25,0.555;0.293;-0.488;-0.898,β[0];β[1];γ[0];γ[1],299,1,0.001953125,912.5853937500001,920.6006999999997,not_in_gurobi_pool,,1101011000111001101,00000001000101000,110101100011100110100000001000101000,true,single,36,1.0e-10,64
QAOA_reduced_surrogate,2,128,512,25,0.555;0.293;-0.488;-0.898,β[0];β[1];γ[0];γ[1],300,1,0.001953125,912.8278937499904,920.8431999999996,not_in_gurobi_pool,,0100011001100100011,00000001000101011,010001100110010001100000001000101011,true,single,36,1.0e-10,64
QAOA_reduced_surrogate,2,128,512,25,0.555;0.293;-0.488;-0.898,β[0];β[1];γ[0];γ[1],307,1,0.001953125,925.2034687499934,922.5316999999998,not_in_gurobi_pool,,0101001001001000100,00000101100000000,010100100100100010000000101100000000,true,single,36,1.0e-10,64
QAOA_reduced_surrogate,2,128,512,25,0.555;0.293;-0.488;-0.898,β[0];β[1];γ[0];γ[1],310,1,0.001953125,936.20414375001,922.8452999999997,not_in_gurobi_pool,,0000000001101100110,01100000010000011,000000000110110011001100000010000011,true,single,36,1.0e-10,64
QAOA_reduced_surrogate,2,128,512,25,0.555;0.293;-0.488;-0.898,β[0];β[1];γ[0];γ[1],304,1,0.001953125,918.7178937500012,926.7331999999997,not_in_gurobi_pool,,1100111010111000110,00000001000101111,110011101011100011000000001000101111,true,single,36,1.0e-10,64
QAOA_reduced_surrogate,2,128,512,25,0.555;0.293;-0.488;-0.898,β[0];β[1];γ[0];γ[1],312,1,0.001953125,940.9025437499831,927.5436999999997,not_in_gurobi_pool,,1011101110110101101,00000100000000000,101110111011010110100000100000000000,true,single,36,1.0e-10,64
QAOA_reduced_surrogate,2,128,512,25,0.555;0.293;-0.488;-0.898,β[0];β[1];γ[0];γ[1],298,1,0.001953125,911.4957187500072,930.1980999999995,not_in_gurobi_pool,,1110010111110000101,00000000010111000,111001011111000010100000000010111000,true,single,36,1.0e-10,64
QAOA_reduced_surrogate,2,128,512,25,0.555;0.293;-0.488;-0.898,β[0];β[1];γ[0];γ[1],317,1,0.001953125,949.5795437499962,936.2206999999999,not_in_gurobi_pool,,0101001011010000111,00000101100000111,010100101101000011100000101100000111,true,single,36,1.0e-10,64
QAOA_reduced_surrogate,2,128,512,25,0.555;0.293;-0.488;-0.898,β[0];β[1];γ[0];γ[1],311,1,0.001953125,936.721118750007,955.4234999999996,not_in_gurobi_pool,,0010110000100110100,00000000010101000,001011000010011010000000000010101000,true,single,36,1.0e-10,64
QAOA_reduced_surrogate,2,128,512,25,0.555;0.293;-0.488;-0.898,β[0];β[1];γ[0];γ[1],308,1,0.001953125,929.4816437500028,958.8710999999996,not_in_gurobi_pool,,1001100001000110100,00100101010000000,100110000100011010000100101010000000,true,single,36,1.0e-10,64
QAOA_reduced_surrogate,2,128,512,25,0.555;0.293;-0.488;-0.898,β[0];β[1];γ[0];γ[1],320,1,0.001953125,972.9852437499994,959.6263999999999,not_in_gurobi_pool,,0110100110000110111,00100000011100001,011010011000011011100100000011100001,true,single,36,1.0e-10,64
QAOA_reduced_surrogate,2,128,512,25,0.555;0.293;-0.488;-0.898,β[0];β[1];γ[0];γ[1],321,1,0.001953125,974.9128437499974,961.5539999999996,not_in_gurobi_pool,,1101001101100110010,00000001000000001,110100110110011001000000001000000001,true,single,36,1.0e-10,64
QAOA_reduced_surrogate,2,128,512,25,0.555;0.293;-0.488;-0.898,β[0];β[1];γ[0];γ[1],319,1,0.001953125,965.2541687500027,962.5824,not_in_gurobi_pool,,0110010110110101011,00000000010111010,011001011011010101100000000010111010,true,single,36,1.0e-10,64
QAOA_reduced_surrogate,2,128,512,25,0.555;0.293;-0.488;-0.898,β[0];β[1];γ[0];γ[1],318,1,0.001953125,955.1971937500036,963.2125000000001,not_in_gurobi_pool,,0100101010001110100,00000101110000000,010010101000111010000000101110000000,true,single,36,1.0e-10,64
QAOA_reduced_surrogate,2,128,512,25,0.555;0.293;-0.488;-0.898,β[0];β[1];γ[0];γ[1],313,1,0.001953125,944.7196187499992,963.4219999999996,not_in_gurobi_pool,,1011011000111000111,00000100000101111,101101100011100011100000100000101111,true,single,36,1.0e-10,64
QAOA_reduced_surrogate,2,128,512,25,0.555;0.293;-0.488;-0.898,β[0];β[1];γ[0];γ[1],327,1,0.001953125,987.5389187500007,963.4929999999997,not_in_gurobi_pool,,1101101111000101001,10000101100000000,110110111100010100110000101100000000,true,single,36,1.0e-10,64
QAOA_reduced_surrogate,2,128,512,25,0.555;0.293;-0.488;-0.898,β[0];β[1];γ[0];γ[1],314,1,0.001953125,945.5347187500017,964.2370999999996,not_in_gurobi_pool,,1001100011010110000,10100101010000000,100110001101011000010100101010000000,true,single,36,1.0e-10,64
QAOA_reduced_surrogate,2,128,512,25,0.555;0.293;-0.488;-0.898,β[0];β[1];γ[0];γ[1],315,1,0.001953125,946.1545187499989,964.8568999999998,not_in_gurobi_pool,,1111000101010000111,00100000010100111,111100010101000011100100000010100111,true,single,36,1.0e-10,64
QAOA_reduced_surrogate,2,128,512,25,0.555;0.293;-0.488;-0.898,β[0];β[1];γ[0];γ[1],316,1,0.001953125,946.2887187500021,964.9910999999997,not_in_gurobi_pool,,1001001110100110111,00000101000000001,100100111010011011100000101000000001,true,single,36,1.0e-10,64
QAOA_reduced_surrogate,2,128,512,25,0.555;0.293;-0.488;-0.898,β[0];β[1];γ[0];γ[1],323,1,0.001953125,979.8678437500016,966.5089999999998,not_in_gurobi_pool,,1011001010011110101,00000111000000000,101100101001111010100000111000000000,true,single,36,1.0e-10,64
QAOA_reduced_surrogate,2,128,512,25,0.555;0.293;-0.488;-0.898,β[0];β[1];γ[0];γ[1],324,1,0.001953125,982.0938437500024,968.7349999999997,not_in_gurobi_pool,,0011101001001011111,00000111000000100,001110100100101111100000111000000100,true,single,36,1.0e-10,64
QAOA_reduced_surrogate,2,128,512,25,0.555;0.293;-0.488;-0.898,β[0];β[1];γ[0];γ[1],326,1,0.001953125,985.3168437499846,971.9579999999999,not_in_gurobi_pool,,0011110101111011101,00000000000101000,001111010111101110100000000000101000,true,single,36,1.0e-10,64
QAOA_reduced_surrogate,2,128,512,25,0.555;0.293;-0.488;-0.898,β[0];β[1];γ[0];γ[1],325,1,0.001953125,983.1953937499986,991.2106999999999,not_in_gurobi_pool,,0110010100101110001,10000000010111000,011001010010111000110000000010111000,true,single,36,1.0e-10,64
QAOA_reduced_surrogate,2,128,512,25,0.555;0.293;-0.488;-0.898,β[0];β[1];γ[0];γ[1],337,1,0.001953125,1016.3988187499986,992.3528999999996,not_in_gurobi_pool,,1000011000001111011,01010111110000000,100001100000111101101010111110000000,true,single,36,1.0e-10,64
QAOA_reduced_surrogate,2,128,512,25,0.555;0.293;-0.488;-0.898,β[0];β[1];γ[0];γ[1],333,1,0.001953125,1007.2671437499971,993.9082999999998,not_in_gurobi_pool,,0011100000101111011,00100000000000000,001110000010111101100100000000000000,true,single,36,1.0e-10,64
QAOA_reduced_surrogate,2,128,512,25,0.555;0.293;-0.488;-0.898,β[0];β[1];γ[0];γ[1],334,1,0.001953125,1008.7321437500163,995.3732999999997,not_in_gurobi_pool,,0011100000000101101,00110100010000000,001110000000010110100110100010000000,true,single,36,1.0e-10,64
QAOA_reduced_surrogate,2,128,512,25,0.555;0.293;-0.488;-0.898,β[0];β[1];γ[0];γ[1],329,1,0.001953125,994.7093937499938,1002.7247,not_in_gurobi_pool,,1110011100011000110,00010101010110111,111001110001100011000010101010110111,true,single,36,1.0e-10,64
QAOA_reduced_surrogate,2,128,512,25,0.555;0.293;-0.488;-0.898,β[0];β[1];γ[0];γ[1],339,1,0.001953125,1027.3102187499828,1003.2642999999996,not_in_gurobi_pool,,1011100110111111010,00100000000000000,101110011011111101000100000000000000,true,single,36,1.0e-10,64
QAOA_reduced_surrogate,2,128,512,25,0.555;0.293;-0.488;-0.898,β[0];β[1];γ[0];γ[1],330,1,0.001953125,995.454993750004,1003.4702999999997,not_in_gurobi_pool,,0101011110100001011,00000001000101110,010101111010000101100000001000101110,true,single,36,1.0e-10,64
QAOA_reduced_surrogate,2,128,512,25,0.555;0.293;-0.488;-0.898,β[0];β[1];γ[0];γ[1],331,1,0.001953125,1006.2610687500066,1003.5892999999999,not_in_gurobi_pool,,1101011010010110011,00000101100100001,110101101001011001100000101100100001,true,single,36,1.0e-10,64
QAOA_reduced_surrogate,2,128,512,25,0.555;0.293;-0.488;-0.898,β[0];β[1];γ[0];γ[1],332,1,0.001953125,1006.4570687499959,1003.7852999999998,not_in_gurobi_pool,,0011101100101011101,00000100000000000,001110110010101110100000100000000000,true,single,36,1.0e-10,64
QAOA_reduced_surrogate,2,128,512,25,0.555;0.293;-0.488;-0.898,β[0];β[1];γ[0];γ[1],343,1,0.001953125,1028.8948187499982,1004.8488999999997,not_in_gurobi_pool,,1000110101100110101,01000000010001000,100011010110011010101000000010001000,true,single,36,1.0e-10,64
QAOA_reduced_surrogate,2,128,512,25,0.555;0.293;-0.488;-0.898,β[0];β[1];γ[0];γ[1],322,1,0.001953125,977.455743749998,1006.8452,not_in_gurobi_pool,,1111001101010001010,00000101000100110,111100110101000101000000101000100110,true,single,36,1.0e-10,64
QAOA_reduced_surrogate,2,128,512,25,0.555;0.293;-0.488;-0.898,β[0];β[1];γ[0];γ[1],335,1,0.001953125,1010.2160687500079,1007.5442999999998,not_in_gurobi_pool,,1101011001010101011,00000101100100010,110101100101010101100000101100100010,true,single,36,1.0e-10,64
QAOA_reduced_surrogate,2,128,512,25,0.555;0.293;-0.488;-0.898,β[0];β[1];γ[0];γ[1],328,1,0.001953125,990.4679187500028,1009.1702999999998,not_in_gurobi_pool,,0011011100110000110,00000100000101111,001101110011000011000000100000101111,true,single,36,1.0e-10,64
QAOA_reduced_surrogate,2,128,512,25,0.555;0.293;-0.488;-0.898,β[0];β[1];γ[0];γ[1],336,1,0.001953125,1012.6200687500022,1009.9482999999998,not_in_gurobi_pool,,0011101000110011101,00000100000000000,001110100011001110100000100000000000,true,single,36,1.0e-10,64
QAOA_reduced_surrogate,2,128,512,25,0.555;0.293;-0.488;-0.898,β[0];β[1];γ[0];γ[1],340,1,0.001953125,1027.805143749998,1014.4462999999994,not_in_gurobi_pool,,1011000111011101101,00100100010000000,101100011101110110100100100010000000,true,single,36,1.0e-10,64
QAOA_reduced_surrogate,2,128,512,25,0.555;0.293;-0.488;-0.898,β[0];β[1];γ[0];γ[1],342,1,0.001953125,1028.782043750004,1015.4231999999995,not_in_gurobi_pool,,1111111101110010101,00000000000111000,111111110111001010100000000000111000,true,single,36,1.0e-10,64
QAOA_reduced_surrogate,2,128,512,25,0.555;0.293;-0.488;-0.898,β[0];β[1];γ[0];γ[1],346,1,0.001953125,1039.5422187499998,1015.4962999999998,not_in_gurobi_pool,,0101000101111110111,00100000000000001,010100010111111011100100000000000001,true,single,36,1.0e-10,64
QAOA_reduced_surrogate,2,128,512,25,0.555;0.293;-0.488;-0.898,β[0];β[1];γ[0];γ[1],338,1,0.001953125,1022.2980687499937,1019.6262999999997,not_in_gurobi_pool,,0011111001111100111,00000100000101011,001111100111110011100000100000101011,true,single,36,1.0e-10,64
QAOA_reduced_surrogate,2,128,512,25,0.555;0.293;-0.488;-0.898,β[0];β[1];γ[0];γ[1],353,1,0.001953125,1050.8834437499952,1037.5245999999997,not_in_gurobi_pool,,0011011000000011011,00010111000100100,001101100000001101100010111000100100,true,single,36,1.0e-10,64
QAOA_reduced_surrogate,2,128,512,25,0.555;0.293;-0.488;-0.898,β[0];β[1];γ[0];γ[1],350,1,0.001953125,1046.727268749999,1044.0554999999997,not_in_gurobi_pool,,1111111100101001111,00000000000111110,111111110010100111100000000000111110,true,single,36,1.0e-10,64
QAOA_reduced_surrogate,2,128,512,25,0.555;0.293;-0.488;-0.898,β[0];β[1];γ[0];γ[1],351,1,0.001953125,1046.7738687499993,1044.1020999999996,not_in_gurobi_pool,,1100000110100110101,00100000010000000,110000011010011010100100000010000000,true,single,36,1.0e-10,64
QAOA_reduced_surrogate,2,128,512,25,0.555;0.293;-0.488;-0.898,β[0];β[1];γ[0];γ[1],345,1,0.001953125,1036.2882937500017,1044.3035999999997,not_in_gurobi_pool,,0101110010000101101,00000001010100000,010111001000010110100000001010100000,true,single,36,1.0e-10,64
QAOA_reduced_surrogate,2,128,512,25,0.555;0.293;-0.488;-0.898,β[0];β[1];γ[0];γ[1],357,1,0.001953125,1058.9654437500133,1045.6065999999998,not_in_gurobi_pool,,0101100000010101110,00110001010000010,010110000001010111000110001010000010,true,single,36,1.0e-10,64
QAOA_reduced_surrogate,2,128,512,25,0.555;0.293;-0.488;-0.898,β[0];β[1];γ[0];γ[1],358,1,0.001953125,1059.6324437500014,1046.2735999999998,not_in_gurobi_pool,,1011101010001101100,00000111000000000,101110101000110110000000111000000000,true,single,36,1.0e-10,64
QAOA_reduced_surrogate,2,128,512,25,0.555;0.293;-0.488;-0.898,β[0];β[1];γ[0];γ[1],341,1,0.001953125,1028.4096187500043,1047.1119999999999,not_in_gurobi_pool,,0110100100110110101,00100000010100000,011010010011011010100100000010100000,true,single,36,1.0e-10,64
QAOA_reduced_surrogate,2,128,512,25,0.555;0.293;-0.488;-0.898,β[0];β[1];γ[0];γ[1],347,1,0.001953125,1039.6922937500035,1047.7075999999995,not_in_gurobi_pool,,0011011010010001001,10000111000100000,001101101001000100110000111000100000,true,single,36,1.0e-10,64
QAOA_reduced_surrogate,2,128,512,25,0.555;0.293;-0.488;-0.898,β[0];β[1];γ[0];γ[1],348,1,0.001953125,1039.8122937500036,1047.8275999999998,not_in_gurobi_pool,,0101110101001101100,00000001010100000,010111010100110110000000001010100000,true,single,36,1.0e-10,64
QAOA_reduced_surrogate,2,128,512,25,0.555;0.293;-0.488;-0.898,β[0];β[1];γ[0];γ[1],354,1,0.001953125,1051.2683687500003,1048.5965999999994,not_in_gurobi_pool,,0011001110001000110,00000111000000111,001100111000100011000000111000000111,true,single,36,1.0e-10,64
QAOA_reduced_surrogate,2,128,512,25,0.555;0.293;-0.488;-0.898,β[0];β[1];γ[0];γ[1],349,1,0.001953125,1042.4512937499999,1050.4665999999995,not_in_gurobi_pool,,0101010110010101101,00000001010100000,010101011001010110100000001010100000,true,single,36,1.0e-10,64
QAOA_reduced_surrogate,2,128,512,25,0.555;0.293;-0.488;-0.898,β[0];β[1];γ[0];γ[1],355,1,0.001953125,1054.5503687499988,1051.8785999999993,not_in_gurobi_pool,,1011011101100100101,00000100000101000,101101110110010010100000100000101000,true,single,36,1.0e-10,64
QAOA_reduced_surrogate,2,128,512,25,0.555;0.293;-0.488;-0.898,β[0];β[1];γ[0];γ[1],356,1,0.001953125,1055.3723687499999,1052.7005999999997,not_in_gurobi_pool,,0011011110111110010,00000100000101001,001101111011111001000000100000101001,true,single,36,1.0e-10,64
QAOA_reduced_surrogate,2,128,512,25,0.555;0.293;-0.488;-0.898,β[0];β[1];γ[0];γ[1],344,1,0.001953125,1034.9447187499952,1053.6470999999997,not_in_gurobi_pool,,1010011010011101110,00000111010100010,101001101001110111000000111010100010,true,single,36,1.0e-10,64
QAOA_reduced_surrogate,2,128,512,25,0.555;0.293;-0.488;-0.898,β[0];β[1];γ[0];γ[1],352,1,0.001953125,1047.4572937499993,1055.4725999999996,not_in_gurobi_pool,,0011111101100000110,00000100000101111,001111110110000011000000100000101111,true,single,36,1.0e-10,64
QAOA_reduced_surrogate,2,128,512,25,0.555;0.293;-0.488;-0.898,β[0];β[1];γ[0];γ[1],359,1,0.001953125,1059.8553687500046,1057.1835999999996,not_in_gurobi_pool,,1101010111010101101,00000001010100000,110101011101010110100000001010100000,true,single,36,1.0e-10,64
QAOA_reduced_surrogate,2,128,512,25,0.555;0.293;-0.488;-0.898,β[0];β[1];γ[0];γ[1],361,1,0.001953125,1068.2959937500045,1076.3112999999998,not_in_gurobi_pool,,1110110100100111010,00000000010111000,111011010010011101000000000010111000,true,single,36,1.0e-10,64
QAOA_reduced_surrogate,2,128,512,25,0.555;0.293;-0.488;-0.898,β[0];β[1];γ[0];γ[1],365,1,0.001953125,1080.1106687499957,1077.4388999999996,not_in_gurobi_pool,,1011010000000110100,00010100010100000,101101000000011010000010100010100000,true,single,36,1.0e-10,64
QAOA_reduced_surrogate,2,128,512,25,0.555;0.293;-0.488;-0.898,β[0];β[1];γ[0];γ[1],363,1,0.001953125,1079.0029937499762,1087.0182999999997,not_in_gurobi_pool,,0110010001100010010,00000000010111101,011001000110001001000000000010111101,true,single,36,1.0e-10,64
QAOA_reduced_surrogate,2,128,512,25,0.555;0.293;-0.488;-0.898,β[0];β[1];γ[0];γ[1],362,1,0.001953125,1068.8930187500057,1087.5954,not_in_gurobi_pool,,1100011001001111011,00000101110100000,110001100100111101100000101110100000,true,single,36,1.0e-10,64
QAOA_reduced_surrogate,2,128,512,25,0.555;0.293;-0.488;-0.898,β[0];β[1];γ[0];γ[1],364,1,0.001953125,1079.6725937499973,1087.6878999999997,not_in_gurobi_pool,,1011010001001011101,00000100010100000,101101000100101110100000100010100000,true,single,36,1.0e-10,64
QAOA_reduced_surrogate,2,128,512,25,0.555;0.293;-0.488;-0.898,β[0];β[1];γ[0];γ[1],375,1,0.001953125,1123.0232937499995,1088.2902999999997,not_in_gurobi_pool,,0110111110101101001,10000000000111000,011011111010110100110000000000111000,true,single,36,1.0e-10,64
QAOA_reduced_surrogate,2,128,512,25,0.555;0.293;-0.488;-0.898,β[0];β[1];γ[0];γ[1],368,1,0.001953125,1092.5221687499986,1089.8503999999996,not_in_gurobi_pool,,0100000110101110101,00100000010000000,010000011010111010100100000010000000,true,single,36,1.0e-10,64
QAOA_reduced_surrogate,2,128,512,25,0.555;0.293;-0.488;-0.898,β[0];β[1];γ[0];γ[1],360,1,0.001953125,1060.781943750006,1090.1713999999995,not_in_gurobi_pool,,1100110011100010011,00000000010101101,110011001110001001100000000010101101,true,single,36,1.0e-10,64
QAOA_reduced_surrogate,2,128,512,25,0.555;0.293;-0.488;-0.898,β[0];β[1];γ[0];γ[1],366,1,0.001953125,1082.4689937500034,1090.4842999999998,not_in_gurobi_pool,,0110100110100010110,00100000010100101,011010011010001011000100000010100101,true,single,36,1.0e-10,64
QAOA_reduced_surrogate,2,128,512,25,0.555;0.293;-0.488;-0.898,β[0];β[1];γ[0];γ[1],370,1,0.001953125,1106.9763437499942,1093.6174999999996,not_in_gurobi_pool,,1000010111001101100,01000101011000000,100001011100110110001000101011000000,true,single,36,1.0e-10,64
QAOA_reduced_surrogate,2,128,512,25,0.555;0.293;-0.488;-0.898,β[0];β[1];γ[0];γ[1],367,1,0.001953125,1085.814593749997,1093.8298999999997,not_in_gurobi_pool,,1011101111101100000,10000100000000000,101110111110110000010000100000000000,true,single,36,1.0e-10,64
QAOA_reduced_surrogate,2,128,512,25,0.555;0.293;-0.488;-0.898,β[0];β[1];γ[0];γ[1],369,1,0.001953125,1098.2796687500015,1095.6078999999995,not_in_gurobi_pool,,0011111001001100110,00000111000100011,001111100100110011000000111000100011,true,single,36,1.0e-10,64
QAOA_reduced_surrogate,2,128,512,25,0.555;0.293;-0.488;-0.898,β[0];β[1];γ[0];γ[1],371,1,0.001953125,1112.783743750001,1099.4248999999995,not_in_gurobi_pool,,0011000001111000110,00100000000000111,001100000111100011000100000000000111,true,single,36,1.0e-10,64
QAOA_reduced_surrogate,2,128,512,25,0.555;0.293;-0.488;-0.898,β[0];β[1];γ[0];γ[1],377,1,0.001953125,1127.090918749999,1103.0449999999996,not_in_gurobi_pool,,0001111011011111011,00000111100000000,000111101101111101100000111100000000,true,single,36,1.0e-10,64
QAOA_reduced_surrogate,2,128,512,25,0.555;0.293;-0.488;-0.898,β[0];β[1];γ[0];γ[1],376,1,0.001953125,1123.210468750002,1120.5386999999998,not_in_gurobi_pool,,1010100110001111000,10100100011000000,101010011000111100010100100011000000,true,single,36,1.0e-10,64
QAOA_reduced_surrogate,2,128,512,25,0.555;0.293;-0.488;-0.898,β[0];β[1];γ[0];γ[1],373,1,0.001953125,1118.1652937499982,1126.1805999999997,not_in_gurobi_pool,,0110100110101011001,10100000010100000,011010011010101100110100000010100000,true,single,36,1.0e-10,64
QAOA_reduced_surrogate,2,128,512,25,0.555;0.293;-0.488;-0.898,β[0];β[1];γ[0];γ[1],374,1,0.001953125,1118.492793750006,1126.5080999999998,not_in_gurobi_pool,,1111101000000110111,00010101000100001,111110100000011011100010101000100001,true,single,36,1.0e-10,64
QAOA_reduced_surrogate,2,128,512,25,0.555;0.293;-0.488;-0.898,β[0];β[1];γ[0];γ[1],372,1,0.001953125,1112.9742187499994,1131.6765999999998,not_in_gurobi_pool,,1110001010000101101,00000101010100000,111000101000010110100000101010100000,true,single,36,1.0e-10,64
QAOA_reduced_surrogate,2,128,512,25,0.555;0.293;-0.488;-0.898,β[0];β[1];γ[0];γ[1],378,1,0.001953125,1135.7944687499894,1133.1226999999994,not_in_gurobi_pool,,1100000001100110101,00100000010000000,110000000110011010100100000010000000,true,single,36,1.0e-10,64
QAOA_reduced_surrogate,2,128,512,25,0.555;0.293;-0.488;-0.898,β[0];β[1];γ[0];γ[1],382,1,0.001953125,1158.555118749988,1134.5091999999997,not_in_gurobi_pool,,0011000110111111011,00100000000000000,001100011011111101100100000000000000,true,single,36,1.0e-10,64
QAOA_reduced_surrogate,2,128,512,25,0.555;0.293;-0.488;-0.898,β[0];β[1];γ[0];γ[1],380,1,0.001953125,1145.3098937499979,1153.3251999999993,not_in_gurobi_pool,,0011001111110000111,00000100000000111,001100111111000011100000100000000111,true,single,36,1.0e-10,64
QAOA_reduced_surrogate,2,128,512,25,0.555;0.293;-0.488;-0.898,β[0];β[1];γ[0];γ[1],379,1,0.001953125,1140.6240187500002,1159.3263999999997,not_in_gurobi_pool,,1111100100101110001,10100000000100000,111110010010111000110100000000100000,true,single,36,1.0e-10,64
QAOA_reduced_surrogate,2,128,512,25,0.555;0.293;-0.488;-0.898,β[0];β[1];γ[0];γ[1],381,1,0.001953125,1157.9970937500043,1166.0123999999998,not_in_gurobi_pool,,1111110010100100010,00000000000111011,111111001010010001000000000000111011,true,single,36,1.0e-10,64
QAOA_reduced_surrogate,2,128,512,25,0.555;0.293;-0.488;-0.898,β[0];β[1];γ[0];γ[1],387,1,0.001953125,1178.5617687500082,1175.8899999999994,not_in_gurobi_pool,,0010100110101011100,00100000010000000,001010011010101110000100000010000000,true,single,36,1.0e-10,64
QAOA_reduced_surrogate,2,128,512,25,0.555;0.293;-0.488;-0.898,β[0];β[1];γ[0];γ[1],384,1,0.001953125,1171.3222937499938,1179.3375999999996,not_in_gurobi_pool,,1001110011001011100,00000101010000000,100111001100101110000000101010000000,true,single,36,1.0e-10,64
QAOA_reduced_surrogate,2,128,512,25,0.555;0.293;-0.488;-0.898,β[0];β[1];γ[0];γ[1],383,1,0.001953125,1161.3906187500045,1180.0929999999994,not_in_gurobi_pool,,1010101101000111111,00000111010000000,101010110100011111100000111010000000,true,single,36,1.0e-10,64
QAOA_reduced_surrogate,2,128,512,25,0.555;0.293;-0.488;-0.898,β[0];β[1];γ[0];γ[1],391,1,0.001953125,1216.0158937500023,1181.2828999999997,not_in_gurobi_pool,,0110011010111101011,00000000000111010,011001101011110101100000000000111010,true,single,36,1.0e-10,64
QAOA_reduced_surrogate,2,128,512,25,0.555;0.293;-0.488;-0.898,β[0];β[1];γ[0];γ[1],386,1,0.001953125,1173.2816937500088,1181.2969999999996,not_in_gurobi_pool,,1010000101010111111,00100100011000000,101000010101011111100100100011000000,true,single,36,1.0e-10,64
QAOA_reduced_surrogate,2,128,512,25,0.555;0.293;-0.488;-0.898,β[0];β[1];γ[0];γ[1],388,1,0.001953125,1184.2602687499973,1181.5884999999994,not_in_gurobi_pool,,0101100111001000110,00100001010000111,010110011100100011000100001010000111,true,single,36,1.0e-10,64
QAOA_reduced_surrogate,2,128,512,25,0.555;0.293;-0.488;-0.898,β[0];β[1];γ[0];γ[1],385,1,0.001953125,1172.7150187499985,1191.4173999999996,not_in_gurobi_pool,,0111101011011000101,00000101000100000,011110101101100010100000101000100000,true,single,36,1.0e-10,64
QAOA_reduced_surrogate,2,128,512,25,0.555;0.293;-0.488;-0.898,β[0];β[1];γ[0];γ[1],389,1,0.001953125,1194.5142687499972,1191.8424999999993,not_in_gurobi_pool,,0101110111111100110,00000000000101011,010111011111110011000000000000101011,true,single,36,1.0e-10,64
QAOA_reduced_surrogate,2,128,512,25,0.555;0.293;-0.488;-0.898,β[0];β[1];γ[0];γ[1],399,1,0.001953125,1239.7541187500033,1215.7081999999998,not_in_gurobi_pool,,1110001110101111010,00000000000100000,111000111010111101000000000000100000,true,single,36,1.0e-10,64
QAOA_reduced_surrogate,2,128,512,25,0.555;0.293;-0.488;-0.898,β[0];β[1];γ[0];γ[1],395,1,0.001953125,1229.565743749992,1216.2068999999995,not_in_gurobi_pool,,0001111100001111111,00010111100000000,000111110000111111100010111100000000,true,single,36,1.0e-10,64
QAOA_reduced_surrogate,2,128,512,25,0.555;0.293;-0.488;-0.898,β[0];β[1];γ[0];γ[1],393,1,0.001953125,1222.028568749997,1219.3567999999996,not_in_gurobi_pool,,0101010011000101010,00000001010100010,010101001100010101000000001010100010,true,single,36,1.0e-10,64
QAOA_reduced_surrogate,2,128,512,25,0.555;0.293;-0.488;-0.898,β[0];β[1];γ[0];γ[1],397,1,0.001953125,1236.8776437499992,1223.5187999999994,not_in_gurobi_pool,,0101010101111111010,00000000000101000,010101010111111101000000000000101000,true,single,36,1.0e-10,64
QAOA_reduced_surrogate,2,128,512,25,0.555;0.293;-0.488;-0.898,β[0];β[1];γ[0];γ[1],390,1,0.001953125,1205.3429187499962,1224.0452999999993,not_in_gurobi_pool,,1010110101010111110,00000100011100000,101011010101011111000000100011100000,true,single,36,1.0e-10,64
QAOA_reduced_surrogate,2,128,512,25,0.555;0.293;-0.488;-0.898,β[0];β[1];γ[0];γ[1],392,1,0.001953125,1216.644593749999,1224.6598999999997,not_in_gurobi_pool,,1001100011100000111,00100000000000111,100110001110000011100100000000000111,true,single,36,1.0e-10,64
QAOA_reduced_surrogate,2,128,512,25,0.555;0.293;-0.488;-0.898,β[0];β[1];γ[0];γ[1],398,1,0.001953125,1238.1816437499924,1224.8227999999995,not_in_gurobi_pool,,0011110010110101101,00000000000101000,001111001011010110100000000000101000,true,single,36,1.0e-10,64
QAOA_reduced_surrogate,2,128,512,25,0.555;0.293;-0.488;-0.898,β[0];β[1];γ[0];γ[1],404,1,0.001953125,1263.4711937500144,1228.7381999999996,not_in_gurobi_pool,,1110111011111000011,00001000000111111,111011101111100001100001000000111111,true,single,36,1.0e-10,64
QAOA_reduced_surrogate,2,128,512,25,0.555;0.293;-0.488;-0.898,β[0];β[1];γ[0];γ[1],396,1,0.001953125,1234.5146187500047,1253.2169999999996,not_in_gurobi_pool,,1111011010001010011,00000101000110101,111101101000101001100000101000110101,true,single,36,1.0e-10,64
QAOA_reduced_surrogate,2,128,512,25,0.555;0.293;-0.488;-0.898,β[0];β[1];γ[0];γ[1],406,1,0.001953125,1271.8569437500018,1258.4980999999993,not_in_gurobi_pool,,1101010110100011101,00000000000101000,110101011010001110100000000000101000,true,single,36,1.0e-10,64
QAOA_reduced_surrogate,2,128,512,25,0.555;0.293;-0.488;-0.898,β[0];β[1];γ[0];γ[1],400,1,0.001953125,1240.6026187500065,1259.3049999999996,not_in_gurobi_pool,,1111001010000001100,00000101000100000,111100101000000110000000101000100000,true,single,36,1.0e-10,64
QAOA_reduced_surrogate,2,128,512,25,0.555;0.293;-0.488;-0.898,β[0];β[1];γ[0];γ[1],403,1,0.001953125,1252.9296937499912,1260.945,not_in_gurobi_pool,,0111010001010010010,00000000010110101,011101000101001001000000000010110101,true,single,36,1.0e-10,64
QAOA_reduced_surrogate,2,128,512,25,0.555;0.293;-0.488;-0.898,β[0];β[1];γ[0];γ[1],401,1,0.001953125,1242.2436187500084,1260.9459999999997,not_in_gurobi_pool,,0111111010010100000,10000101000110000,011111101001010000010000101000110000,true,single,36,1.0e-10,64
QAOA_reduced_surrogate,2,128,512,25,0.555;0.293;-0.488;-0.898,β[0];β[1];γ[0];γ[1],407,1,0.001953125,1276.4270437499927,1263.0681999999997,not_in_gurobi_pool,,1001011001001110100,00000111100000000,100101100100111010000000111100000000,true,single,36,1.0e-10,64
QAOA_reduced_surrogate,2,128,512,25,0.555;0.293;-0.488;-0.898,β[0];β[1];γ[0];γ[1],402,1,0.001953125,1247.8233187500032,1266.5256999999995,not_in_gurobi_pool,,1000001011100001010,01000101000000110,100000101110000101001000101000000110,true,single,36,1.0e-10,64
QAOA_reduced_surrogate,2,128,512,25,0.555;0.293;-0.488;-0.898,β[0];β[1];γ[0];γ[1],394,1,0.001953125,1229.1406687500012,1269.2171999999996,not_in_gurobi_pool,,0001001011101010011,00000101000000101,000100101110101001100000101000000101,true,single,36,1.0e-10,64
QAOA_reduced_surrogate,2,128,512,25,0.555;0.293;-0.488;-0.898,β[0];β[1];γ[0];γ[1],410,1,0.001953125,1285.72654375,1272.3676999999993,not_in_gurobi_pool,,0000011010110101101,01000101000001000,000001101011010110101000101000001000,true,single,36,1.0e-10,64
QAOA_reduced_surrogate,2,128,512,25,0.555;0.293;-0.488;-0.898,β[0];β[1];γ[0];γ[1],405,1,0.001953125,1269.7386937500037,1277.7539999999997,not_in_gurobi_pool,,0111101011011010101,00000101000100000,011110101101101010100000101000100000,true,single,36,1.0e-10,64
QAOA_reduced_surrogate,2,128,512,25,0.555;0.293;-0.488;-0.898,β[0];β[1];γ[0];γ[1],409,1,0.001953125,1282.698368750005,1280.0265999999992,not_in_gurobi_pool,,1010001011111110111,00000100000000001,101000101111111011100000100000000001,true,single,36,1.0e-10,64
QAOA_reduced_surrogate,2,128,512,25,0.555;0.293;-0.488;-0.898,β[0];β[1];γ[0];γ[1],417,1,0.001953125,1319.0124187499998,1294.9664999999995,not_in_gurobi_pool,,1001010110101111001,10000000000001000,100101011010111100110000000000001000,true,single,36,1.0e-10,64
QAOA_reduced_surrogate,2,128,512,25,0.555;0.293;-0.488;-0.898,β[0];β[1];γ[0];γ[1],408,1,0.001953125,1277.200918750003,1295.9032999999995,not_in_gurobi_pool,,1111001110001011001,10000101000100000,111100111000101100110000101000100000,true,single,36,1.0e-10,64
QAOA_reduced_surrogate,2,128,512,25,0.555;0.293;-0.488;-0.898,β[0];β[1];γ[0];γ[1],412,1,0.001953125,1292.7890937500042,1300.8043999999998,not_in_gurobi_pool,,0011010010001101100,00000100010100000,001101001000110110000000100010100000,true,single,36,1.0e-10,64
QAOA_reduced_surrogate,2,128,512,25,0.555;0.293;-0.488;-0.898,β[0];β[1];γ[0];γ[1],415,1,0.001953125,1315.2322437499906,1301.8733999999995,not_in_gurobi_pool,,1011110011101000001,10001000000101000,101111001110100000110001000000101000,true,single,36,1.0e-10,64
QAOA_reduced_surrogate,2,128,512,25,0.555;0.293;-0.488;-0.898,β[0];β[1];γ[0];γ[1],416,1,0.001953125,1318.4148437499878,1305.0559999999994,not_in_gurobi_pool,,0000011001100110001,11000101000001000,000001100110011000111000101000001000,true,single,36,1.0e-10,64
QAOA_reduced_surrogate,2,128,512,25,0.555;0.293;-0.488;-0.898,β[0];β[1];γ[0];γ[1],413,1,0.001953125,1308.2731687500002,1305.6013999999996,not_in_gurobi_pool,,0101100111100100001,10100000000000000,010110011110010000110100000000000000,true,single,36,1.0e-10,64
QAOA_reduced_surrogate,2,128,512,25,0.555;0.293;-0.488;-0.898,β[0];β[1];γ[0];γ[1],411,1,0.001953125,1290.6565187499987,1309.3588999999995,not_in_gurobi_pool,,1100010110110111111,00000000010101000,110001011011011111100000000010101000,true,single,36,1.0e-10,64
QAOA_reduced_surrogate,2,128,512,25,0.555;0.293;-0.488;-0.898,β[0];β[1];γ[0];γ[1],414,1,0.001953125,1312.9905687500004,1310.3187999999996,not_in_gurobi_pool,,1110010001111110100,00000000010111000,111001000111111010000000000010111000,true,single,36,1.0e-10,64
QAOA_reduced_surrogate,2,128,512,25,0.555;0.293;-0.488;-0.898,β[0];β[1];γ[0];γ[1],419,1,0.001953125,1323.7458437499974,1310.3869999999995,not_in_gurobi_pool,,0000011010100011111,01000101000001100,000001101010001111101000101000001100,true,single,36,1.0e-10,64
QAOA_reduced_surrogate,2,128,512,25,0.555;0.293;-0.488;-0.898,β[0];β[1];γ[0];γ[1],418,1,0.001953125,1319.4441687500027,1316.7723999999996,not_in_gurobi_pool,,0101011001010101111,00000101100100010,010101100101010111100000101100100010,true,single,36,1.0e-10,64
QAOA_reduced_surrogate,2,128,512,25,0.555;0.293;-0.488;-0.898,β[0];β[1];γ[0];γ[1],422,1,0.001953125,1338.8568937499979,1346.8721999999996,not_in_gurobi_pool,,0100010010101011100,00000000010101000,010001001010101110000000000010101000,true,single,36,1.0e-10,64
QAOA_reduced_surrogate,2,128,512,25,0.555;0.293;-0.488;-0.898,β[0];β[1];γ[0];γ[1],426,1,0.001953125,1362.13354374999,1348.7746999999995,not_in_gurobi_pool,,1011110001110111010,00000000000101000,101111000111011101000000000000101000,true,single,36,1.0e-10,64
QAOA_reduced_surrogate,2,128,512,25,0.555;0.293;-0.488;-0.898,β[0];β[1];γ[0];γ[1],425,1,0.001953125,1353.8303687500024,1351.1585999999993,not_in_gurobi_pool,,1111001101111110001,10000000000100000,111100110111111000110000000000100000,true,single,36,1.0e-10,64
QAOA_reduced_surrogate,2,128,512,25,0.555;0.293;-0.488;-0.898,β[0];β[1];γ[0];γ[1],421,1,0.001953125,1334.0468187500012,1352.7491999999995,not_in_gurobi_pool,,1100110011101001101,00000000010101000,110011001110100110100000000010101000,true,single,36,1.0e-10,64
QAOA_reduced_surrogate,2,128,512,25,0.555;0.293;-0.488;-0.898,β[0];β[1];γ[0];γ[1],423,1,0.001953125,1339.5228187500065,1358.2251999999996,not_in_gurobi_pool,,1010011011110001010,00000100000101110,101001101111000101000000100000101110,true,single,36,1.0e-10,64
QAOA_reduced_surrogate,2,128,512,25,0.555;0.293;-0.488;-0.898,β[0];β[1];γ[0];γ[1],420,1,0.001953125,1329.1763437499787,1358.5657999999994,not_in_gurobi_pool,,1001100111011111110,00100101010000000,100110011101111111000100101010000000,true,single,36,1.0e-10,64
QAOA_reduced_surrogate,2,128,512,25,0.555;0.293;-0.488;-0.898,β[0];β[1];γ[0];γ[1],424,1,0.001953125,1351.747893750006,1359.7631999999994,not_in_gurobi_pool,,1010000011111011101,00100000010000000,101000001111101110100100000010000000,true,single,36,1.0e-10,64
QAOA_reduced_surrogate,2,128,512,25,0.555;0.293;-0.488;-0.898,β[0];β[1];γ[0];γ[1],429,1,0.001953125,1375.4135937500039,1383.4288999999997,not_in_gurobi_pool,,1111001100000101111,00010101000100010,111100110000010111100010101000100010,true,single,36,1.0e-10,64
QAOA_reduced_surrogate,2,128,512,25,0.555;0.293;-0.488;-0.898,β[0];β[1];γ[0];γ[1],432,1,0.001953125,1412.405918749997,1388.3599999999994,not_in_gurobi_pool,,0011000101101111010,00100000000000000,001100010110111101000100000000000000,true,single,36,1.0e-10,64
QAOA_reduced_surrogate,2,128,512,25,0.555;0.293;-0.488;-0.898,β[0];β[1];γ[0];γ[1],427,1,0.001953125,1374.608118749997,1393.3104999999996,not_in_gurobi_pool,,0010101110000111110,00000111010000000,001010111000011111000000111010000000,true,single,36,1.0e-10,64
QAOA_reduced_surrogate,2,128,512,25,0.555;0.293;-0.488;-0.898,β[0];β[1];γ[0];γ[1],428,1,0.001953125,1375.345518750001,1394.0478999999996,not_in_gurobi_pool,,0111011101010100010,00000101000110011,011101110101010001000000101000110011,true,single,36,1.0e-10,64
QAOA_reduced_surrogate,2,128,512,25,0.555;0.293;-0.488;-0.898,β[0];β[1];γ[0];γ[1],430,1,0.001953125,1408.071843750002,1394.7129999999995,not_in_gurobi_pool,,0011001110100011101,00000100000000000,001100111010001110100000100000000000,true,single,36,1.0e-10,64
QAOA_reduced_surrogate,2,128,512,25,0.555;0.293;-0.488;-0.898,β[0];β[1];γ[0];γ[1],431,1,0.001953125,1408.5464437499961,1395.1875999999995,not_in_gurobi_pool,,0000110101100111111,01000000010001000,000011010110011111101000000010001000,true,single,36,1.0e-10,64
QAOA_reduced_surrogate,2,128,512,25,0.555;0.293;-0.488;-0.898,β[0];β[1];γ[0];γ[1],434,1,0.001953125,1420.59984375,1407.240999999999,not_in_gurobi_pool,,0011011111011011100,00000111000100000,001101111101101110000000111000100000,true,single,36,1.0e-10,64
QAOA_reduced_surrogate,2,128,512,25,0.555;0.293;-0.488;-0.898,β[0];β[1];γ[0];γ[1],433,1,0.001953125,1418.751493749997,1426.7667999999994,not_in_gurobi_pool,,1010100110001111101,00100100011000000,101010011000111110100100100011000000,true,single,36,1.0e-10,64
QAOA_reduced_surrogate,2,128,512,25,0.555;0.293;-0.488;-0.898,β[0];β[1];γ[0];γ[1],436,1,0.001953125,1432.6979687499972,1430.0261999999996,not_in_gurobi_pool,,0111111000101010101,00000000000111000,011111100010101010100000000000111000,true,single,36,1.0e-10,64
QAOA_reduced_surrogate,2,128,512,25,0.555;0.293;-0.488;-0.898,β[0];β[1];γ[0];γ[1],437,1,0.001953125,1433.6069687500076,1430.9351999999994,not_in_gurobi_pool,,1111010001000101111,00000000010110010,111101000100010111100000000010110010,true,single,36,1.0e-10,64
QAOA_reduced_surrogate,2,128,512,25,0.555;0.293;-0.488;-0.898,β[0];β[1];γ[0];γ[1],439,1,0.001953125,1446.2572437499964,1432.8983999999996,not_in_gurobi_pool,,1001000101110111001,10100000000000000,100100010111011100110100000000000000,true,single,36,1.0e-10,64
QAOA_reduced_surrogate,2,128,512,25,0.555;0.293;-0.488;-0.898,β[0];β[1];γ[0];γ[1],435,1,0.001953125,1425.0928937500046,1433.1081999999997,not_in_gurobi_pool,,0111000101010101010,00100000010100010,011100010101010101000100000010100010,true,single,36,1.0e-10,64
QAOA_reduced_surrogate,2,128,512,25,0.555;0.293;-0.488;-0.898,β[0];β[1];γ[0];γ[1],441,1,0.001953125,1452.5147437499961,1439.1558999999995,not_in_gurobi_pool,,1000111001100011110,01000101000001100,100011100110001111001000101000001100,true,single,36,1.0e-10,64
QAOA_reduced_surrogate,2,128,512,25,0.555;0.293;-0.488;-0.898,β[0];β[1];γ[0];γ[1],440,1,0.001953125,1447.5175687499973,1444.8457999999996,not_in_gurobi_pool,,1100101111101110110,00000001000000001,110010111110111011000000001000000001,true,single,36,1.0e-10,64
QAOA_reduced_surrogate,2,128,512,25,0.555;0.293;-0.488;-0.898,β[0];β[1];γ[0];γ[1],443,1,0.001953125,1455.3585687499972,1452.6867999999993,not_in_gurobi_pool,,0010101011110110101,00000100000000000,001010101111011010100000100000000000,true,single,36,1.0e-10,64
QAOA_reduced_surrogate,2,128,512,25,0.555;0.293;-0.488;-0.898,β[0];β[1];γ[0];γ[1],444,1,0.001953125,1456.0750687499929,1453.4032999999993,not_in_gurobi_pool,,0011101011111010110,00000100000000101,001110101111101011000000100000000101,true,single,36,1.0e-10,64
QAOA_reduced_surrogate,2,128,512,25,0.555;0.293;-0.488;-0.898,β[0];β[1];γ[0];γ[1],445,1,0.001953125,1458.994193749994,1467.0095,not_in_gurobi_pool,,0111100110001111011,00100000010100000,011110011000111101100100000010100000,true,single,36,1.0e-10,64
QAOA_reduced_surrogate,2,128,512,25,0.555;0.293;-0.488;-0.898,β[0];β[1];γ[0];γ[1],442,1,0.001953125,1453.0721187499926,1471.7744999999995,not_in_gurobi_pool,,0111000101100100010,00100000000100011,011100010110010001000100000000100011,true,single,36,1.0e-10,64
QAOA_reduced_surrogate,2,128,512,25,0.555;0.293;-0.488;-0.898,β[0];β[1];γ[0];γ[1],449,1,0.001953125,1488.4974437499995,1475.1385999999993,not_in_gurobi_pool,,0101010110101101100,00000000000101000,010101011010110110000000000000101000,true,single,36,1.0e-10,64
QAOA_reduced_surrogate,2,128,512,25,0.555;0.293;-0.488;-0.898,β[0];β[1];γ[0];γ[1],438,1,0.001953125,1439.2081687499967,1479.2846999999997,not_in_gurobi_pool,,1001100101010111101,00100101010000000,100110010101011110100100101010000000,true,single,36,1.0e-10,64
QAOA_reduced_surrogate,2,128,512,25,0.555;0.293;-0.488;-0.898,β[0];β[1];γ[0];γ[1],447,1,0.001953125,1471.6223937500092,1479.6376999999995,not_in_gurobi_pool,,0001111010100110100,00000101000001000,000111101010011010000000101000001000,true,single,36,1.0e-10,64
QAOA_reduced_surrogate,2,128,512,25,0.555;0.293;-0.488;-0.898,β[0];β[1];γ[0];γ[1],453,1,0.001953125,1493.1933437499897,1479.8344999999995,not_in_gurobi_pool,,1111111001111101000,10000000000111000,111111100111110100010000000000111000,true,single,36,1.0e-10,64
QAOA_reduced_surrogate,2,128,512,25,0.555;0.293;-0.488;-0.898,β[0];β[1];γ[0];γ[1],446,1,0.001953125,1464.2852187500107,1482.9875999999992,not_in_gurobi_pool,,0101011111100010011,00000001000101101,010101111110001001100000001000101101,true,single,36,1.0e-10,64
QAOA_reduced_surrogate,2,128,512,25,0.555;0.293;-0.488;-0.898,β[0];β[1];γ[0];γ[1],459,1,0.001953125,1508.7031187499958,1484.6571999999996,not_in_gurobi_pool,,1000111011010111010,01000111110000000,100011101101011101001000111110000000,true,single,36,1.0e-10,64
QAOA_reduced_surrogate,2,128,512,25,0.555;0.293;-0.488;-0.898,β[0];β[1];γ[0];γ[1],448,1,0.001953125,1477.4977937500003,1485.5130999999992,not_in_gurobi_pool,,1100001111000111111,00000101110000000,110000111100011111100000101110000000,true,single,36,1.0e-10,64
QAOA_reduced_surrogate,2,128,512,25,0.555;0.293;-0.488;-0.898,β[0];β[1];γ[0];γ[1],455,1,0.001953125,1502.0133437499956,1488.6544999999994,not_in_gurobi_pool,,0111111001111010101,00000000000111000,011111100111101010100000000000111000,true,single,36,1.0e-10,64
QAOA_reduced_surrogate,2,128,512,25,0.555;0.293;-0.488;-0.898,β[0];β[1];γ[0];γ[1],451,1,0.001953125,1492.7119687499865,1490.0401999999992,not_in_gurobi_pool,,1000110111111111111,01000000010001000,100011011111111111101000000010001000,true,single,36,1.0e-10,64
QAOA_reduced_surrogate,2,128,512,25,0.555;0.293;-0.488;-0.898,β[0];β[1];γ[0];γ[1],461,1,0.001953125,1512.4295687500023,1509.7577999999996,not_in_gurobi_pool,,0111110010001111010,00000000010110000,011111001000111101000000000010110000,true,single,36,1.0e-10,64
QAOA_reduced_surrogate,2,128,512,25,0.555;0.293;-0.488;-0.898,β[0];β[1];γ[0];γ[1],457,1,0.001953125,1504.629493750007,1512.6447999999993,not_in_gurobi_pool,,0111111010001011000,10000101000110000,011111101000101100010000101000110000,true,single,36,1.0e-10,64
QAOA_reduced_surrogate,2,128,512,25,0.555;0.293;-0.488;-0.898,β[0];β[1];γ[0];γ[1],458,1,0.001953125,1507.2180937500104,1515.2333999999994,not_in_gurobi_pool,,0010110000010111100,00010100011100000,001011000001011110000010100011100000,true,single,36,1.0e-10,64
QAOA_reduced_surrogate,2,128,512,25,0.555;0.293;-0.488;-0.898,β[0];β[1];γ[0];γ[1],460,1,0.001953125,1510.5984937499936,1518.6137999999996,not_in_gurobi_pool,,1111100001101010110,00100000000100101,111110000110101011000100000000100101,true,single,36,1.0e-10,64
QAOA_reduced_surrogate,2,128,512,25,0.555;0.293;-0.488;-0.898,β[0];β[1];γ[0];γ[1],450,1,0.001953125,1489.870843749995,1519.2602999999995,not_in_gurobi_pool,,0110100011100100000,10100000010100000,011010001110010000010100000010100000,true,single,36,1.0e-10,64
QAOA_reduced_surrogate,2,128,512,25,0.555;0.293;-0.488;-0.898,β[0];β[1];γ[0];γ[1],454,1,0.001953125,1501.8000187499993,1520.5023999999994,not_in_gurobi_pool,,0010110011101101000,10000000010101000,001011001110110100010000000010101000,true,single,36,1.0e-10,64
QAOA_reduced_surrogate,2,128,512,25,0.555;0.293;-0.488;-0.898,β[0];β[1];γ[0];γ[1],456,1,0.001953125,1502.033018749996,1520.7353999999996,not_in_gurobi_pool,,1100001101001111100,00000101110000000,110000110100111110000000101110000000,true,single,36,1.0e-10,64
QAOA_reduced_surrogate,2,128,512,25,0.555;0.293;-0.488;-0.898,β[0];β[1];γ[0];γ[1],452,1,0.001953125,1493.1563437499995,1522.5457999999992,not_in_gurobi_pool,,1111000111111100000,10100000000100000,111100011111110000010100000000100000,true,single,36,1.0e-10,64
QAOA_reduced_surrogate,2,128,512,25,0.555;0.293;-0.488;-0.898,β[0];β[1];γ[0];γ[1],464,1,0.001953125,1539.69174375,1526.3328999999992,not_in_gurobi_pool,,0101000111101100101,00100000000000000,010100011110110010100100000000000000,true,single,36,1.0e-10,64
QAOA_reduced_surrogate,2,128,512,25,0.555;0.293;-0.488;-0.898,β[0];β[1];γ[0];γ[1],463,1,0.001953125,1535.185168750003,1532.5133999999991,not_in_gurobi_pool,,0010001011100100110,00000100000000011,001000101110010011000000100000000011,true,single,36,1.0e-10,64
QAOA_reduced_surrogate,2,128,512,25,0.555;0.293;-0.488;-0.898,β[0];β[1];γ[0];γ[1],462,1,0.001953125,1526.5420937500003,1534.5573999999995,not_in_gurobi_pool,,0010100011110110110,00100000010000001,001010001111011011000100000010000001,true,single,36,1.0e-10,64
QAOA_reduced_surrogate,2,128,512,25,0.555;0.293;-0.488;-0.898,β[0];β[1];γ[0];γ[1],468,1,0.001953125,1576.9567187499938,1552.9107999999997,not_in_gurobi_pool,,1000011100010111001,11010111110000000,100001110001011100111010111110000000,true,single,36,1.0e-10,64
QAOA_reduced_surrogate,2,128,512,25,0.555;0.293;-0.488;-0.898,β[0];β[1];γ[0];γ[1],465,1,0.001953125,1563.2084687500042,1560.5366999999994,not_in_gurobi_pool,,0010100010110111001,10100000010000000,001010001011011100110100000010000000,true,single,36,1.0e-10,64
QAOA_reduced_surrogate,2,128,512,25,0.555;0.293;-0.488;-0.898,β[0];β[1];γ[0];γ[1],466,1,0.001953125,1566.2449687499936,1563.5731999999994,not_in_gurobi_pool,,0011011001100011010,00000100000101100,001101100110001101000000100000101100,true,single,36,1.0e-10,64
QAOA_reduced_surrogate,2,128,512,25,0.555;0.293;-0.488;-0.898,β[0];β[1];γ[0];γ[1],467,1,0.001953125,1575.7669687499908,1573.0951999999993,not_in_gurobi_pool,,1011110011110110101,00000000000101000,101111001111011010100000000000101000,true,single,36,1.0e-10,64
QAOA_reduced_surrogate,2,128,512,25,0.555;0.293;-0.488;-0.898,β[0];β[1];γ[0];γ[1],470,1,0.001953125,1601.267518750019,1577.2215999999992,not_in_gurobi_pool,,1110011011111010101,00000000000111000,111001101111101010100000000000111000,true,single,36,1.0e-10,64
QAOA_reduced_surrogate,2,128,512,25,0.555;0.293;-0.488;-0.898,β[0];β[1];γ[0];γ[1],469,1,0.001953125,1591.9440187500015,1610.6463999999994,not_in_gurobi_pool,,1111000111111101010,00100000000100010,111100011111110101000100000000100010,true,single,36,1.0e-10,64
QAOA_reduced_surrogate,2,128,512,25,0.555;0.293;-0.488;-0.898,β[0];β[1];γ[0];γ[1],472,1,0.001953125,1613.359268750001,1610.6874999999993,not_in_gurobi_pool,,0101001101000111111,00000101100000000,010100110100011111100000101100000000,true,single,36,1.0e-10,64
QAOA_reduced_surrogate,2,128,512,25,0.555;0.293;-0.488;-0.898,β[0];β[1];γ[0];γ[1],471,1,0.001953125,1603.8267937500088,1611.8420999999994,not_in_gurobi_pool,,0000001010010111100,01000111110000000,000000101001011110001000111110000000,true,single,36,1.0e-10,64
QAOA_reduced_surrogate,2,128,512,25,0.555;0.293;-0.488;-0.898,β[0];β[1];γ[0];γ[1],473,1,0.001953125,1615.6511687500001,1612.9793999999993,not_in_gurobi_pool,,1111001110110011110,00000000000100100,111100111011001111000000000000100100,true,single,36,1.0e-10,64
QAOA_reduced_surrogate,2,128,512,25,0.555;0.293;-0.488;-0.898,β[0];β[1];γ[0];γ[1],476,1,0.001953125,1655.832543750008,1642.4736999999996,not_in_gurobi_pool,,1111011110100101010,00000000000111010,111101111010010101000000000000111010,true,single,36,1.0e-10,64
QAOA_reduced_surrogate,2,128,512,25,0.555;0.293;-0.488;-0.898,β[0];β[1];γ[0];γ[1],474,1,0.001953125,1629.0763187500095,1647.7786999999996,not_in_gurobi_pool,,0111101010000101100,00000101000100000,011110101000010110000000101000100000,true,single,36,1.0e-10,64
QAOA_reduced_surrogate,2,128,512,25,0.555;0.293;-0.488;-0.898,β[0];β[1];γ[0];γ[1],475,1,0.001953125,1642.22139375,1650.2366999999992,not_in_gurobi_pool,,1111000110110110110,00100000000100001,111100011011011011000100000000100001,true,single,36,1.0e-10,64
QAOA_reduced_surrogate,2,128,512,25,0.555;0.293;-0.488;-0.898,β[0];β[1];γ[0];γ[1],477,1,0.001953125,1672.509543749983,1659.1506999999997,not_in_gurobi_pool,,1111111001111101110,00000000000111010,111111100111110111000000000000111010,true,single,36,1.0e-10,64
QAOA_reduced_surrogate,2,128,512,25,0.555;0.293;-0.488;-0.898,β[0];β[1];γ[0];γ[1],479,1,0.001953125,1688.1687937500064,1696.1840999999995,not_in_gurobi_pool,,0101011101001111111,00000101100100000,010101110100111111100000101100100000,true,single,36,1.0e-10,64
QAOA_reduced_surrogate,2,128,512,25,0.555;0.293;-0.488;-0.898,β[0];β[1];γ[0];γ[1],480,1,0.001953125,1700.4307687499968,1697.7589999999993,not_in_gurobi_pool,,1111001011110000000,10001000000100000,111100101111000000010001000000100000,true,single,36,1.0e-10,64
QAOA_reduced_surrogate,2,128,512,25,0.555;0.293;-0.488;-0.898,β[0];β[1];γ[0];γ[1],481,1,0.001953125,1705.7668687499931,1703.0950999999993,not_in_gurobi_pool,,0101011001110110101,00000001000101000,010101100111011010100000001000101000,true,single,36,1.0e-10,64
QAOA_reduced_surrogate,2,128,512,25,0.555;0.293;-0.488;-0.898,β[0];β[1];γ[0];γ[1],482,1,0.001953125,1706.0894687499947,1703.4176999999993,not_in_gurobi_pool,,0000011111111111000,11000101000001000,000001111111111100011000101000001000,true,single,36,1.0e-10,64
QAOA_reduced_surrogate,2,128,512,25,0.555;0.293;-0.488;-0.898,β[0];β[1];γ[0];γ[1],478,1,0.001953125,1688.1289687500057,1728.2054999999991,not_in_gurobi_pool,,1001001000100111100,00000101000000000,100100100010011110000000101000000000,true,single,36,1.0e-10,64
QAOA_reduced_surrogate,2,128,512,25,0.555;0.293;-0.488;-0.898,β[0];β[1];γ[0];γ[1],489,1,0.001953125,1759.1692187500007,1735.1232999999988,not_in_gurobi_pool,,0111011010110000011,00001000000111111,011101101011000001100001000000111111,true,single,36,1.0e-10,64
QAOA_reduced_surrogate,2,128,512,25,0.555;0.293;-0.488;-0.898,β[0];β[1];γ[0];γ[1],484,1,0.001953125,1739.8951687499955,1737.2233999999992,not_in_gurobi_pool,,1011011001101011101,00000100000101000,101101100110101110100000100000101000,true,single,36,1.0e-10,64
QAOA_reduced_surrogate,2,128,512,25,0.555;0.293;-0.488;-0.898,β[0];β[1];γ[0];γ[1],485,1,0.001953125,1740.1080687500082,1737.4362999999996,not_in_gurobi_pool,,0111111011000011010,00000101000110100,011111101100001101000000101000110100,true,single,36,1.0e-10,64
QAOA_reduced_surrogate,2,128,512,25,0.555;0.293;-0.488;-0.898,β[0];β[1];γ[0];γ[1],483,1,0.001953125,1730.5670937499958,1738.5823999999993,not_in_gurobi_pool,,1011011010010111111,00000111000100000,101101101001011111100000111000100000,true,single,36,1.0e-10,64
QAOA_reduced_surrogate,2,128,512,25,0.555;0.293;-0.488;-0.898,β[0];β[1];γ[0];γ[1],486,1,0.001953125,1742.807168749991,1740.1353999999992,not_in_gurobi_pool,,0011011101111111000,10000100000101000,001101110111111100010000100000101000,true,single,36,1.0e-10,64
QAOA_reduced_surrogate,2,128,512,25,0.555;0.293;-0.488;-0.898,β[0];β[1];γ[0];γ[1],488,1,0.001953125,1758.9802937500024,1766.995599999999,not_in_gurobi_pool,,0111000110101110000,10100000000100000,011100011010111000010100000000100000,true,single,36,1.0e-10,64
QAOA_reduced_surrogate,2,128,512,25,0.555;0.293;-0.488;-0.898,β[0];β[1];γ[0];γ[1],492,1,0.001953125,1792.27261875,1768.2266999999993,not_in_gurobi_pool,,0101000010101111000,10100000000000000,010100001010111100010100000000000000,true,single,36,1.0e-10,64
QAOA_reduced_surrogate,2,128,512,25,0.555;0.293;-0.488;-0.898,β[0];β[1];γ[0];γ[1],491,1,0.001953125,1774.6083687500063,1771.9365999999993,not_in_gurobi_pool,,0111000100010110110,00110000010100001,011100010001011011000110000010100001,true,single,36,1.0e-10,64
QAOA_reduced_surrogate,2,128,512,25,0.555;0.293;-0.488;-0.898,β[0];β[1];γ[0];γ[1],487,1,0.001953125,1758.561218749992,1777.263599999999,not_in_gurobi_pool,,0111100001101000110,00100000000100111,011110000110100011000100000000100111,true,single,36,1.0e-10,64
QAOA_reduced_surrogate,2,128,512,25,0.555;0.293;-0.488;-0.898,β[0];β[1];γ[0];γ[1],490,1,0.001953125,1773.4933937499861,1781.5086999999992,not_in_gurobi_pool,,0101111110100111111,00000001000101000,010111111010011111100000001000101000,true,single,36,1.0e-10,64
QAOA_reduced_surrogate,2,128,512,25,0.555;0.293;-0.488;-0.898,β[0];β[1];γ[0];γ[1],493,1,0.001953125,1821.89666875001,1819.224899999999,not_in_gurobi_pool,,1111001110100011100,00000000000100000,111100111010001110000000000000100000,true,single,36,1.0e-10,64
QAOA_reduced_surrogate,2,128,512,25,0.555;0.293;-0.488;-0.898,β[0];β[1];γ[0];γ[1],494,1,0.001953125,1829.6526687500002,1826.980899999999,not_in_gurobi_pool,,0111001101100101111,00000000000100010,011100110110010111100000000000100010,true,single,36,1.0e-10,64
QAOA_reduced_surrogate,2,128,512,25,0.555;0.293;-0.488;-0.898,β[0];β[1];γ[0];γ[1],497,1,0.001953125,1870.3289687499962,1867.657199999999,not_in_gurobi_pool,,0111001001101001100,00000000000100000,011100100110100110000000000000100000,true,single,36,1.0e-10,64
QAOA_reduced_surrogate,2,128,512,25,0.555;0.293;-0.488;-0.898,β[0];β[1];γ[0];γ[1],495,1,0.001953125,1868.5954937499948,1876.6107999999992,not_in_gurobi_pool,,0010001111101111111,00000100000000000,001000111110111111100000100000000000,true,single,36,1.0e-10,64
QAOA_reduced_surrogate,2,128,512,25,0.555;0.293;-0.488;-0.898,β[0];β[1];γ[0];γ[1],496,1,0.001953125,1869.1434937499932,1877.158799999999,not_in_gurobi_pool,,1100011011110110100,00000001000101000,110001101111011010000000001000101000,true,single,36,1.0e-10,64
QAOA_reduced_surrogate,2,128,512,25,0.555;0.293;-0.488;-0.898,β[0];β[1];γ[0];γ[1],498,1,0.001953125,1901.1242687500073,1898.452499999999,not_in_gurobi_pool,,1111010000010111111,00010000010110000,111101000001011111100010000010110000,true,single,36,1.0e-10,64
QAOA_reduced_surrogate,2,128,512,25,0.555;0.293;-0.488;-0.898,β[0];β[1];γ[0];γ[1],499,1,0.001953125,1957.0435687499812,1954.3717999999992,not_in_gurobi_pool,,1111111110111111101,00000000000111000,111111111011111110100000000000111000,true,single,36,1.0e-10,64
QAOA_reduced_surrogate,2,128,512,25,0.555;0.293;-0.488;-0.898,β[0];β[1];γ[0];γ[1],500,1,0.001953125,2014.9850437499963,2001.626199999999,not_in_gurobi_pool,,0011001111000111110,00000111000000000,001100111100011111000000111000000000,true,single,36,1.0e-10,64
QAOA_reduced_surrogate,2,128,512,25,0.555;0.293;-0.488;-0.898,β[0];β[1];γ[0];γ[1],502,1,0.001953125,2028.4655937500002,2036.4808999999989,not_in_gurobi_pool,,0110010001100111111,00000000010111000,011001000110011111100000000010111000,true,single,36,1.0e-10,64
QAOA_reduced_surrogate,2,128,512,25,0.555;0.293;-0.488;-0.898,β[0];β[1];γ[0];γ[1],501,1,0.001953125,2020.9426187499887,2039.6449999999988,not_in_gurobi_pool,,1010100111101111110,00100000010000000,101010011110111111000100000010000000,true,single,36,1.0e-10,64
QAOA_reduced_surrogate,2,128,512,25,0.555;0.293;-0.488;-0.898,β[0];β[1];γ[0];γ[1],503,1,0.001953125,2054.0433437499896,2040.6844999999992,not_in_gurobi_pool,,0101000011100011101,00100000000000000,010100001110001110100100000000000000,true,single,36,1.0e-10,64
QAOA_reduced_surrogate,2,128,512,25,0.555;0.293;-0.488;-0.898,β[0];β[1];γ[0];γ[1],504,1,0.001953125,2071.7999937499826,2079.8152999999984,not_in_gurobi_pool,,1100111001100111100,00000001000101000,110011100110011110000000001000101000,true,single,36,1.0e-10,64
QAOA_reduced_surrogate,2,128,512,25,0.555;0.293;-0.488;-0.898,β[0];β[1];γ[0];γ[1],505,1,0.001953125,2106.4392187499952,2125.1415999999986,not_in_gurobi_pool,,1010100011100111111,00100000010000000,101010001110011111100100000010000000,true,single,36,1.0e-10,64
QAOA_reduced_surrogate,2,128,512,25,0.555;0.293;-0.488;-0.898,β[0];β[1];γ[0];γ[1],506,1,0.001953125,2125.074293749987,2133.089599999999,not_in_gurobi_pool,,0100001111100111110,00000001000000000,010000111110011111000000001000000000,true,single,36,1.0e-10,64
QAOA_reduced_surrogate,2,128,512,25,0.555;0.293;-0.488;-0.898,β[0];β[1];γ[0];γ[1],507,1,0.001953125,2152.843993750006,2160.8592999999987,not_in_gurobi_pool,,0111011010001011100,00000101000110000,011101101000101110000000101000110000,true,single,36,1.0e-10,64
QAOA_reduced_surrogate,2,128,512,25,0.555;0.293;-0.488;-0.898,β[0];β[1];γ[0];γ[1],508,1,0.001953125,2332.6173937499902,2340.6326999999983,not_in_gurobi_pool,,0001000011101111101,00100000000000000,000100001110111110100100000000000000,true,single,36,1.0e-10,64
QAOA_reduced_surrogate,2,128,512,25,0.555;0.293;-0.488;-0.898,β[0];β[1];γ[0];γ[1],509,1,0.001953125,2436.394543749994,2465.783999999998,not_in_gurobi_pool,,1100010011100111101,00000000010101000,110001001110011110100000000010101000,true,single,36,1.0e-10,64
QAOA_reduced_surrogate,2,128,512,25,0.555;0.293;-0.488;-0.898,β[0];β[1];γ[0];γ[1],510,1,0.001953125,2525.750618749999,2544.452999999998,not_in_gurobi_pool,,1111100011101111001,10100000000100000,111110001110111100110100000000100000,true,single,36,1.0e-10,64
QAOA_reduced_surrogate,2,128,512,25,0.555;0.293;-0.488;-0.898,β[0];β[1];γ[0];γ[1],511,1,0.001953125,2591.6390687499907,2588.9672999999984,not_in_gurobi_pool,,0111001001100111000,10000000000100000,011100100110011100010000000000100000,true,single,36,1.0e-10,64
