algorithm,seed,optimizer_reads,final_reads,maximum_iterations,initial_parameter_count,result,reads,probability,surrogate_qubo_energy,exact_repaired_qubo_energy,match,matched_ip_obj,flow_bits,repaired_aux_bits,repaired_full_bits,use_fast_aer_backend,fast_aer_precision,fast_aer_threads,fast_mps_truncation_threshold,fast_mps_max_bond_dimension
VQE_reduced_surrogate,73001,128,512,25,152,53,3,0.005859375,403.35729375000346,411.3725999999998,not_in_gurobi_pool,,0100110001011100100,00000001011100000,010011000101110010000000001011100000,true,single,36,1.0e-10,64
VQE_reduced_surrogate,73001,128,512,25,152,78,2,0.00390625,479.1668937500019,487.18219999999974,not_in_gurobi_pool,,0100110010000100100,00000001011100000,010011001000010010000000001011100000,true,single,36,1.0e-10,64
VQE_reduced_surrogate,73001,128,512,25,152,1,1,0.001953125,131.93909375000953,139.9543999999997,not_in_gurobi_pool,,1001100000111100011,00100000000000011,100110000011110001100100000000000011,true,single,36,1.0e-10,64
VQE_reduced_surrogate,73001,128,512,25,152,4,1,0.001953125,165.6217937499839,173.63709999999986,not_in_gurobi_pool,,1010010100000001011,00010100011100110,101001010000000101100010100011100110,true,single,36,1.0e-10,64
VQE_reduced_surrogate,73001,128,512,25,152,2,1,0.001953125,150.09224374999917,179.48169999999982,not_in_gurobi_pool,,1001110010000010011,00000101010000101,100111001000001001100000101010000101,true,single,36,1.0e-10,64
VQE_reduced_surrogate,73001,128,512,25,152,5,1,0.001953125,187.38286874998926,184.71109999999993,not_in_gurobi_pool,,1100110010010000011,00001001011100111,110011001001000001100001001011100111,true,single,36,1.0e-10,64
VQE_reduced_surrogate,73001,128,512,25,152,3,1,0.001953125,164.5962437499943,193.98569999999972,not_in_gurobi_pool,,1001010101010000100,00000101010000000,100101010101000010000000101010000000,true,single,36,1.0e-10,64
VQE_reduced_surrogate,73001,128,512,25,152,9,1,0.001953125,225.95716874998993,223.28539999999975,not_in_gurobi_pool,,1100000100110000000,10101000010000000,110000010011000000010101000010000000,true,single,36,1.0e-10,64
VQE_reduced_surrogate,73001,128,512,25,152,7,1,0.001953125,210.38901874999965,229.0914,not_in_gurobi_pool,,0100110101001001010,00000001011100110,010011010100100101000000001011100110,true,single,36,1.0e-10,64
VQE_reduced_surrogate,73001,128,512,25,152,8,1,0.001953125,221.55509375000247,229.5703999999998,not_in_gurobi_pool,,1100010110011011011,00000001011100100,110001011001101101100000001011100100,true,single,36,1.0e-10,64
VQE_reduced_surrogate,73001,128,512,25,152,10,1,0.001953125,236.6551687499889,233.98339999999993,not_in_gurobi_pool,,0100110001010000011,00001001011100111,010011000101000001100001001011100111,true,single,36,1.0e-10,64
VQE_reduced_surrogate,73001,128,512,25,152,6,1,0.001953125,205.21894374999783,234.60839999999982,not_in_gurobi_pool,,0100110100110000111,00000000010101111,010011010011000011100000000010101111,true,single,36,1.0e-10,64
VQE_reduced_surrogate,73001,128,512,25,152,13,1,0.001953125,252.3948437500046,239.03599999999997,not_in_gurobi_pool,,0001101101010000011,00001111100000111,000110110101000001100001111100000111,true,single,36,1.0e-10,64
VQE_reduced_surrogate,73001,128,512,25,152,14,1,0.001953125,264.36346874997525,261.6916999999999,not_in_gurobi_pool,,0100000100001010011,00110001011000101,010000010000101001100110001011000101,true,single,36,1.0e-10,64
VQE_reduced_surrogate,73001,128,512,25,152,18,1,0.001953125,277.8365437499772,264.47769999999997,not_in_gurobi_pool,,0100001100000000000,10011101110000000,010000110000000000010011101110000000,true,single,36,1.0e-10,64
VQE_reduced_surrogate,73001,128,512,25,152,11,1,0.001953125,238.13784375000978,267.52729999999974,not_in_gurobi_pool,,1001111100101001011,00000101000001110,100111110010100101100000101000001110,true,single,36,1.0e-10,64
VQE_reduced_surrogate,73001,128,512,25,152,16,1,0.001953125,270.5014687499995,267.8296999999999,not_in_gurobi_pool,,0100111100100000000,10001001000101000,010011110010000000010001001000101000,true,single,36,1.0e-10,64
VQE_reduced_surrogate,73001,128,512,25,152,12,1,0.001953125,251.06291875000147,269.76529999999985,not_in_gurobi_pool,,1001010100010000100,00010101010000000,100101010001000010000010101010000000,true,single,36,1.0e-10,64
VQE_reduced_surrogate,73001,128,512,25,152,17,1,0.001953125,273.03846874998453,270.3666999999999,not_in_gurobi_pool,,0100000000111000011,00101000010000111,010000000011100001100101000010000111,true,single,36,1.0e-10,64
VQE_reduced_surrogate,73001,128,512,25,152,15,1,0.001953125,269.4553937499875,277.4706999999999,not_in_gurobi_pool,,0100000001010100011,00100001011000011,010000000101010001100100001011000011,true,single,36,1.0e-10,64
VQE_reduced_surrogate,73001,128,512,25,152,19,1,0.001953125,282.335968749999,279.66419999999977,not_in_gurobi_pool,,1011101001011010011,00000111000000101,101110100101101001100000111000000101,true,single,36,1.0e-10,64
VQE_reduced_surrogate,73001,128,512,25,152,31,1,0.001953125,340.2328937499806,305.4998999999999,not_in_gurobi_pool,,1110110010000000000,10001000011110000,111011001000000000010001000011110000,true,single,36,1.0e-10,64
VQE_reduced_surrogate,73001,128,512,25,152,23,1,0.001953125,311.1317687499886,308.4599999999998,not_in_gurobi_pool,,0100110010001000000,10001001011100000,010011001000100000010001001011100000,true,single,36,1.0e-10,64
VQE_reduced_surrogate,73001,128,512,25,152,20,1,0.001953125,306.2116937499902,314.2269999999999,not_in_gurobi_pool,,1100000010010001010,00100001011000110,110000001001000101000100001011000110,true,single,36,1.0e-10,64
VQE_reduced_surrogate,73001,128,512,25,152,24,1,0.001953125,318.8018687500162,316.1300999999999,not_in_gurobi_pool,,0000000000011100101,01110101011000000,000000000001110010101110101011000000,true,single,36,1.0e-10,64
VQE_reduced_surrogate,73001,128,512,25,152,25,1,0.001953125,320.69576874999666,318.024,not_in_gurobi_pool,,0100110100010001111,00010001011100110,010011010001000111100010001011100110,true,single,36,1.0e-10,64
VQE_reduced_surrogate,73001,128,512,25,152,28,1,0.001953125,331.7284437500043,318.36959999999993,not_in_gurobi_pool,,0001101101001000011,00001111100000111,000110110100100001100001111100000111,true,single,36,1.0e-10,64
VQE_reduced_surrogate,73001,128,512,25,152,22,1,0.001953125,310.7976937499975,318.8129999999999,not_in_gurobi_pool,,0100001100110100010,00000001000000011,010000110011010001000000001000000011,true,single,36,1.0e-10,64
VQE_reduced_surrogate,73001,128,512,25,152,27,1,0.001953125,323.7402687499962,321.0684999999998,not_in_gurobi_pool,,1101101101011010000,10000101100000000,110110110101101000010000101100000000,true,single,36,1.0e-10,64
VQE_reduced_surrogate,73001,128,512,25,152,21,1,0.001953125,306.43461874998434,325.13699999999983,not_in_gurobi_pool,,0100010001010000100,00000001011100000,010001000101000010000000001011100000,true,single,36,1.0e-10,64
VQE_reduced_surrogate,73001,128,512,25,152,34,1,0.001953125,352.132068749999,349.4602999999999,not_in_gurobi_pool,,1010100100011001001,10110100011000000,101010010001100100110110100011000000,true,single,36,1.0e-10,64
VQE_reduced_surrogate,73001,128,512,25,152,29,1,0.001953125,332.0810187499924,350.78339999999986,not_in_gurobi_pool,,1000000010000001010,01100101011000110,100000001000000101001100101011000110,true,single,36,1.0e-10,64
VQE_reduced_surrogate,73001,128,512,25,152,43,1,0.001953125,375.2242187499842,351.17829999999987,not_in_gurobi_pool,,0100000100010000000,10111001011000000,010000010001000000010111001011000000,true,single,36,1.0e-10,64
VQE_reduced_surrogate,73001,128,512,25,152,26,1,0.001953125,322.6514437500059,352.04089999999985,not_in_gurobi_pool,,0001010110001100000,10000101010000000,000101011000110000010000101010000000,true,single,36,1.0e-10,64
VQE_reduced_surrogate,73001,128,512,25,152,30,1,0.001953125,333.5669187499909,352.26929999999976,not_in_gurobi_pool,,1100000000110100001,10100000010000000,110000000011010000110100000010000000,true,single,36,1.0e-10,64
VQE_reduced_surrogate,73001,128,512,25,152,39,1,0.001953125,365.8700437499938,352.51120000000003,not_in_gurobi_pool,,1110110101000100001,10000000011110000,111011010100010000110000000011110000,true,single,36,1.0e-10,64
VQE_reduced_surrogate,73001,128,512,25,152,33,1,0.001953125,349.311993750008,357.3272999999997,not_in_gurobi_pool,,1010001000100000100,00000100000000000,101000100010000010000000100000000000,true,single,36,1.0e-10,64
VQE_reduced_surrogate,73001,128,512,25,152,36,1,0.001953125,360.48706874999516,357.8152999999998,not_in_gurobi_pool,,1100000010011011010,00100001011000100,110000001001101101000100001011000100,true,single,36,1.0e-10,64
VQE_reduced_surrogate,73001,128,512,25,152,37,1,0.001953125,360.73806875001287,358.0662999999997,not_in_gurobi_pool,,1010101100100100100,00000100000000000,101010110010010010000000100000000000,true,single,36,1.0e-10,64
VQE_reduced_surrogate,73001,128,512,25,152,35,1,0.001953125,352.67009375000316,360.6853999999998,not_in_gurobi_pool,,0000100010011101011,01100101011000010,000010001001110101101100101011000010,true,single,36,1.0e-10,64
VQE_reduced_surrogate,73001,128,512,25,152,38,1,0.001953125,363.3571687500055,360.6854,not_in_gurobi_pool,,0000010010011101010,01000101011000010,000001001001110101001000101011000010,true,single,36,1.0e-10,64
VQE_reduced_surrogate,73001,128,512,25,152,32,1,0.001953125,342.8179187500068,361.52029999999974,not_in_gurobi_pool,,0100000000111000100,00100000010000000,010000000011100010000100000010000000,true,single,36,1.0e-10,64
VQE_reduced_surrogate,73001,128,512,25,152,46,1,0.001953125,387.0227187499913,362.97679999999997,not_in_gurobi_pool,,1101101001010000000,10001101100000000,110110100101000000010001101100000000,true,single,36,1.0e-10,64
VQE_reduced_surrogate,73001,128,512,25,152,40,1,0.001953125,366.54906875001143,363.87729999999993,not_in_gurobi_pool,,0010101000010100101,00010111010000000,001010100001010010100010111010000000,true,single,36,1.0e-10,64
VQE_reduced_surrogate,73001,128,512,25,152,41,1,0.001953125,369.85906874997454,367.18730000000005,not_in_gurobi_pool,,0100001001010000011,00001101110000111,010000100101000001100001101110000111,true,single,36,1.0e-10,64
VQE_reduced_surrogate,73001,128,512,25,152,45,1,0.001953125,384.0646437499995,370.7057999999999,not_in_gurobi_pool,,1101101101010100101,00000101100000000,110110110101010010100000101100000000,true,single,36,1.0e-10,64
VQE_reduced_surrogate,73001,128,512,25,152,42,1,0.001953125,373.75006874998917,371.07829999999996,not_in_gurobi_pool,,1100000111010000100,00100001011000000,110000011101000010000100001011000000,true,single,36,1.0e-10,64
VQE_reduced_surrogate,73001,128,512,25,152,44,1,0.001953125,381.50479374999895,389.52009999999973,not_in_gurobi_pool,,1011110100100001000,10000000000101000,101111010010000100010000000000101000,true,single,36,1.0e-10,64
VQE_reduced_surrogate,73001,128,512,25,152,54,1,0.001953125,404.4859437500054,391.12709999999987,not_in_gurobi_pool,,1011101100001001000,10010111000000000,101110110000100100010010111000000000,true,single,36,1.0e-10,64
VQE_reduced_surrogate,73001,128,512,25,152,58,1,0.001953125,417.33501874999956,393.2890999999999,not_in_gurobi_pool,,1101101000001011011,00010101100000100,110110100000101101100010101100000100,true,single,36,1.0e-10,64
VQE_reduced_surrogate,73001,128,512,25,152,49,1,0.001953125,398.30636874998345,395.63460000000003,not_in_gurobi_pool,,0100001000001110011,00010101110000001,010000100000111001100010101110000001,true,single,36,1.0e-10,64
VQE_reduced_surrogate,73001,128,512,25,152,55,1,0.001953125,410.2069437499979,396.8480999999999,not_in_gurobi_pool,,1101101100011010000,10010101100000000,110110110001101000010010101100000000,true,single,36,1.0e-10,64
VQE_reduced_surrogate,73001,128,512,25,152,50,1,0.001953125,401.0522937499991,409.06759999999974,not_in_gurobi_pool,,0100000001111100011,00100000010000011,010000000111110001100100000010000011,true,single,36,1.0e-10,64
VQE_reduced_surrogate,73001,128,512,25,152,57,1,0.001953125,412.083468750001,409.4116999999997,not_in_gurobi_pool,,1000110111010001010,01000101011000110,100011011101000101001000101011000110,true,single,36,1.0e-10,64
VQE_reduced_surrogate,73001,128,512,25,152,51,1,0.001953125,401.92479375000175,409.94010000000003,not_in_gurobi_pool,,1011110001011010111,00000100010100101,101111000101101011100000100010100101,true,single,36,1.0e-10,64
VQE_reduced_surrogate,73001,128,512,25,152,52,1,0.001953125,402.48729375000084,410.5025999999999,not_in_gurobi_pool,,0100111110110100011,00000001000101011,010011111011010001100000001000101011,true,single,36,1.0e-10,64
VQE_reduced_surrogate,73001,128,512,25,152,47,1,0.001953125,393.2958187500078,411.9981999999999,not_in_gurobi_pool,,0001010101011001100,00000101010000000,000101010101100110000000101010000000,true,single,36,1.0e-10,64
VQE_reduced_surrogate,73001,128,512,25,152,48,1,0.001953125,397.3358187499982,416.03819999999996,not_in_gurobi_pool,,1001111101110000100,00000101000001000,100111110111000010000000101000001000,true,single,36,1.0e-10,64
VQE_reduced_surrogate,73001,128,512,25,152,60,1,0.001953125,426.0341937499961,434.04949999999985,not_in_gurobi_pool,,0001010100000011011,00010101010000100,000101010000001101100010101010000100,true,single,36,1.0e-10,64
VQE_reduced_surrogate,73001,128,512,25,152,66,1,0.001953125,450.50824374999456,437.1493999999997,not_in_gurobi_pool,,1101010100110000000,10001000000101000,110101010011000000010001000000101000,true,single,36,1.0e-10,64
VQE_reduced_surrogate,73001,128,512,25,152,67,1,0.001953125,450.7102437499823,437.3513999999999,not_in_gurobi_pool,,1101100001001000000,10101001010000000,110110000100100000010101001010000000,true,single,36,1.0e-10,64
VQE_reduced_surrogate,73001,128,512,25,152,59,1,0.001953125,420.33451875000355,439.03689999999983,not_in_gurobi_pool,,1100110100111101000,10000000010101000,110011010011110100010000000010101000,true,single,36,1.0e-10,64
VQE_reduced_surrogate,73001,128,512,25,152,56,1,0.001953125,411.36904375001177,440.7584999999998,not_in_gurobi_pool,,1001100100011000100,00110101010000000,100110010001100010000110101010000000,true,single,36,1.0e-10,64
VQE_reduced_surrogate,73001,128,512,25,152,69,1,0.001953125,454.1872437499994,440.82839999999965,not_in_gurobi_pool,,1101101100010100010,00010101100000011,110110110001010001000010101100000011,true,single,36,1.0e-10,64
VQE_reduced_surrogate,73001,128,512,25,152,64,1,0.001953125,444.7525687499924,442.08079999999995,not_in_gurobi_pool,,1110000110011010010,00100000011100101,111000011001101001000100000011100101,true,single,36,1.0e-10,64
VQE_reduced_surrogate,73001,128,512,25,152,62,1,0.001953125,434.5821937500182,442.5974999999998,not_in_gurobi_pool,,0001101010001010000,10000111100000000,000110101000101000010000111100000000,true,single,36,1.0e-10,64
VQE_reduced_surrogate,73001,128,512,25,152,73,1,0.001953125,467.4777187499685,443.43179999999995,not_in_gurobi_pool,,1110000001010000000,10101000011100000,111000000101000000010101000011100000,true,single,36,1.0e-10,64
VQE_reduced_surrogate,73001,128,512,25,152,63,1,0.001953125,436.1350937499967,444.15039999999965,not_in_gurobi_pool,,1011110000111000100,00000000000101000,101111000011100010000000000000101000,true,single,36,1.0e-10,64
VQE_reduced_surrogate,73001,128,512,25,152,65,1,0.001953125,448.7075687499987,446.0358000000001,not_in_gurobi_pool,,1110000101011001010,00100000011100110,111000010101100101000100000011100110,true,single,36,1.0e-10,64
VQE_reduced_surrogate,73001,128,512,25,152,61,1,0.001953125,429.05351875000724,447.75589999999977,not_in_gurobi_pool,,0100110000111100100,00000000010101000,010011000011110010000000000010101000,true,single,36,1.0e-10,64
VQE_reduced_surrogate,73001,128,512,25,152,72,1,0.001953125,465.9437437499919,452.58489999999983,not_in_gurobi_pool,,0100110011010000000,10001001011100000,010011001101000000010001001011100000,true,single,36,1.0e-10,64
VQE_reduced_surrogate,73001,128,512,25,152,70,1,0.001953125,459.2466687499964,456.5748999999999,not_in_gurobi_pool,,1100100111011000100,00100001011000000,110010011101100010000100001011000000,true,single,36,1.0e-10,64
VQE_reduced_surrogate,73001,128,512,25,152,68,1,0.001953125,451.0645937499985,459.0798999999999,not_in_gurobi_pool,,0100001101011100100,00000101110000000,010000110101110010000000101110000000,true,single,36,1.0e-10,64
VQE_reduced_surrogate,73001,128,512,25,152,82,1,0.001953125,502.8316187500018,478.7856999999999,not_in_gurobi_pool,,1101101000000011011,00010101100000100,110110100000001101100010101100000100,true,single,36,1.0e-10,64
VQE_reduced_surrogate,73001,128,512,25,152,71,1,0.001953125,461.729718749991,480.4321000000001,not_in_gurobi_pool,,0110101000001010010,00010101010100101,011010100000101001000010101010100101,true,single,36,1.0e-10,64
VQE_reduced_surrogate,73001,128,512,25,152,79,1,0.001953125,485.5689687499878,482.8971999999999,not_in_gurobi_pool,,0100000010001011010,00100001011000100,010000001000101101000100001011000100,true,single,36,1.0e-10,64
VQE_reduced_surrogate,73001,128,512,25,152,77,1,0.001953125,475.42789374998983,483.44319999999976,not_in_gurobi_pool,,1100000110001000100,00100001011000000,110000011000100010000100001011000000,true,single,36,1.0e-10,64
VQE_reduced_surrogate,73001,128,512,25,152,74,1,0.001953125,469.71081875000687,488.41319999999973,not_in_gurobi_pool,,1010101010001000100,00000111010000000,101010101000100010000000111010000000,true,single,36,1.0e-10,64
VQE_reduced_surrogate,73001,128,512,25,152,80,1,0.001953125,491.64046875000236,488.96869999999984,not_in_gurobi_pool,,1101101010010001001,10000101100000000,110110101001000100110000101100000000,true,single,36,1.0e-10,64
VQE_reduced_surrogate,73001,128,512,25,152,75,1,0.001953125,472.1984187500052,490.9007999999998,not_in_gurobi_pool,,0001110101001010100,00000101010000000,000111010100101010000000101010000000,true,single,36,1.0e-10,64
VQE_reduced_surrogate,73001,128,512,25,152,76,1,0.001953125,472.6294187500041,491.3317999999998,not_in_gurobi_pool,,0001110001001001101,00000101010000000,000111000100100110100000101010000000,true,single,36,1.0e-10,64
VQE_reduced_surrogate,73001,128,512,25,152,84,1,0.001953125,505.56364375002454,492.2047999999999,not_in_gurobi_pool,,0001101100010100100,00010111100000000,000110110001010010000010111100000000,true,single,36,1.0e-10,64
VQE_reduced_surrogate,73001,128,512,25,152,87,1,0.001953125,516.4492187499998,492.40329999999994,not_in_gurobi_pool,,1000111001011000011,01001111110000111,100011100101100001101001111110000111,true,single,36,1.0e-10,64
VQE_reduced_surrogate,73001,128,512,25,152,81,1,0.001953125,501.3479687500055,498.6761999999999,not_in_gurobi_pool,,0100110111010101011,00000001011100010,010011011101010101100000001011100010,true,single,36,1.0e-10,64
VQE_reduced_surrogate,73001,128,512,25,152,83,1,0.001953125,504.19756874999416,501.5258000000001,not_in_gurobi_pool,,1001101101011101111,00000111100000010,100110110101110111100000111100000010,true,single,36,1.0e-10,64
VQE_reduced_surrogate,73001,128,512,25,152,89,1,0.001953125,518.883143750001,505.52430000000004,not_in_gurobi_pool,,1000001111011001101,01000111110000000,100000111101100110101000111110000000,true,single,36,1.0e-10,64
VQE_reduced_surrogate,73001,128,512,25,152,90,1,0.001953125,519.2467687500034,516.5749999999998,not_in_gurobi_pool,,1101110100000011010,00010001010100100,110111010000001101000010001010100100,true,single,36,1.0e-10,64
VQE_reduced_surrogate,73001,128,512,25,152,86,1,0.001953125,516.2872937499972,524.3026,not_in_gurobi_pool,,0000000100001000111,01110101011000111,000000010000100011101110101011000111,true,single,36,1.0e-10,64
VQE_reduced_surrogate,73001,128,512,25,152,85,1,0.001953125,506.2950187499994,524.9974,not_in_gurobi_pool,,1110101100001000100,00010101010100000,111010110000100010000010101010100000,true,single,36,1.0e-10,64
VQE_reduced_surrogate,73001,128,512,25,152,98,1,0.001953125,541.1962437500006,527.8374,not_in_gurobi_pool,,0110010101001100011,00000000011110011,011001010100110001100000000011110011,true,single,36,1.0e-10,64
VQE_reduced_surrogate,73001,128,512,25,152,105,1,0.001953125,553.247318750002,529.2013999999998,not_in_gurobi_pool,,0110110100011000100,00010000011110000,011011010001100010000010000011110000,true,single,36,1.0e-10,64
VQE_reduced_surrogate,73001,128,512,25,152,106,1,0.001953125,554.3084187499819,530.2624999999998,not_in_gurobi_pool,,1010000111001000011,00101100011000111,101000011100100001100101100011000111,true,single,36,1.0e-10,64
VQE_reduced_surrogate,73001,128,512,25,152,94,1,0.001953125,535.4993687500084,532.8275999999998,not_in_gurobi_pool,,1000000100111101111,01100000010000010,100000010011110111101100000010000010,true,single,36,1.0e-10,64
VQE_reduced_surrogate,73001,128,512,25,152,102,1,0.001953125,546.9722437500016,533.6134000000001,not_in_gurobi_pool,,1110110101111000010,00001000010111111,111011010111100001000001000010111111,true,single,36,1.0e-10,64
VQE_reduced_surrogate,73001,128,512,25,152,92,1,0.001953125,527.2882937500067,535.3035999999997,not_in_gurobi_pool,,0000100001010011011,01100101011000100,000010000101001101101100101011000100,true,single,36,1.0e-10,64
VQE_reduced_surrogate,73001,128,512,25,152,103,1,0.001953125,548.8948437500005,535.5359999999998,not_in_gurobi_pool,,1101101101000100100,00000101100000000,110110110100010010000000101100000000,true,single,36,1.0e-10,64
VQE_reduced_surrogate,73001,128,512,25,152,88,1,0.001953125,517.7890187500029,536.4914000000003,not_in_gurobi_pool,,1110111001010001011,00000101010110110,111011100101000101100000101010110110,true,single,36,1.0e-10,64
VQE_reduced_surrogate,73001,128,512,25,152,97,1,0.001953125,539.6492687500026,536.9774999999998,not_in_gurobi_pool,,1100000010110001101,00100000010000000,110000001011000110100100000010000000,true,single,36,1.0e-10,64
VQE_reduced_surrogate,73001,128,512,25,152,91,1,0.001953125,521.3371187500013,540.0395,not_in_gurobi_pool,,0100110110110000110,00000000010101111,010011011011000011000000000010101111,true,single,36,1.0e-10,64
VQE_reduced_surrogate,73001,128,512,25,152,99,1,0.001953125,542.7232687499898,540.0514999999998,not_in_gurobi_pool,,1010011111010000000,10001111010100000,101001111101000000010001111010100000,true,single,36,1.0e-10,64
VQE_reduced_surrogate,73001,128,512,25,152,107,1,0.001953125,555.5434437500016,542.1846,not_in_gurobi_pool,,1000011111011010010,01000111110000101,100001111101101001001000111110000101,true,single,36,1.0e-10,64
VQE_reduced_surrogate,73001,128,512,25,152,95,1,0.001953125,537.8887937500049,545.9040999999999,not_in_gurobi_pool,,0001010111011100100,00000101010000000,000101011101110010000000101010000000,true,single,36,1.0e-10,64
VQE_reduced_surrogate,73001,128,512,25,152,93,1,0.001953125,531.3680187500013,550.0704000000002,not_in_gurobi_pool,,0110101111010000100,00000101010100000,011010111101000010000000101010100000,true,single,36,1.0e-10,64
VQE_reduced_surrogate,73001,128,512,25,152,115,1,0.001953125,583.2866187499951,559.2407000000001,not_in_gurobi_pool,,1110000100001011011,00110000011100100,111000010000101101100110000011100100,true,single,36,1.0e-10,64
VQE_reduced_surrogate,73001,128,512,25,152,108,1,0.001953125,565.5014687499854,562.8297,not_in_gurobi_pool,,1110000110001010001,10100000011100000,111000011000101000110100000011100000,true,single,36,1.0e-10,64
VQE_reduced_surrogate,73001,128,512,25,152,96,1,0.001953125,539.6023437499887,568.9918,not_in_gurobi_pool,,1010011010000100011,00000111010100011,101001101000010001100000111010100011,true,single,36,1.0e-10,64
VQE_reduced_surrogate,73001,128,512,25,152,104,1,0.001953125,550.3709187499958,569.0732999999998,not_in_gurobi_pool,,1011110010001000100,00000100010100000,101111001000100010000000100010100000,true,single,36,1.0e-10,64
VQE_reduced_surrogate,73001,128,512,25,152,109,1,0.001953125,574.3510687499972,571.6792999999996,not_in_gurobi_pool,,1101100110010011011,00100001010000100,110110011001001101100100001010000100,true,single,36,1.0e-10,64
VQE_reduced_surrogate,73001,128,512,25,152,116,1,0.001953125,585.4321437499927,572.0732999999998,not_in_gurobi_pool,,0101001100011100011,00010101100000011,010100110001110001100010101100000011,true,single,36,1.0e-10,64
VQE_reduced_surrogate,73001,128,512,25,152,100,1,0.001953125,542.9122437500023,572.3016999999998,not_in_gurobi_pool,,1110000000111000100,00100000010100000,111000000011100010000100000010100000,true,single,36,1.0e-10,64
VQE_reduced_surrogate,73001,128,512,25,152,101,1,0.001953125,543.1632437499939,572.5527000000001,not_in_gurobi_pool,,0110101010001001010,00000101010100110,011010101000100101000000101010100110,true,single,36,1.0e-10,64
VQE_reduced_surrogate,73001,128,512,25,152,117,1,0.001953125,585.9271437499833,572.5682999999999,not_in_gurobi_pool,,0101000010011000011,00101001010000111,010100001001100001100101001010000111,true,single,36,1.0e-10,64
VQE_reduced_surrogate,73001,128,512,25,152,110,1,0.001953125,575.6205687499937,572.9487999999997,not_in_gurobi_pool,,1010100111001001001,10100100011000000,101010011100100100110100100011000000,true,single,36,1.0e-10,64
VQE_reduced_surrogate,73001,128,512,25,152,118,1,0.001953125,586.9251437499968,573.5663,not_in_gurobi_pool,,0011111101001000000,10001111000100000,001111110100100000010001111000100000,true,single,36,1.0e-10,64
VQE_reduced_surrogate,73001,128,512,25,152,111,1,0.001953125,576.8740687500001,574.2022999999998,not_in_gurobi_pool,,1011110010110001011,00000000000101110,101111001011000101100000000000101110,true,single,36,1.0e-10,64
VQE_reduced_surrogate,73001,128,512,25,152,112,1,0.001953125,579.4195687499976,576.7477999999999,not_in_gurobi_pool,,0100000101011011001,10100001011000000,010000010101101100110100001011000000,true,single,36,1.0e-10,64
VQE_reduced_surrogate,73001,128,512,25,152,113,1,0.001953125,579.6740687500085,577.0022999999999,not_in_gurobi_pool,,0011111100010000100,00010111000100000,001111110001000010000010111000100000,true,single,36,1.0e-10,64
VQE_reduced_surrogate,73001,128,512,25,152,120,1,0.001953125,592.1881437500008,578.8292999999999,not_in_gurobi_pool,,1101101101011011001,10000101100000000,110110110101101100110000101100000000,true,single,36,1.0e-10,64
VQE_reduced_surrogate,73001,128,512,25,152,114,1,0.001953125,582.6960687500002,580.0242999999997,not_in_gurobi_pool,,1101100111010100010,00100001010000011,110110011101010001000100001010000011,true,single,36,1.0e-10,64
VQE_reduced_surrogate,73001,128,512,25,152,126,1,0.001953125,603.26014375,589.9012999999998,not_in_gurobi_pool,,1101101011010000100,00000101100000000,110110101101000010000000101100000000,true,single,36,1.0e-10,64
VQE_reduced_surrogate,73001,128,512,25,152,121,1,0.001953125,592.7980687499976,590.1262999999997,not_in_gurobi_pool,,0011110111011010111,00000100010100101,001111011101101011100000100010100101,true,single,36,1.0e-10,64
VQE_reduced_surrogate,73001,128,512,25,152,124,1,0.001953125,596.2005687500043,593.5288,not_in_gurobi_pool,,0010001111011100100,00000111010000000,001000111101110010000000111010000000,true,single,36,1.0e-10,64
VQE_reduced_surrogate,73001,128,512,25,152,123,1,0.001953125,595.9637937500083,603.9790999999998,not_in_gurobi_pool,,1010100100101011000,10100000010000000,101010010010101100010100000010000000,true,single,36,1.0e-10,64
VQE_reduced_surrogate,73001,128,512,25,152,119,1,0.001953125,591.0993187500023,609.8016999999999,not_in_gurobi_pool,,0001010110001101001,10000101010000000,000101011000110100110000101010000000,true,single,36,1.0e-10,64
VQE_reduced_surrogate,73001,128,512,25,152,127,1,0.001953125,614.0788687500005,611.4070999999999,not_in_gurobi_pool,,0100110000000110111,00010001011100001,010011000000011011100010001011100001,true,single,36,1.0e-10,64
VQE_reduced_surrogate,73001,128,512,25,152,122,1,0.001953125,593.1967187499979,611.8990999999997,not_in_gurobi_pool,,0010011000101100011,00000100000101011,001001100010110001100000100000101011,true,single,36,1.0e-10,64
VQE_reduced_surrogate,73001,128,512,25,152,129,1,0.001953125,615.06476874999,612.3929999999997,not_in_gurobi_pool,,0110010100111000011,00001000010111111,011001010011100001100001000010111111,true,single,36,1.0e-10,64
VQE_reduced_surrogate,73001,128,512,25,152,135,1,0.001953125,627.2248437499916,613.8659999999999,not_in_gurobi_pool,,0110010101001001010,00000000011110110,011001010100100101000000000011110110,true,single,36,1.0e-10,64
VQE_reduced_surrogate,73001,128,512,25,152,136,1,0.001953125,629.0118437500016,615.653,not_in_gurobi_pool,,1110101010100001011,00000000000100110,111010101010000101100000000000100110,true,single,36,1.0e-10,64
VQE_reduced_surrogate,73001,128,512,25,152,125,1,0.001953125,597.7236187500009,616.426,not_in_gurobi_pool,,1110000110111010010,00100000010100101,111000011011101001000100000010100101,true,single,36,1.0e-10,64
VQE_reduced_surrogate,73001,128,512,25,152,137,1,0.001953125,630.088943750003,616.7301,not_in_gurobi_pool,,0100000100011100110,00110001011000011,010000010001110011000110001011000011,true,single,36,1.0e-10,64
VQE_reduced_surrogate,73001,128,512,25,152,131,1,0.001953125,619.4413687499989,616.7695999999999,not_in_gurobi_pool,,1101001010000000100,00000101100000000,110100101000000010000000101100000000,true,single,36,1.0e-10,64
VQE_reduced_surrogate,73001,128,512,25,152,138,1,0.001953125,630.1899437499967,616.8310999999999,not_in_gurobi_pool,,0100000100011010110,00110001011000101,010000010001101011000110001011000101,true,single,36,1.0e-10,64
VQE_reduced_surrogate,73001,128,512,25,152,132,1,0.001953125,619.5177687500068,616.8459999999998,not_in_gurobi_pool,,0110101100101000100,00000000000100000,011010110010100010000000000000100000,true,single,36,1.0e-10,64
VQE_reduced_surrogate,73001,128,512,25,152,134,1,0.001953125,620.1803687500042,617.5086000000001,not_in_gurobi_pool,,1101111110000100100,00000101100100000,110111111000010010000000101100100000,true,single,36,1.0e-10,64
VQE_reduced_surrogate,73001,128,512,25,152,140,1,0.001953125,635.7564437499911,622.3975999999996,not_in_gurobi_pool,,0011001110011011011,00000111000000100,001100111001101101100000111000000100,true,single,36,1.0e-10,64
VQE_reduced_surrogate,73001,128,512,25,152,128,1,0.001953125,614.8327937500023,622.8480999999999,not_in_gurobi_pool,,0100110101111011001,10000000010101000,010011010111101100110000000010101000,true,single,36,1.0e-10,64
VQE_reduced_surrogate,73001,128,512,25,152,130,1,0.001953125,616.1056937500016,624.1210000000002,not_in_gurobi_pool,,1110111010010001101,00000101010110000,111011101001000110100000101010110000,true,single,36,1.0e-10,64
VQE_reduced_surrogate,73001,128,512,25,152,141,1,0.001953125,640.2909437500068,626.9320999999995,not_in_gurobi_pool,,0010100011011101010,00100100011000010,001010001101110101000100100011000010,true,single,36,1.0e-10,64
VQE_reduced_surrogate,73001,128,512,25,152,133,1,0.001953125,619.5417937499826,627.5571000000001,not_in_gurobi_pool,,0010110110111101111,00000000010101010,001011011011110111100000000010101010,true,single,36,1.0e-10,64
VQE_reduced_surrogate,73001,128,512,25,152,143,1,0.001953125,642.2998437499978,628.941,not_in_gurobi_pool,,1110000111010000111,00100000011100111,111000011101000011100100000011100111,true,single,36,1.0e-10,64
VQE_reduced_surrogate,73001,128,512,25,152,157,1,0.001953125,669.0782187499819,645.0322999999997,not_in_gurobi_pool,,0110010100000100000,10010000011110000,011001010000010000010010000011110000,true,single,36,1.0e-10,64
VQE_reduced_surrogate,73001,128,512,25,152,164,1,0.001953125,681.9382937499965,647.2053,not_in_gurobi_pool,,0110110000000110010,00010000011110001,011011000000011001000010000011110001,true,single,36,1.0e-10,64
VQE_reduced_surrogate,73001,128,512,25,152,146,1,0.001953125,650.3116687500028,647.6398999999998,not_in_gurobi_pool,,1101010000101110011,00000000000101001,110101000010111001100000000000101001,true,single,36,1.0e-10,64
VQE_reduced_surrogate,73001,128,512,25,152,147,1,0.001953125,651.8776687499942,649.2058999999997,not_in_gurobi_pool,,1101010100000010100,00010001010100000,110101010000001010000010001010100000,true,single,36,1.0e-10,64
VQE_reduced_surrogate,73001,128,512,25,152,142,1,0.001953125,641.5799937499896,649.5953000000003,not_in_gurobi_pool,,1110001000000101011,00010101010100010,111000100000010101100010101010100010,true,single,36,1.0e-10,64
VQE_reduced_surrogate,73001,128,512,25,152,153,1,0.001953125,664.9163437500042,651.5575000000001,not_in_gurobi_pool,,1000110100000101111,01010101011000010,100011010000010111101010101011000010,true,single,36,1.0e-10,64
VQE_reduced_surrogate,73001,128,512,25,152,154,1,0.001953125,665.3542437499987,651.9953999999998,not_in_gurobi_pool,,0100000100011110000,10110001011000000,010000010001111000010110001011000000,true,single,36,1.0e-10,64
VQE_reduced_surrogate,73001,128,512,25,152,149,1,0.001953125,655.248168749988,652.5763999999999,not_in_gurobi_pool,,0100000000001000110,00110001011000111,010000000000100011000110001011000111,true,single,36,1.0e-10,64
VQE_reduced_surrogate,73001,128,512,25,152,165,1,0.001953125,688.101293750002,653.3683,not_in_gurobi_pool,,0110110100010110011,00010000011110001,011011010001011001100010000011110001,true,single,36,1.0e-10,64
VQE_reduced_surrogate,73001,128,512,25,152,156,1,0.001953125,667.1277437500005,653.7688999999998,not_in_gurobi_pool,,1101001100010001000,10010101100000000,110100110001000100010010101100000000,true,single,36,1.0e-10,64
VQE_reduced_surrogate,73001,128,512,25,152,145,1,0.001953125,649.8276937500004,657.8429999999998,not_in_gurobi_pool,,1001110000011101110,00010101010000010,100111000001110111000010101010000010,true,single,36,1.0e-10,64
VQE_reduced_surrogate,73001,128,512,25,152,159,1,0.001953125,674.1517437499961,660.7928999999998,not_in_gurobi_pool,,1101100000111110111,00100000000000001,110110000011111011100100000000000001,true,single,36,1.0e-10,64
VQE_reduced_surrogate,73001,128,512,25,152,160,1,0.001953125,674.3721437499885,661.0132999999997,not_in_gurobi_pool,,0110010001011010000,10000000011110000,011001000101101000010000000011110000,true,single,36,1.0e-10,64
VQE_reduced_surrogate,73001,128,512,25,152,139,1,0.001953125,631.7075437500043,661.0969999999998,not_in_gurobi_pool,,0001100111001010000,10100101010000000,000110011100101000010100101010000000,true,single,36,1.0e-10,64
VQE_reduced_surrogate,73001,128,512,25,152,148,1,0.001953125,653.5465937500016,661.5618999999998,not_in_gurobi_pool,,1101010010011010100,00000001010100000,110101001001101010000000001010100000,true,single,36,1.0e-10,64
VQE_reduced_surrogate,73001,128,512,25,152,155,1,0.001953125,665.450168749989,662.7783999999997,not_in_gurobi_pool,,0010000011000001010,00100100011000110,001000001100000101000100100011000110,true,single,36,1.0e-10,64
VQE_reduced_surrogate,73001,128,512,25,152,161,1,0.001953125,679.084243749993,665.7253999999998,not_in_gurobi_pool,,0100001101100011011,00000001000000100,010000110110001101100000001000000100,true,single,36,1.0e-10,64
VQE_reduced_surrogate,73001,128,512,25,152,158,1,0.001953125,670.1672687500106,667.4954999999999,not_in_gurobi_pool,,0000111010111001010,01000101000001110,000011101011100101001000101000001110,true,single,36,1.0e-10,64
VQE_reduced_surrogate,73001,128,512,25,152,150,1,0.001953125,659.5640937499948,667.5793999999999,not_in_gurobi_pool,,1010101010011101101,00000111010000000,101010101001110110100000111010000000,true,single,36,1.0e-10,64
VQE_reduced_surrogate,73001,128,512,25,152,151,1,0.001953125,659.8145937500017,667.8298999999995,not_in_gurobi_pool,,0011111001011001010,00000111000100110,001111100101100101000000111000100110,true,single,36,1.0e-10,64
VQE_reduced_surrogate,73001,128,512,25,152,144,1,0.001953125,649.3020187500003,668.0043999999998,not_in_gurobi_pool,,0100111001010110011,00000101110100001,010011100101011001100000101110100001,true,single,36,1.0e-10,64
VQE_reduced_surrogate,73001,128,512,25,152,152,1,0.001953125,661.1460937499887,669.1614000000001,not_in_gurobi_pool,,0100111100110011111,00000001000101100,010011110011001111100000001000101100,true,single,36,1.0e-10,64
VQE_reduced_surrogate,73001,128,512,25,152,170,1,0.001953125,706.1119937500112,671.3789999999999,not_in_gurobi_pool,,0001111011010000000,10001111100000000,000111101101000000010001111100000000,true,single,36,1.0e-10,64
VQE_reduced_surrogate,73001,128,512,25,152,166,1,0.001953125,690.2399687499885,687.5681999999998,not_in_gurobi_pool,,1101010000000011010,00010001010100100,110101000000001101000010001010100100,true,single,36,1.0e-10,64
VQE_reduced_surrogate,73001,128,512,25,152,173,1,0.001953125,708.8860437500007,695.5272,not_in_gurobi_pool,,0101111100001011010,00010101100100100,010111110000101101000010101100100100,true,single,36,1.0e-10,64
VQE_reduced_surrogate,73001,128,512,25,152,174,1,0.001953125,710.7171437500062,697.3582999999996,not_in_gurobi_pool,,1001111110000011001,10000111100000000,100111111000001100110000111100000000,true,single,36,1.0e-10,64
VQE_reduced_surrogate,73001,128,512,25,152,162,1,0.001953125,680.4582187499971,699.1605999999998,not_in_gurobi_pool,,0110010100110001010,00000000010111110,011001010011000101000000000010111110,true,single,36,1.0e-10,64
VQE_reduced_surrogate,73001,128,512,25,152,180,1,0.001953125,725.6942187500149,701.6483000000001,not_in_gurobi_pool,,0001111000000001110,00010111100000110,000111100000000111000010111100000110,true,single,36,1.0e-10,64
VQE_reduced_surrogate,73001,128,512,25,152,181,1,0.001953125,727.1331187500057,703.0871999999999,not_in_gurobi_pool,,1011001100011010100,00010111000000000,101100110001101010000010111000000000,true,single,36,1.0e-10,64
VQE_reduced_surrogate,73001,128,512,25,152,169,1,0.001953125,705.9453687499765,703.2735999999998,not_in_gurobi_pool,,1110000001110000000,10101000010100000,111000000111000000010101000010100000,true,single,36,1.0e-10,64
VQE_reduced_surrogate,73001,128,512,25,152,168,1,0.001953125,696.9223937499992,704.9376999999997,not_in_gurobi_pool,,1010110110010110100,00000100011100000,101011011001011010000000100011100000,true,single,36,1.0e-10,64
VQE_reduced_surrogate,73001,128,512,25,152,177,1,0.001953125,718.8370437499941,705.4781999999999,not_in_gurobi_pool,,1011110101111011001,10000000000101000,101111010111101100110000000000101000,true,single,36,1.0e-10,64
VQE_reduced_surrogate,73001,128,512,25,152,178,1,0.001953125,718.9550437500068,705.5962000000001,not_in_gurobi_pool,,1101101101100011011,00000001000000100,110110110110001101100000001000000100,true,single,36,1.0e-10,64
VQE_reduced_surrogate,73001,128,512,25,152,172,1,0.001953125,708.7244687499999,706.0526999999998,not_in_gurobi_pool,,0100100010110101011,00100000010000010,010010001011010101100100000010000010,true,single,36,1.0e-10,64
VQE_reduced_surrogate,73001,128,512,25,152,163,1,0.001953125,680.4958437499934,709.8852999999997,not_in_gurobi_pool,,0001000110010011111,00100101010000100,000100011001001111100100101010000100,true,single,36,1.0e-10,64
VQE_reduced_surrogate,73001,128,512,25,152,176,1,0.001953125,715.2714687499888,712.5996999999998,not_in_gurobi_pool,,1100001111000100100,00000101110000000,110000111100010010000000101110000000,true,single,36,1.0e-10,64
VQE_reduced_surrogate,73001,128,512,25,152,167,1,0.001953125,695.2083187499961,713.9107000000001,not_in_gurobi_pool,,0100111010010001110,00000101110100110,010011101001000111000000101110100110,true,single,36,1.0e-10,64
VQE_reduced_surrogate,73001,128,512,25,152,182,1,0.001953125,729.0885437500003,715.7296999999999,not_in_gurobi_pool,,1010001111110000011,00001100000000111,101000111111000001100001100000000111,true,single,36,1.0e-10,64
VQE_reduced_surrogate,73001,128,512,25,152,171,1,0.001953125,708.5543937500038,716.5696999999999,not_in_gurobi_pool,,1010101111110010010,00000100000000101,101010111111001001000000100000000101,true,single,36,1.0e-10,64
VQE_reduced_surrogate,73001,128,512,25,152,188,1,0.001953125,742.8807187499992,718.8348000000001,not_in_gurobi_pool,,1000011111011010100,01000111110000000,100001111101101010001000111110000000,true,single,36,1.0e-10,64
VQE_reduced_surrogate,73001,128,512,25,152,179,1,0.001953125,719.1685187499984,737.8708999999997,not_in_gurobi_pool,,1110000000100100100,00100000010100000,111000000010010010000100000010100000,true,single,36,1.0e-10,64
VQE_reduced_surrogate,73001,128,512,25,152,186,1,0.001953125,740.7557687500068,738.0839999999998,not_in_gurobi_pool,,0010100100001000110,00110100011000111,001010010000100011000110100011000111,true,single,36,1.0e-10,64
VQE_reduced_surrogate,73001,128,512,25,152,190,1,0.001953125,752.1809437500044,738.8220999999999,not_in_gurobi_pool,,0000110000001011101,01010101011000000,000011000000101110101010101011000000,true,single,36,1.0e-10,64
VQE_reduced_surrogate,73001,128,512,25,152,183,1,0.001953125,731.2286937500057,739.2440000000003,not_in_gurobi_pool,,1100111100101111011,00000001000101000,110011110010111101100000001000101000,true,single,36,1.0e-10,64
VQE_reduced_surrogate,73001,128,512,25,152,175,1,0.001953125,712.2515437499844,741.6409999999998,not_in_gurobi_pool,,0100011010001100001,10000101110100000,010001101000110000110000101110100000,true,single,36,1.0e-10,64
VQE_reduced_surrogate,73001,128,512,25,152,184,1,0.001953125,734.8966937499883,742.912,not_in_gurobi_pool,,0100001010001101001,10000101110000000,010000101000110100110000101110000000,true,single,36,1.0e-10,64
VQE_reduced_surrogate,73001,128,512,25,152,191,1,0.001953125,759.4477437499961,746.0888999999999,not_in_gurobi_pool,,1110101001101001001,10000000000100000,111010100110100100110000000000100000,true,single,36,1.0e-10,64
VQE_reduced_surrogate,73001,128,512,25,152,189,1,0.001953125,751.0588687499944,748.3870999999999,not_in_gurobi_pool,,1000111001001000100,01000111110000000,100011100100100010001000111110000000,true,single,36,1.0e-10,64
VQE_reduced_surrogate,73001,128,512,25,152,187,1,0.001953125,741.6057937499925,749.6210999999998,not_in_gurobi_pool,,1000000111001000100,01100101011000000,100000011100100010001100101011000000,true,single,36,1.0e-10,64
VQE_reduced_surrogate,73001,128,512,25,152,193,1,0.001953125,765.2403437500043,751.8815,not_in_gurobi_pool,,1101101101001101111,00000101100000010,110110110100110111100000101100000010,true,single,36,1.0e-10,64
VQE_reduced_surrogate,73001,128,512,25,152,185,1,0.001953125,735.8186187499925,754.521,not_in_gurobi_pool,,1100111011010100000,10000101110100000,110011101101010000010000101110100000,true,single,36,1.0e-10,64
VQE_reduced_surrogate,73001,128,512,25,152,192,1,0.001953125,760.7977687499992,758.126,not_in_gurobi_pool,,0010111011010000010,00001111010100111,001011101101000001000001111010100111,true,single,36,1.0e-10,64
VQE_reduced_surrogate,73001,128,512,25,152,197,1,0.001953125,785.6794187499968,761.6334999999997,not_in_gurobi_pool,,1101101011010100100,00000101100000000,110110101101010010000000101100000000,true,single,36,1.0e-10,64
VQE_reduced_surrogate,73001,128,512,25,152,212,1,0.001953125,822.2991937499705,787.5661999999996,not_in_gurobi_pool,,1110001001100000000,10001000000100000,111000100110000000010001000000100000,true,single,36,1.0e-10,64
VQE_reduced_surrogate,73001,128,512,25,152,202,1,0.001953125,801.5996437500112,788.2407999999997,not_in_gurobi_pool,,1101110010110110011,00000000000101001,110111001011011001100000000000101001,true,single,36,1.0e-10,64
VQE_reduced_surrogate,73001,128,512,25,152,194,1,0.001953125,770.0908187500008,788.7932000000002,not_in_gurobi_pool,,0110101101001110000,10000101010100000,011010110100111000010000101010100000,true,single,36,1.0e-10,64
VQE_reduced_surrogate,73001,128,512,25,152,203,1,0.001953125,804.4776437499916,791.1188,not_in_gurobi_pool,,1101101010011111011,00000101100000000,110110101001111101100000101100000000,true,single,36,1.0e-10,64
VQE_reduced_surrogate,73001,128,512,25,152,205,1,0.001953125,805.110143749987,791.7513000000001,not_in_gurobi_pool,,0100000011000101011,00100001011000010,010000001100010101100100001011000010,true,single,36,1.0e-10,64
VQE_reduced_surrogate,73001,128,512,25,152,195,1,0.001953125,773.5338187500063,792.2361999999996,not_in_gurobi_pool,,1110000010111000100,00100000010100000,111000001011100010000100000010100000,true,single,36,1.0e-10,64
VQE_reduced_surrogate,73001,128,512,25,152,200,1,0.001953125,797.285668749998,794.6138999999998,not_in_gurobi_pool,,1001001101011111010,00000111100000000,100100110101111101000000111100000000,true,single,36,1.0e-10,64
VQE_reduced_surrogate,73001,128,512,25,152,201,1,0.001953125,797.3871687500009,794.7153999999998,not_in_gurobi_pool,,0000101110110110001,11000101000000000,000010111011011000111000101000000000,true,single,36,1.0e-10,64
VQE_reduced_surrogate,73001,128,512,25,152,199,1,0.001953125,791.9988937500102,800.0141999999998,not_in_gurobi_pool,,1110001111010011011,00000101010100100,111000111101001101100000101010100100,true,single,36,1.0e-10,64
VQE_reduced_surrogate,73001,128,512,25,152,196,1,0.001953125,781.5669187499964,800.2692999999999,not_in_gurobi_pool,,0100111011010100000,10000101110100000,010011101101010000010000101110100000,true,single,36,1.0e-10,64
VQE_reduced_surrogate,73001,128,512,25,152,204,1,0.001953125,804.6786687499985,802.0068999999996,not_in_gurobi_pool,,1001010111111000100,00000000000001000,100101011111100010000000000000001000,true,single,36,1.0e-10,64
VQE_reduced_surrogate,73001,128,512,25,152,208,1,0.001953125,816.2516437499951,802.8927999999999,not_in_gurobi_pool,,0011101110110001110,00000100000000110,001110111011000111000000100000000110,true,single,36,1.0e-10,64
VQE_reduced_surrogate,73001,128,512,25,152,198,1,0.001953125,787.8578187500023,806.5601999999999,not_in_gurobi_pool,,0110101011011000100,00000101010100000,011010101101100010000000101010100000,true,single,36,1.0e-10,64
VQE_reduced_surrogate,73001,128,512,25,152,210,1,0.001953125,820.4456437500037,807.0867999999998,not_in_gurobi_pool,,1101111111011011111,00000101100100100,110111111101101111100000101100100100,true,single,36,1.0e-10,64
VQE_reduced_surrogate,73001,128,512,25,152,224,1,0.001953125,850.8910187500028,826.8450999999998,not_in_gurobi_pool,,1011001100010101010,00010111000000010,101100110001010101000010111000000010,true,single,36,1.0e-10,64
VQE_reduced_surrogate,73001,128,512,25,152,211,1,0.001953125,821.5292937500044,829.5445999999998,not_in_gurobi_pool,,1010010010111110001,10000000010101000,101001001011111000110000000010101000,true,single,36,1.0e-10,64
VQE_reduced_surrogate,73001,128,512,25,152,225,1,0.001953125,854.4436187499973,830.3976999999996,not_in_gurobi_pool,,0000110101100011001,11000000010001000,000011010110001100111000000010001000,true,single,36,1.0e-10,64
VQE_reduced_surrogate,73001,128,512,25,152,206,1,0.001953125,811.7391187500002,830.4414999999998,not_in_gurobi_pool,,1110011010011010000,10000101010110000,111001101001101000010000101010110000,true,single,36,1.0e-10,64
VQE_reduced_surrogate,73001,128,512,25,152,213,1,0.001953125,825.7402937499896,833.7556,not_in_gurobi_pool,,1010101110010111011,00000111010000000,101010111001011101100000111010000000,true,single,36,1.0e-10,64
VQE_reduced_surrogate,73001,128,512,25,152,207,1,0.001953125,815.1706187499994,833.8729999999998,not_in_gurobi_pool,,1111101000111000100,00000000000100000,111110100011100010000000000000100000,true,single,36,1.0e-10,64
VQE_reduced_surrogate,73001,128,512,25,152,214,1,0.001953125,826.0492937500028,834.0645999999999,not_in_gurobi_pool,,0100110101001011100,00000001011100000,010011010100101110000000001011100000,true,single,36,1.0e-10,64
VQE_reduced_surrogate,73001,128,512,25,152,215,1,0.001953125,826.7396937500052,834.7549999999998,not_in_gurobi_pool,,0111110110010000100,00000000010110000,011111011001000010000000000010110000,true,single,36,1.0e-10,64
VQE_reduced_surrogate,73001,128,512,25,152,223,1,0.001953125,848.54534374998,835.1864999999998,not_in_gurobi_pool,,1110000011000000100,00100000011100000,111000001100000010000100000011100000,true,single,36,1.0e-10,64
VQE_reduced_surrogate,73001,128,512,25,152,219,1,0.001953125,837.9408687499961,835.2690999999998,not_in_gurobi_pool,,1101100111001000100,00100001010000000,110110011100100010000100001010000000,true,single,36,1.0e-10,64
VQE_reduced_surrogate,73001,128,512,25,152,216,1,0.001953125,828.0082937499992,836.0236,not_in_gurobi_pool,,1100001101000011101,00000101110000000,110000110100001110100000101110000000,true,single,36,1.0e-10,64
VQE_reduced_surrogate,73001,128,512,25,152,217,1,0.001953125,828.1562937500055,836.1715999999999,not_in_gurobi_pool,,0100110010010110100,00000001011100000,010011001001011010000000001011100000,true,single,36,1.0e-10,64
VQE_reduced_surrogate,73001,128,512,25,152,229,1,0.001953125,860.3950187500122,836.3490999999997,not_in_gurobi_pool,,1011000010110001100,00100000000000000,101100001011000110000100000000000000,true,single,36,1.0e-10,64
VQE_reduced_surrogate,73001,128,512,25,152,209,1,0.001953125,820.083618749992,838.7859999999998,not_in_gurobi_pool,,1111101010011100111,00000101000100011,111110101001110011100000101000100011,true,single,36,1.0e-10,64
VQE_reduced_surrogate,73001,128,512,25,152,221,1,0.001953125,842.899868750002,840.2281,not_in_gurobi_pool,,1101111111001000100,00000101100100000,110111111100100010000000101100100000,true,single,36,1.0e-10,64
VQE_reduced_surrogate,73001,128,512,25,152,232,1,0.001953125,867.5684187500076,843.5225,not_in_gurobi_pool,,1110000111011010110,00100000011100101,111000011101101011000100000011100101,true,single,36,1.0e-10,64
VQE_reduced_surrogate,73001,128,512,25,152,227,1,0.001953125,857.1875437500021,843.8286999999998,not_in_gurobi_pool,,0000101111010110000,11000111110000000,000010111101011000011000111110000000,true,single,36,1.0e-10,64
VQE_reduced_surrogate,73001,128,512,25,152,222,1,0.001953125,847.4468687500123,844.7750999999998,not_in_gurobi_pool,,1101010111011101111,00000001010100010,110101011101110111100000001010100010,true,single,36,1.0e-10,64
VQE_reduced_surrogate,73001,128,512,25,152,220,1,0.001953125,838.5042937499964,846.5195999999999,not_in_gurobi_pool,,0100001101010011110,00000101110000100,010000110101001111000000101110000100,true,single,36,1.0e-10,64
VQE_reduced_surrogate,73001,128,512,25,152,218,1,0.001953125,830.5662187499911,849.2685999999997,not_in_gurobi_pool,,0100011011010000100,00000101110100000,010001101101000010000000101110100000,true,single,36,1.0e-10,64
VQE_reduced_surrogate,73001,128,512,25,152,228,1,0.001953125,857.4191937500048,865.4344999999998,not_in_gurobi_pool,,1001110000010111011,00010101010000000,100111000001011101100010101010000000,true,single,36,1.0e-10,64
VQE_reduced_surrogate,73001,128,512,25,152,230,1,0.001953125,861.0794937500079,869.0948000000001,not_in_gurobi_pool,,1110101100000011101,00010101010100000,111010110000001110100010101010100000,true,single,36,1.0e-10,64
VQE_reduced_surrogate,73001,128,512,25,152,247,1,0.001953125,893.2233187500021,869.1773999999996,not_in_gurobi_pool,,1101101100001011101,00010101100000000,110110110000101110100010101100000000,true,single,36,1.0e-10,64
VQE_reduced_surrogate,73001,128,512,25,152,235,1,0.001953125,872.1085687499803,869.4367999999997,not_in_gurobi_pool,,1110000001101000011,00101000010100111,111000000110100001100101000010100111,true,single,36,1.0e-10,64
VQE_reduced_surrogate,73001,128,512,25,152,238,1,0.001953125,874.3281687499916,871.6564,not_in_gurobi_pool,,1101100110011111010,00100001010000000,110110011001111101000100001010000000,true,single,36,1.0e-10,64
VQE_reduced_surrogate,73001,128,512,25,152,239,1,0.001953125,875.9606687499993,873.2888999999998,not_in_gurobi_pool,,0100100010001011101,00100001011000000,010010001000101110100100001011000000,true,single,36,1.0e-10,64
VQE_reduced_surrogate,73001,128,512,25,152,244,1,0.001953125,887.5272437500066,874.1683999999997,not_in_gurobi_pool,,1101110010110101010,00000000000101010,110111001011010101000000000000101010,true,single,36,1.0e-10,64
VQE_reduced_surrogate,73001,128,512,25,152,240,1,0.001953125,876.8455687500025,874.1737999999999,not_in_gurobi_pool,,1110110110100001110,00000000010111110,111011011010000111000000000010111110,true,single,36,1.0e-10,64
VQE_reduced_surrogate,73001,128,512,25,152,226,1,0.001953125,857.1129187499932,875.8152999999998,not_in_gurobi_pool,,1111101010011101010,00000101000100010,111110101001110101000000101000100010,true,single,36,1.0e-10,64
VQE_reduced_surrogate,73001,128,512,25,152,233,1,0.001953125,868.6059937499954,876.6212999999995,not_in_gurobi_pool,,1111111100111000100,00000000000111000,111111110011100010000000000000111000,true,single,36,1.0e-10,64
VQE_reduced_surrogate,73001,128,512,25,152,234,1,0.001953125,871.3996937499983,879.4149999999997,not_in_gurobi_pool,,1000000001010110100,01100101011000000,100000000101011010001100101011000000,true,single,36,1.0e-10,64
VQE_reduced_surrogate,73001,128,512,25,152,251,1,0.001953125,904.0107187499973,879.9647999999996,not_in_gurobi_pool,,1110111001110100001,10000000000111000,111011100111010000110000000000111000,true,single,36,1.0e-10,64
VQE_reduced_surrogate,73001,128,512,25,152,248,1,0.001953125,893.7202437500132,880.3613999999997,not_in_gurobi_pool,,0011101110100100100,00000100000000000,001110111010010010000000100000000000,true,single,36,1.0e-10,64
VQE_reduced_surrogate,73001,128,512,25,152,242,1,0.001953125,884.3777687500065,881.7059999999997,not_in_gurobi_pool,,0000100111001010100,01100101011000000,000010011100101010001100101011000000,true,single,36,1.0e-10,64
VQE_reduced_surrogate,73001,128,512,25,152,249,1,0.001953125,895.0648437499935,881.7059999999997,not_in_gurobi_pool,,0000010011001010100,01000101011000000,000001001100101010001000101011000000,true,single,36,1.0e-10,64
VQE_reduced_surrogate,73001,128,512,25,152,237,1,0.001953125,874.2441937499975,882.2594999999997,not_in_gurobi_pool,,0001010011000001100,00000101010000000,000101001100000110000000101010000000,true,single,36,1.0e-10,64
VQE_reduced_surrogate,73001,128,512,25,152,243,1,0.001953125,885.9996687500002,883.3278999999998,not_in_gurobi_pool,,1100000101111011100,00100000010000000,110000010111101110000100000010000000,true,single,36,1.0e-10,64
VQE_reduced_surrogate,73001,128,512,25,152,231,1,0.001953125,866.2724187500075,884.9748,not_in_gurobi_pool,,1110101001010011101,00000101010100000,111010100101001110100000101010100000,true,single,36,1.0e-10,64
VQE_reduced_surrogate,73001,128,512,25,152,241,1,0.001953125,877.4524937500114,885.4678,not_in_gurobi_pool,,1110011001011001111,00000101010110110,111001100101100111100000101010110110,true,single,36,1.0e-10,64
VQE_reduced_surrogate,73001,128,512,25,152,246,1,0.001953125,891.3086687500015,888.6369,not_in_gurobi_pool,,0100110111010110100,00000001011100000,010011011101011010000000001011100000,true,single,36,1.0e-10,64
VQE_reduced_surrogate,73001,128,512,25,152,236,1,0.001953125,873.8805187500077,892.5828999999997,not_in_gurobi_pool,,0100010111111010111,00000000010101101,010001011111101011100000000010101101,true,single,36,1.0e-10,64
VQE_reduced_surrogate,73001,128,512,25,152,254,1,0.001953125,908.320468749997,905.6486999999997,not_in_gurobi_pool,,1011000110000110000,10100100010000000,101100011000011000010100100010000000,true,single,36,1.0e-10,64
VQE_reduced_surrogate,73001,128,512,25,152,259,1,0.001953125,919.6710437499976,906.3121999999996,not_in_gurobi_pool,,1100000100000110100,00110001011000000,110000010000011010000110001011000000,true,single,36,1.0e-10,64
VQE_reduced_surrogate,73001,128,512,25,152,245,1,0.001953125,888.8767187499909,907.5790999999999,not_in_gurobi_pool,,0110000000100011010,00100000010100100,011000000010001101000100000010100100,true,single,36,1.0e-10,64
VQE_reduced_surrogate,73001,128,512,25,152,257,1,0.001953125,913.9429687499967,911.2711999999999,not_in_gurobi_pool,,1100001100000110100,00010101110000000,110000110000011010000010101110000000,true,single,36,1.0e-10,64
VQE_reduced_surrogate,73001,128,512,25,152,258,1,0.001953125,915.7199687500081,913.0481999999997,not_in_gurobi_pool,,1010000010000011100,00100100011000000,101000001000001110000100100011000000,true,single,36,1.0e-10,64
VQE_reduced_surrogate,73001,128,512,25,152,252,1,0.001953125,905.062893749996,913.0781999999999,not_in_gurobi_pool,,1100101010000111011,00000101110000000,110010101000011101100000101110000000,true,single,36,1.0e-10,64
VQE_reduced_surrogate,73001,128,512,25,152,263,1,0.001953125,927.1815437500084,913.8226999999997,not_in_gurobi_pool,,0011000100100001110,00100000000000110,001100010010000111000100000000000110,true,single,36,1.0e-10,64
VQE_reduced_surrogate,73001,128,512,25,152,253,1,0.001953125,905.9818937500022,913.9971999999996,not_in_gurobi_pool,,0100000100101110110,00100000010000001,010000010010111011000100000010000001,true,single,36,1.0e-10,64
VQE_reduced_surrogate,73001,128,512,25,152,275,1,0.001953125,952.0120937500028,917.2791000000001,not_in_gurobi_pool,,0110110000011101110,00010000011110010,011011000001110111000010000011110010,true,single,36,1.0e-10,64
VQE_reduced_surrogate,73001,128,512,25,152,271,1,0.001953125,943.2526187499957,919.2066999999995,not_in_gurobi_pool,,1011000101100001100,00100000000000000,101100010110000110000100000000000000,true,single,36,1.0e-10,64
VQE_reduced_surrogate,73001,128,512,25,152,256,1,0.001953125,912.790893750004,920.8062,not_in_gurobi_pool,,0100110101010111010,00000001011100000,010011010101011101000000001011100000,true,single,36,1.0e-10,64
VQE_reduced_surrogate,73001,128,512,25,152,250,1,0.001953125,902.1402187500007,920.8425999999997,not_in_gurobi_pool,,1111101001000001101,00000101000100000,111110100100000110100000101000100000,true,single,36,1.0e-10,64
VQE_reduced_surrogate,73001,128,512,25,152,260,1,0.001953125,923.7615687500047,921.0897999999997,not_in_gurobi_pool,,0001001110000011101,00000111100000000,000100111000001110100000111100000000,true,single,36,1.0e-10,64
VQE_reduced_surrogate,73001,128,512,25,152,261,1,0.001953125,924.8210687499991,922.1492999999998,not_in_gurobi_pool,,0000010111101010010,01000000010001101,000001011110101001001000000010001101,true,single,36,1.0e-10,64
VQE_reduced_surrogate,73001,128,512,25,152,268,1,0.001953125,935.7335437499855,922.3747000000001,not_in_gurobi_pool,,0011101110011111010,00000111000000000,001110111001111101000000111000000000,true,single,36,1.0e-10,64
VQE_reduced_surrogate,73001,128,512,25,152,273,1,0.001953125,948.4660187499967,924.4201,not_in_gurobi_pool,,0110111000111010110,00000000000111101,011011100011101011000000000000111101,true,single,36,1.0e-10,64
VQE_reduced_surrogate,73001,128,512,25,152,269,1,0.001953125,938.2030437500018,924.8441999999998,not_in_gurobi_pool,,1010101001101100110,00000100000000011,101010100110110011000000100000000011,true,single,36,1.0e-10,64
VQE_reduced_surrogate,73001,128,512,25,152,264,1,0.001953125,930.9324687500016,928.2607,not_in_gurobi_pool,,1011111111110000000,10001100000101000,101111111111000000010001100000101000,true,single,36,1.0e-10,64
VQE_reduced_surrogate,73001,128,512,25,152,265,1,0.001953125,930.9478687499993,928.2760999999995,not_in_gurobi_pool,,0110110001111001100,00000000010111000,011011000111100110000000000010111000,true,single,36,1.0e-10,64
VQE_reduced_surrogate,73001,128,512,25,152,266,1,0.001953125,933.1829687499915,930.5111999999999,not_in_gurobi_pool,,0100111110110011101,00000001000101000,010011111011001110100000001000101000,true,single,36,1.0e-10,64
VQE_reduced_surrogate,73001,128,512,25,152,255,1,0.001953125,912.0207187500055,930.7231000000002,not_in_gurobi_pool,,0110101001011011101,00000101010100000,011010100101101110100000101010100000,true,single,36,1.0e-10,64
VQE_reduced_surrogate,73001,128,512,25,152,262,1,0.001953125,925.9007937500073,933.9160999999999,not_in_gurobi_pool,,1110101111010011101,00000101010100000,111010111101001110100000101010100000,true,single,36,1.0e-10,64
VQE_reduced_surrogate,73001,128,512,25,152,278,1,0.001953125,961.5087187499978,937.4627999999998,not_in_gurobi_pool,,0001111011011001110,00000111100000110,000111101101100111000000111100000110,true,single,36,1.0e-10,64
VQE_reduced_surrogate,73001,128,512,25,152,281,1,0.001953125,964.6622437499957,951.3034,not_in_gurobi_pool,,0110100010000110001,10100000011100000,011010001000011000110100000011100000,true,single,36,1.0e-10,64
VQE_reduced_surrogate,73001,128,512,25,152,267,1,0.001953125,934.3767187500052,953.0790999999997,not_in_gurobi_pool,,1001011100101111011,00000101000001000,100101110010111101100000101000001000,true,single,36,1.0e-10,64
VQE_reduced_surrogate,73001,128,512,25,152,272,1,0.001953125,946.3871937499962,954.4024999999997,not_in_gurobi_pool,,1010010101000111010,00000100011100000,101001010100011101000000100011100000,true,single,36,1.0e-10,64
VQE_reduced_surrogate,73001,128,512,25,152,274,1,0.001953125,950.1241937499974,958.1394999999998,not_in_gurobi_pool,,0100110001101110001,10000000010101000,010011000110111000110000000010101000,true,single,36,1.0e-10,64
VQE_reduced_surrogate,73001,128,512,25,152,279,1,0.001953125,962.3132687500049,959.6414999999997,not_in_gurobi_pool,,1010100010101001110,00100000010000110,101010001010100111000100000010000110,true,single,36,1.0e-10,64
VQE_reduced_surrogate,73001,128,512,25,152,276,1,0.001953125,952.1031937499906,960.1184999999998,not_in_gurobi_pool,,0100010010000011110,00000001011100100,010001001000001111000000001011100100,true,single,36,1.0e-10,64
VQE_reduced_surrogate,73001,128,512,25,152,277,1,0.001953125,952.2176937500012,960.2329999999997,not_in_gurobi_pool,,1101110001000110110,00000001010100001,110111000100011011000000001010100001,true,single,36,1.0e-10,64
VQE_reduced_surrogate,73001,128,512,25,152,270,1,0.001953125,941.6770187500069,960.3793999999998,not_in_gurobi_pool,,1110000000111101110,00100000010100010,111000000011110111000100000010100010,true,single,36,1.0e-10,64
VQE_reduced_surrogate,73001,128,512,25,152,280,1,0.001953125,963.3873687500038,960.7155999999995,not_in_gurobi_pool,,1000001010001011101,01000111110000000,100000101000101110101000111110000000,true,single,36,1.0e-10,64
VQE_reduced_surrogate,73001,128,512,25,152,286,1,0.001953125,976.0857437499919,962.7268999999999,not_in_gurobi_pool,,1111100011010000000,10101000010100000,111110001101000000010101000010100000,true,single,36,1.0e-10,64
VQE_reduced_surrogate,73001,128,512,25,152,282,1,0.001953125,966.0821687500088,963.4103999999996,not_in_gurobi_pool,,1110111111001101001,10000101010110000,111011111100110100110000101010110000,true,single,36,1.0e-10,64
VQE_reduced_surrogate,73001,128,512,25,152,290,1,0.001953125,989.7728187500013,965.7268999999998,not_in_gurobi_pool,,0111110111010000000,10001000010110000,011111011101000000010001000010110000,true,single,36,1.0e-10,64
VQE_reduced_surrogate,73001,128,512,25,152,283,1,0.001953125,970.3797687500003,967.7079999999996,not_in_gurobi_pool,,0011110111010101001,10000100010100000,001111011101010100110000100010100000,true,single,36,1.0e-10,64
VQE_reduced_surrogate,73001,128,512,25,152,288,1,0.001953125,983.1158437500119,969.7569999999998,not_in_gurobi_pool,,1101111111010011001,10000101100100000,110111111101001100110000101100100000,true,single,36,1.0e-10,64
VQE_reduced_surrogate,73001,128,512,25,152,284,1,0.001953125,972.9611687500069,970.2893999999997,not_in_gurobi_pool,,0110110111111000011,00001000010111111,011011011111100001100001000010111111,true,single,36,1.0e-10,64
VQE_reduced_surrogate,73001,128,512,25,152,285,1,0.001953125,973.6791687500186,971.0073999999998,not_in_gurobi_pool,,1110111011010011011,00000101010110100,111011101101001101100000101010110100,true,single,36,1.0e-10,64
VQE_reduced_surrogate,73001,128,512,25,152,292,1,0.001953125,1008.2257437500048,994.8668999999995,not_in_gurobi_pool,,1000100010101011001,11100000010000000,100010001010101100111100000010000000,true,single,36,1.0e-10,64
VQE_reduced_surrogate,73001,128,512,25,152,287,1,0.001953125,981.3333187499868,1000.0357000000001,not_in_gurobi_pool,,0110011010000001010,00000101010110110,011001101000000101000000101010110110,true,single,36,1.0e-10,64
VQE_reduced_surrogate,73001,128,512,25,152,289,1,0.001953125,983.5808187500061,1002.2831999999996,not_in_gurobi_pool,,1111101010000100100,00000101000100000,111110101000010010000000101000100000,true,single,36,1.0e-10,64
VQE_reduced_surrogate,73001,128,512,25,152,312,1,0.001953125,1052.8907687499936,1007.4706999999996,not_in_gurobi_pool,,1110011001111000001,10001000000111000,111001100111100000110001000000111000,true,single,36,1.0e-10,64
VQE_reduced_surrogate,73001,128,512,25,152,293,1,0.001953125,1010.3905687499996,1007.7187999999996,not_in_gurobi_pool,,1100110111000110100,00000001011100000,110011011100011010000000001011100000,true,single,36,1.0e-10,64
VQE_reduced_surrogate,73001,128,512,25,152,299,1,0.001953125,1021.2991437500025,1007.9402999999998,not_in_gurobi_pool,,1101001001000110111,00000101100000001,110100100100011011100000101100000001,true,single,36,1.0e-10,64
VQE_reduced_surrogate,73001,128,512,25,152,291,1,0.001953125,1002.042993750005,1010.0582999999995,not_in_gurobi_pool,,1101010111111001000,10000000000101000,110101011111100100010000000000101000,true,single,36,1.0e-10,64
VQE_reduced_surrogate,73001,128,512,25,152,294,1,0.001953125,1012.7850687500004,1010.1132999999998,not_in_gurobi_pool,,0011110011000010100,00000100010100000,001111001100001010000000100010100000,true,single,36,1.0e-10,64
VQE_reduced_surrogate,73001,128,512,25,152,296,1,0.001953125,1017.0740687499942,1014.4022999999995,not_in_gurobi_pool,,0011100111111001010,00100000000000110,001110011111100101000100000000000110,true,single,36,1.0e-10,64
VQE_reduced_surrogate,73001,128,512,25,152,297,1,0.001953125,1018.009068750016,1015.3372999999997,not_in_gurobi_pool,,1101010011011110111,00000001010100001,110101001101111011100000001010100001,true,single,36,1.0e-10,64
VQE_reduced_surrogate,73001,128,512,25,152,298,1,0.001953125,1018.4400687500013,1015.7682999999997,not_in_gurobi_pool,,1101010111011101110,00000001010100010,110101011101110111000000001010100010,true,single,36,1.0e-10,64
VQE_reduced_surrogate,73001,128,512,25,152,295,1,0.001953125,1014.8939937500088,1022.9092999999996,not_in_gurobi_pool,,1101111111111010111,00000001000101101,110111111111101011100000001000101101,true,single,36,1.0e-10,64
VQE_reduced_surrogate,73001,128,512,25,152,305,1,0.001953125,1042.509343749993,1029.1504999999997,not_in_gurobi_pool,,0111100100001000000,10111000010100000,011110010000100000010111000010100000,true,single,36,1.0e-10,64
VQE_reduced_surrogate,73001,128,512,25,152,304,1,0.001953125,1039.1583687500015,1036.4865999999995,not_in_gurobi_pool,,1101100010000111011,00100001010000000,110110001000011101100100001010000000,true,single,36,1.0e-10,64
VQE_reduced_surrogate,73001,128,512,25,152,300,1,0.001953125,1028.5077937499946,1036.5230999999999,not_in_gurobi_pool,,0100000000100111010,00100000010000000,010000000010011101000100000010000000,true,single,36,1.0e-10,64
VQE_reduced_surrogate,73001,128,512,25,152,302,1,0.001953125,1031.7117937500004,1039.7270999999998,not_in_gurobi_pool,,1010110110100111011,00000000010101000,101011011010011101100000000010101000,true,single,36,1.0e-10,64
VQE_reduced_surrogate,73001,128,512,25,152,306,1,0.001953125,1043.6103687499904,1040.9385999999995,not_in_gurobi_pool,,0101000101000011001,10100001010000000,010100010100001100110100001010000000,true,single,36,1.0e-10,64
VQE_reduced_surrogate,73001,128,512,25,152,308,1,0.001953125,1046.5143687500088,1043.8425999999995,not_in_gurobi_pool,,0101110100010110100,00010001010100000,010111010001011010000010001010100000,true,single,36,1.0e-10,64
VQE_reduced_surrogate,73001,128,512,25,152,314,1,0.001953125,1059.6214437500041,1046.2625999999998,not_in_gurobi_pool,,1101101010000101100,00000101100000000,110110101000010110000000101100000000,true,single,36,1.0e-10,64
VQE_reduced_surrogate,73001,128,512,25,152,309,1,0.001953125,1049.046368749997,1046.3745999999996,not_in_gurobi_pool,,1011111110001011100,00000111000100000,101111111000101110000000111000100000,true,single,36,1.0e-10,64
VQE_reduced_surrogate,73001,128,512,25,152,310,1,0.001953125,1049.252368750004,1046.5805999999998,not_in_gurobi_pool,,0011000101010110000,10100100010000000,001100010101011000010100100010000000,true,single,36,1.0e-10,64
VQE_reduced_surrogate,73001,128,512,25,152,301,1,0.001953125,1029.4597187500215,1048.1620999999996,not_in_gurobi_pool,,1100010111101110011,00000000010101001,110001011110111001100000000010101001,true,single,36,1.0e-10,64
VQE_reduced_surrogate,73001,128,512,25,152,311,1,0.001953125,1051.7544687500008,1049.0826999999995,not_in_gurobi_pool,,0001010111100100001,10000000000001000,000101011110010000110000000000001000,true,single,36,1.0e-10,64
VQE_reduced_surrogate,73001,128,512,25,152,319,1,0.001953125,1085.2399937500195,1050.5069999999996,not_in_gurobi_pool,,1110110111001110101,00000000011110000,111011011100111010100000000011110000,true,single,36,1.0e-10,64
VQE_reduced_surrogate,73001,128,512,25,152,307,1,0.001953125,1046.3977937499878,1054.4130999999995,not_in_gurobi_pool,,0100010011110000000,10001000010101000,010001001111000000010001000010101000,true,single,36,1.0e-10,64
VQE_reduced_surrogate,73001,128,512,25,152,316,1,0.001953125,1078.7675187500015,1054.7215999999994,not_in_gurobi_pool,,1101101011010110001,10000101100000000,110110101101011000110000101100000000,true,single,36,1.0e-10,64
VQE_reduced_surrogate,73001,128,512,25,152,303,1,0.001953125,1038.3798187500022,1057.0821999999994,not_in_gurobi_pool,,1000101011111100001,11000101000000000,100010101111110000111000101000000000,true,single,36,1.0e-10,64
VQE_reduced_surrogate,73001,128,512,25,152,313,1,0.001953125,1055.4802937499996,1063.4956,not_in_gurobi_pool,,1011001111111000100,00000100000000000,101100111111100010000000100000000000,true,single,36,1.0e-10,64
VQE_reduced_surrogate,73001,128,512,25,152,320,1,0.001953125,1088.6785687500048,1086.0067999999999,not_in_gurobi_pool,,1111111110101001010,00000000000111110,111111111010100101000000000000111110,true,single,36,1.0e-10,64
VQE_reduced_surrogate,73001,128,512,25,152,318,1,0.001953125,1080.9065937500152,1088.9218999999996,not_in_gurobi_pool,,1101010101010111011,00000001010100000,110101010101011101100000001010100000,true,single,36,1.0e-10,64
VQE_reduced_surrogate,73001,128,512,25,152,328,1,0.001953125,1113.281218749991,1089.2352999999996,not_in_gurobi_pool,,0110010001010110000,10000000011110000,011001000101011000010000000011110000,true,single,36,1.0e-10,64
VQE_reduced_surrogate,73001,128,512,25,152,315,1,0.001953125,1071.3790187499985,1090.0813999999996,not_in_gurobi_pool,,1010000011101100011,00100000010000011,101000001110110001100100000010000011,true,single,36,1.0e-10,64
VQE_reduced_surrogate,73001,128,512,25,152,323,1,0.001953125,1107.3306437499969,1093.9717999999996,not_in_gurobi_pool,,0111100111011000000,10101000010100000,011110011101100000010101000010100000,true,single,36,1.0e-10,64
VQE_reduced_surrogate,73001,128,512,25,152,325,1,0.001953125,1108.8807437500054,1095.5218999999997,not_in_gurobi_pool,,0011100111010110000,10100100010000000,001110011101011000010100100010000000,true,single,36,1.0e-10,64
VQE_reduced_surrogate,73001,128,512,25,152,333,1,0.001953125,1121.2488187499957,1097.2028999999995,not_in_gurobi_pool,,1011000101110011101,00100000000000000,101100010111001110100100000000000000,true,single,36,1.0e-10,64
VQE_reduced_surrogate,73001,128,512,25,152,317,1,0.001953125,1080.0870187499988,1098.7894000000001,not_in_gurobi_pool,,0100110101011111110,00000001011100000,010011010101111111000000001011100000,true,single,36,1.0e-10,64
VQE_reduced_surrogate,73001,128,512,25,152,326,1,0.001953125,1112.9587437499954,1099.5998999999997,not_in_gurobi_pool,,1101001001010110110,00000101100000001,110100100101011011000000101100000001,true,single,36,1.0e-10,64
VQE_reduced_surrogate,73001,128,512,25,152,327,1,0.001953125,1113.0663437499984,1099.7074999999998,not_in_gurobi_pool,,1000011010111101111,01000101000001010,100001101011110111101000101000001010,true,single,36,1.0e-10,64
VQE_reduced_surrogate,73001,128,512,25,152,329,1,0.001953125,1113.4007437500022,1100.0418999999997,not_in_gurobi_pool,,1011001001010101110,00000111000000010,101100100101010111000000111000000010,true,single,36,1.0e-10,64
VQE_reduced_surrogate,73001,128,512,25,152,322,1,0.001953125,1104.1761687499954,1101.5043999999996,not_in_gurobi_pool,,0100011110110011101,00000001000101000,010001111011001110100000001000101000,true,single,36,1.0e-10,64
VQE_reduced_surrogate,73001,128,512,25,152,324,1,0.001953125,1107.5810687500073,1104.9093,not_in_gurobi_pool,,1110111111010011100,00000101010110000,111011111101001110000000101010110000,true,single,36,1.0e-10,64
VQE_reduced_surrogate,73001,128,512,25,152,330,1,0.001953125,1113.7921687499827,1111.1203999999996,not_in_gurobi_pool,,0100101111111101101,00000001000000000,010010111111110110100000001000000000,true,single,36,1.0e-10,64
VQE_reduced_surrogate,73001,128,512,25,152,334,1,0.001953125,1121.9654687499942,1119.2936999999997,not_in_gurobi_pool,,1100001100001111001,10010101110000000,110000110000111100110010101110000000,true,single,36,1.0e-10,64
VQE_reduced_surrogate,73001,128,512,25,152,338,1,0.001953125,1145.9165187500012,1121.8706,not_in_gurobi_pool,,1110000000010111011,00110000011100000,111000000001011101100110000011100000,true,single,36,1.0e-10,64
VQE_reduced_surrogate,73001,128,512,25,152,332,1,0.001953125,1119.3197937500133,1127.3350999999998,not_in_gurobi_pool,,0111101000000100100,00010101000100000,011110100000010010000010101000100000,true,single,36,1.0e-10,64
VQE_reduced_surrogate,73001,128,512,25,152,335,1,0.001953125,1130.8179687499994,1128.1461999999995,not_in_gurobi_pool,,1101000010010111011,00100001010000000,110100001001011101100100001010000000,true,single,36,1.0e-10,64
VQE_reduced_surrogate,73001,128,512,25,152,321,1,0.001953125,1102.1066437499915,1131.4960999999996,not_in_gurobi_pool,,0111001101000010011,00000101000100101,011100110100001001100000101000100101,true,single,36,1.0e-10,64
VQE_reduced_surrogate,73001,128,512,25,152,336,1,0.001953125,1136.1108687500116,1133.4390999999996,not_in_gurobi_pool,,0111110001010110011,00000000010110001,011111000101011001100000000010110001,true,single,36,1.0e-10,64
VQE_reduced_surrogate,73001,128,512,25,152,337,1,0.001953125,1136.5418687500098,1133.8700999999996,not_in_gurobi_pool,,0111110001010101011,00000000010110010,011111000101010101100000000010110010,true,single,36,1.0e-10,64
VQE_reduced_surrogate,73001,128,512,25,152,339,1,0.001953125,1147.948043749992,1134.5891999999997,not_in_gurobi_pool,,1011110101100110110,00000000000101001,101111010110011011000000000000101001,true,single,36,1.0e-10,64
VQE_reduced_surrogate,73001,128,512,25,152,340,1,0.001953125,1150.6400437499924,1137.2811999999994,not_in_gurobi_pool,,0011110001100001110,00000000000101110,001111000110000111000000000000101110,true,single,36,1.0e-10,64
VQE_reduced_surrogate,73001,128,512,25,152,341,1,0.001953125,1152.673643749991,1139.3147999999997,not_in_gurobi_pool,,1000011011001000100,01000111110000000,100001101100100010001000111110000000,true,single,36,1.0e-10,64
VQE_reduced_surrogate,73001,128,512,25,152,342,1,0.001953125,1153.1886437500004,1139.8297999999995,not_in_gurobi_pool,,1000111001111111011,01000101000001000,100011100111111101101000101000001000,true,single,36,1.0e-10,64
VQE_reduced_surrogate,73001,128,512,25,152,331,1,0.001953125,1119.0168437500022,1148.4062999999994,not_in_gurobi_pool,,0001001111110011010,00000101000000100,000100111111001101000000101000000100,true,single,36,1.0e-10,64
VQE_reduced_surrogate,73001,128,512,25,152,347,1,0.001953125,1162.1670937499966,1170.1824,not_in_gurobi_pool,,1111100010001001110,00100000010100110,111110001000100111000100000010100110,true,single,36,1.0e-10,64
VQE_reduced_surrogate,73001,128,512,25,152,354,1,0.001953125,1185.393743750012,1172.0348999999997,not_in_gurobi_pool,,0110100010001110100,00100000011100000,011010001000111010000100000011100000,true,single,36,1.0e-10,64
VQE_reduced_surrogate,73001,128,512,25,152,343,1,0.001953125,1155.413018749995,1174.1153999999997,not_in_gurobi_pool,,0111000101011010001,10100000010100000,011100010101101000110100000010100000,true,single,36,1.0e-10,64
VQE_reduced_surrogate,73001,128,512,25,152,355,1,0.001953125,1187.818343750003,1174.4594999999997,not_in_gurobi_pool,,1011000111001111011,00100100010000000,101100011100111101100100100010000000,true,single,36,1.0e-10,64
VQE_reduced_surrogate,73001,128,512,25,152,344,1,0.001953125,1155.794618750002,1174.4969999999996,not_in_gurobi_pool,,1010011010000011101,00000111010100000,101001101000001110100000111010100000,true,single,36,1.0e-10,64
VQE_reduced_surrogate,73001,128,512,25,152,348,1,0.001953125,1167.8645937500053,1175.8798999999997,not_in_gurobi_pool,,0110100010100100110,00100000010100011,011010001010010011000100000010100011,true,single,36,1.0e-10,64
VQE_reduced_surrogate,73001,128,512,25,152,358,1,0.001953125,1200.5718187499901,1176.5258999999999,not_in_gurobi_pool,,0110000011000101010,00100000011100010,011000001100010101000100000011100010,true,single,36,1.0e-10,64
VQE_reduced_surrogate,73001,128,512,25,152,361,1,0.001953125,1211.339893750014,1176.6068999999995,not_in_gurobi_pool,,1110011110101010100,00000000000111000,111001111010101010000000000000111000,true,single,36,1.0e-10,64
VQE_reduced_surrogate,73001,128,512,25,152,345,1,0.001953125,1159.2595187499985,1177.9619,not_in_gurobi_pool,,1110101001011111000,10000101010100000,111010100101111100010000101010100000,true,single,36,1.0e-10,64
VQE_reduced_surrogate,73001,128,512,25,152,346,1,0.001953125,1160.1485187500018,1178.8508999999997,not_in_gurobi_pool,,1110001001001110110,00000101010100001,111000100100111011000000101010100001,true,single,36,1.0e-10,64
VQE_reduced_surrogate,73001,128,512,25,152,349,1,0.001953125,1176.1665937499988,1184.1818999999998,not_in_gurobi_pool,,0110011010010001110,00000101010110110,011001101001000111000000101010110110,true,single,36,1.0e-10,64
VQE_reduced_surrogate,73001,128,512,25,152,350,1,0.001953125,1176.7760937500025,1184.7913999999996,not_in_gurobi_pool,,1111000111011000111,00100000010100111,111100011101100011100100000010100111,true,single,36,1.0e-10,64
VQE_reduced_surrogate,73001,128,512,25,152,364,1,0.001953125,1220.925893749992,1186.1928999999998,not_in_gurobi_pool,,1110011001110100100,00000000000111000,111001100111010010000000000000111000,true,single,36,1.0e-10,64
VQE_reduced_surrogate,73001,128,512,25,152,351,1,0.001953125,1178.4005937500015,1186.4158999999997,not_in_gurobi_pool,,0110001111010011001,10000101010100000,011000111101001100110000101010100000,true,single,36,1.0e-10,64
VQE_reduced_surrogate,73001,128,512,25,152,357,1,0.001953125,1200.3309437499975,1186.9720999999995,not_in_gurobi_pool,,0000111010110011101,01000101000001000,000011101011001110101000101000001000,true,single,36,1.0e-10,64
VQE_reduced_surrogate,73001,128,512,25,152,352,1,0.001953125,1179.1767937500076,1187.1920999999993,not_in_gurobi_pool,,1000111011111001010,01000101000001110,100011101111100101001000101000001110,true,single,36,1.0e-10,64
VQE_reduced_surrogate,73001,128,512,25,152,359,1,0.001953125,1203.8473437500095,1190.4884999999995,not_in_gurobi_pool,,1101011111011011101,00000101100100000,110101111101101110100000101100100000,true,single,36,1.0e-10,64
VQE_reduced_surrogate,73001,128,512,25,152,360,1,0.001953125,1206.2767437500008,1192.9178999999997,not_in_gurobi_pool,,1110101011111001100,00000000000100000,111010101111100110000000000000100000,true,single,36,1.0e-10,64
VQE_reduced_surrogate,73001,128,512,25,152,353,1,0.001953125,1185.2496937499916,1193.2649999999996,not_in_gurobi_pool,,0100011111010101100,00000101110100000,010001111101010110000000101110100000,true,single,36,1.0e-10,64
VQE_reduced_surrogate,73001,128,512,25,152,368,1,0.001953125,1243.3231937500018,1208.5901999999999,not_in_gurobi_pool,,0110010100000110100,00010000011110000,011001010000011010000010000011110000,true,single,36,1.0e-10,64
VQE_reduced_surrogate,73001,128,512,25,152,369,1,0.001953125,1243.8551937500042,1209.1221999999996,not_in_gurobi_pool,,0110010100001011100,00010000011110000,011001010000101110000010000011110000,true,single,36,1.0e-10,64
VQE_reduced_surrogate,73001,128,512,25,152,366,1,0.001953125,1225.665543749997,1212.3066999999996,not_in_gurobi_pool,,1111110100011101100,00010000010110000,111111010001110110000010000010110000,true,single,36,1.0e-10,64
VQE_reduced_surrogate,73001,128,512,25,152,356,1,0.001953125,1195.167318749996,1213.8696999999997,not_in_gurobi_pool,,0111001000011001010,00010101000100110,011100100001100101000010101000100110,true,single,36,1.0e-10,64
VQE_reduced_surrogate,73001,128,512,25,152,367,1,0.001953125,1231.2736437499875,1217.9147999999993,not_in_gurobi_pool,,1101010001110110000,10000000000101000,110101000111011000010000000000101000,true,single,36,1.0e-10,64
VQE_reduced_surrogate,73001,128,512,25,152,365,1,0.001953125,1223.5525687499958,1220.8807999999995,not_in_gurobi_pool,,1101111001000011100,00000101100100000,110111100100001110000000101100100000,true,single,36,1.0e-10,64
VQE_reduced_surrogate,73001,128,512,25,152,362,1,0.001953125,1215.0199937500045,1223.0352999999993,not_in_gurobi_pool,,0010011000110110100,00000100000101000,001001100011011010000000100000101000,true,single,36,1.0e-10,64
VQE_reduced_surrogate,73001,128,512,25,152,363,1,0.001953125,1217.5914937499967,1225.6067999999996,not_in_gurobi_pool,,0011101111101001001,10000100000000000,001110111110100100110000100000000000,true,single,36,1.0e-10,64
VQE_reduced_surrogate,73001,128,512,25,152,371,1,0.001953125,1245.8620437499987,1232.5031999999997,not_in_gurobi_pool,,0110101111100001101,00000000000100000,011010111110000110100000000000100000,true,single,36,1.0e-10,64
VQE_reduced_surrogate,73001,128,512,25,152,374,1,0.001953125,1260.1817187499937,1236.1357999999993,not_in_gurobi_pool,,0101001111011101100,00000101100000000,010100111101110110000000101100000000,true,single,36,1.0e-10,64
VQE_reduced_surrogate,73001,128,512,25,152,370,1,0.001953125,1244.8356937500014,1252.8509999999997,not_in_gurobi_pool,,1111010000110011011,00000000000111100,111101000011001101100000000000111100,true,single,36,1.0e-10,64
VQE_reduced_surrogate,73001,128,512,25,152,376,1,0.001953125,1262.848768750006,1260.177,not_in_gurobi_pool,,1111011100010010111,00010101000110101,111101110001001011100010101000110101,true,single,36,1.0e-10,64
VQE_reduced_surrogate,73001,128,512,25,152,381,1,0.001953125,1278.0705437499962,1264.7116999999996,not_in_gurobi_pool,,1000110011001011100,01000101011000000,100011001100101110001000101011000000,true,single,36,1.0e-10,64
VQE_reduced_surrogate,73001,128,512,25,152,382,1,0.001953125,1278.1209437499988,1264.7620999999997,not_in_gurobi_pool,,1101100011001101101,00100001010000000,110110001100110110100100001010000000,true,single,36,1.0e-10,64
VQE_reduced_surrogate,73001,128,512,25,152,373,1,0.001953125,1257.4342937500073,1265.4496,not_in_gurobi_pool,,1100000101011111101,00100001011000000,110000010101111110100100001011000000,true,single,36,1.0e-10,64
VQE_reduced_surrogate,73001,128,512,25,152,379,1,0.001953125,1268.4767687500093,1265.8049999999998,not_in_gurobi_pool,,0111010111011010001,10000000010110000,011101011101101000110000000010110000,true,single,36,1.0e-10,64
VQE_reduced_surrogate,73001,128,512,25,152,385,1,0.001953125,1290.0714187500103,1266.0254999999997,not_in_gurobi_pool,,1110100011010111011,00100000011100000,111010001101011101100100000011100000,true,single,36,1.0e-10,64
VQE_reduced_surrogate,73001,128,512,25,152,375,1,0.001953125,1261.019693750007,1269.0349999999994,not_in_gurobi_pool,,1111101011011011001,10000101000100000,111110101101101100110000101000100000,true,single,36,1.0e-10,64
VQE_reduced_surrogate,73001,128,512,25,152,377,1,0.001953125,1264.1621937500006,1272.1774999999996,not_in_gurobi_pool,,0110111001010110100,00000101010110000,011011100101011010000000101010110000,true,single,36,1.0e-10,64
VQE_reduced_surrogate,73001,128,512,25,152,372,1,0.001953125,1253.514818750005,1272.2171999999996,not_in_gurobi_pool,,1001011111111101001,10000101000001000,100101111111110100110000101000001000,true,single,36,1.0e-10,64
VQE_reduced_surrogate,73001,128,512,25,152,378,1,0.001953125,1266.3421937500163,1274.3574999999996,not_in_gurobi_pool,,1110010111111010110,00000000010111101,111001011111101011000000000010111101,true,single,36,1.0e-10,64
VQE_reduced_surrogate,73001,128,512,25,152,380,1,0.001953125,1274.3504187500034,1293.0527999999997,not_in_gurobi_pool,,0110100000100111010,00100000010100000,011010000010011101000100000010100000,true,single,36,1.0e-10,64
VQE_reduced_surrogate,73001,128,512,25,152,387,1,0.001953125,1296.041068750006,1293.3692999999994,not_in_gurobi_pool,,0111000000000100100,00110000010100000,011100000000010010000110000010100000,true,single,36,1.0e-10,64
VQE_reduced_surrogate,73001,128,512,25,152,388,1,0.001953125,1296.573068749999,1293.9012999999995,not_in_gurobi_pool,,0111000100000001101,00110000010100000,011100010000000110100110000010100000,true,single,36,1.0e-10,64
VQE_reduced_surrogate,73001,128,512,25,152,401,1,0.001953125,1333.3337937500073,1298.6007999999997,not_in_gurobi_pool,,1110011110100110000,10000000000111000,111001111010011000010000000000111000,true,single,36,1.0e-10,64
VQE_reduced_surrogate,73001,128,512,25,152,391,1,0.001953125,1306.4851687500006,1303.8133999999995,not_in_gurobi_pool,,0101001000100110110,00000001000000001,010100100010011011000000001000000001,true,single,36,1.0e-10,64
VQE_reduced_surrogate,73001,128,512,25,152,383,1,0.001953125,1286.5214187500087,1305.2237999999998,not_in_gurobi_pool,,1110100111100011011,00100000010100100,111010011110001101100100000010100100,true,single,36,1.0e-10,64
VQE_reduced_surrogate,73001,128,512,25,152,394,1,0.001953125,1318.9302437500025,1305.5713999999996,not_in_gurobi_pool,,1101010001100110111,00000000000101001,110101000110011011100000000000101001,true,single,36,1.0e-10,64
VQE_reduced_surrogate,73001,128,512,25,152,392,1,0.001953125,1308.9790687500008,1306.3072999999997,not_in_gurobi_pool,,1111101110101010110,00000000000100101,111110111010101011000000000000100101,true,single,36,1.0e-10,64
VQE_reduced_surrogate,73001,128,512,25,152,384,1,0.001953125,1289.4666187500056,1308.1689999999999,not_in_gurobi_pool,,1000000101011111101,01100101011000000,100000010101111110101100101011000000,true,single,36,1.0e-10,64
VQE_reduced_surrogate,73001,128,512,25,152,399,1,0.001953125,1333.032418749997,1308.9864999999993,not_in_gurobi_pool,,0001010001110111010,00000000000001000,000101000111011101000000000000001000,true,single,36,1.0e-10,64
VQE_reduced_surrogate,73001,128,512,25,152,389,1,0.001953125,1300.979093750003,1308.9943999999994,not_in_gurobi_pool,,1101101011101010010,00000001000000101,110110101110101001000000001000000101,true,single,36,1.0e-10,64
VQE_reduced_surrogate,73001,128,512,25,152,390,1,0.001953125,1302.3034937499976,1310.3187999999993,not_in_gurobi_pool,,1110000001110110100,00100000010100000,111000000111011010000100000010100000,true,single,36,1.0e-10,64
VQE_reduced_surrogate,73001,128,512,25,152,386,1,0.001953125,1292.1524187500047,1310.8547999999996,not_in_gurobi_pool,,1110000111110110010,00100000010100001,111000011111011001000100000010100001,true,single,36,1.0e-10,64
VQE_reduced_surrogate,73001,128,512,25,152,393,1,0.001953125,1315.3352687500003,1312.6634999999994,not_in_gurobi_pool,,0001100111101010100,00100000000000000,000110011110101010000100000000000000,true,single,36,1.0e-10,64
VQE_reduced_surrogate,73001,128,512,25,152,396,1,0.001953125,1329.1011687499802,1326.4293999999995,not_in_gurobi_pool,,0011101111110011111,00000100000000100,001110111111001111100000100000000100,true,single,36,1.0e-10,64
VQE_reduced_surrogate,73001,128,512,25,152,400,1,0.001953125,1333.171368749998,1330.4995999999994,not_in_gurobi_pool,,0111100100001011001,10110000010100000,011110010000101100110110000010100000,true,single,36,1.0e-10,64
VQE_reduced_surrogate,73001,128,512,25,152,395,1,0.001953125,1326.452793750002,1334.4680999999994,not_in_gurobi_pool,,0110110100101111001,10000000010111000,011011010010111100110000000010111000,true,single,36,1.0e-10,64
VQE_reduced_surrogate,73001,128,512,25,152,409,1,0.001953125,1367.9506187499996,1343.9046999999994,not_in_gurobi_pool,,1011000010101101101,00100000000000000,101100001010110110100100000000000000,true,single,36,1.0e-10,64
VQE_reduced_surrogate,73001,128,512,25,152,404,1,0.001953125,1349.928368749999,1347.2565999999993,not_in_gurobi_pool,,0111111101101010000,10000000000111000,011111110110101000010000000000111000,true,single,36,1.0e-10,64
VQE_reduced_surrogate,73001,128,512,25,152,411,1,0.001953125,1372.8206187499932,1348.7746999999993,not_in_gurobi_pool,,1011100001110111010,00100000000000000,101110000111011101000100000000000000,true,single,36,1.0e-10,64
VQE_reduced_surrogate,73001,128,512,25,152,397,1,0.001953125,1330.2224187500133,1348.9247999999993,not_in_gurobi_pool,,1001001010100011100,00000101000000000,100100101010001110000000101000000000,true,single,36,1.0e-10,64
VQE_reduced_surrogate,73001,128,512,25,152,398,1,0.001953125,1330.3442187499982,1349.0465999999997,not_in_gurobi_pool,,0111001010011101010,00000101000100010,011100101001110101000000101000100010,true,single,36,1.0e-10,64
VQE_reduced_surrogate,73001,128,512,25,152,405,1,0.001953125,1352.2443687500063,1349.5725999999995,not_in_gurobi_pool,,1111100111010011001,10100000010100000,111110011101001100110100000010100000,true,single,36,1.0e-10,64
VQE_reduced_surrogate,73001,128,512,25,152,403,1,0.001953125,1343.556493749996,1351.5717999999995,not_in_gurobi_pool,,1001000011101000100,00100000000000000,100100001110100010000100000000000000,true,single,36,1.0e-10,64
VQE_reduced_surrogate,73001,128,512,25,152,402,1,0.001953125,1333.3407187500036,1352.0430999999999,not_in_gurobi_pool,,0110001001001011100,00000101010100000,011000100100101110000000101010100000,true,single,36,1.0e-10,64
VQE_reduced_surrogate,73001,128,512,25,152,410,1,0.001953125,1368.3855437500067,1355.0266999999997,not_in_gurobi_pool,,1011001010110101100,00000100000000000,101100101011010110000000100000000000,true,single,36,1.0e-10,64
VQE_reduced_surrogate,73001,128,512,25,152,406,1,0.001953125,1354.3049937499964,1362.3202999999999,not_in_gurobi_pool,,0000101111100110111,01000101000000001,000010111110011011101000101000000001,true,single,36,1.0e-10,64
VQE_reduced_surrogate,73001,128,512,25,152,408,1,0.001953125,1367.2530687499861,1364.5812999999998,not_in_gurobi_pool,,1000111111110101101,01000101000001000,100011111111010110101000101000001000,true,single,36,1.0e-10,64
VQE_reduced_surrogate,73001,128,512,25,152,407,1,0.001953125,1357.3655187500028,1376.0678999999993,not_in_gurobi_pool,,0111100000101110000,10100000000100000,011110000010111000010100000000100000,true,single,36,1.0e-10,64
VQE_reduced_surrogate,73001,128,512,25,152,415,1,0.001953125,1394.497168749991,1391.8253999999995,not_in_gurobi_pool,,0110010001110110000,10000000010111000,011001000111011000010000000010111000,true,single,36,1.0e-10,64
VQE_reduced_surrogate,73001,128,512,25,152,412,1,0.001953125,1384.8886937499954,1392.9039999999995,not_in_gurobi_pool,,1101011000110101110,00000001000101010,110101100011010111000000001000101010,true,single,36,1.0e-10,64
VQE_reduced_surrogate,73001,128,512,25,152,417,1,0.001953125,1406.3788437500016,1393.0199999999995,not_in_gurobi_pool,,1101100011011111001,10100001010000000,110110001101111100110100001010000000,true,single,36,1.0e-10,64
VQE_reduced_surrogate,73001,128,512,25,152,416,1,0.001953125,1399.325668750004,1396.6538999999998,not_in_gurobi_pool,,0111100011010011011,00100000010100100,011110001101001101100100000010100100,true,single,36,1.0e-10,64
VQE_reduced_surrogate,73001,128,512,25,152,413,1,0.001953125,1388.679193750003,1396.6944999999996,not_in_gurobi_pool,,0100100101011111100,00100001011000000,010010010101111110000100001011000000,true,single,36,1.0e-10,64
VQE_reduced_surrogate,73001,128,512,25,152,418,1,0.001953125,1410.7517437500119,1397.3928999999996,not_in_gurobi_pool,,0111110111011111011,00000000010110000,011111011101111101100000000010110000,true,single,36,1.0e-10,64
VQE_reduced_surrogate,73001,128,512,25,152,414,1,0.001953125,1393.0225937500009,1401.0378999999998,not_in_gurobi_pool,,0111111001010100110,00000101000110011,011111100101010011000000101000110011,true,single,36,1.0e-10,64
VQE_reduced_surrogate,73001,128,512,25,152,422,1,0.001953125,1432.9184687500046,1430.2467,not_in_gurobi_pool,,1110001000101111111,00000000000100000,111000100010111111100000000000100000,true,single,36,1.0e-10,64
VQE_reduced_surrogate,73001,128,512,25,152,419,1,0.001953125,1427.3638937500084,1435.3791999999992,not_in_gurobi_pool,,0111001110100000100,00000000000100000,011100111010000010000000000000100000,true,single,36,1.0e-10,64
VQE_reduced_surrogate,73001,128,512,25,152,427,1,0.001953125,1449.1825437500106,1435.8236999999995,not_in_gurobi_pool,,1110011111101010000,10000000000111000,111001111110101000010000000000111000,true,single,36,1.0e-10,64
VQE_reduced_surrogate,73001,128,512,25,152,425,1,0.001953125,1440.5210687500025,1437.8492999999992,not_in_gurobi_pool,,1101010111110110000,10000000000101000,110101011111011000010000000000101000,true,single,36,1.0e-10,64
VQE_reduced_surrogate,73001,128,512,25,152,426,1,0.001953125,1443.4775687499996,1440.8057999999996,not_in_gurobi_pool,,0100000111001111111,00100001011000000,010000011100111111100100001011000000,true,single,36,1.0e-10,64
VQE_reduced_surrogate,73001,128,512,25,152,428,1,0.001953125,1454.1741437500061,1440.8152999999993,not_in_gurobi_pool,,1101111011001011101,00000101100100000,110111101100101110100000101100100000,true,single,36,1.0e-10,64
VQE_reduced_surrogate,73001,128,512,25,152,423,1,0.001953125,1433.1823937500117,1441.1976999999995,not_in_gurobi_pool,,0110010111111101001,10000000010111000,011001011111110100110000000010111000,true,single,36,1.0e-10,64
VQE_reduced_surrogate,73001,128,512,25,152,429,1,0.001953125,1454.6982437499958,1441.3393999999992,not_in_gurobi_pool,,0001010011100001100,00000000000001000,000101001110000110000000000000001000,true,single,36,1.0e-10,64
VQE_reduced_surrogate,73001,128,512,25,152,424,1,0.001953125,1436.2249937500014,1444.2402999999993,not_in_gurobi_pool,,1011111111100010110,00000100000101101,101111111110001011000000100000101101,true,single,36,1.0e-10,64
VQE_reduced_surrogate,73001,128,512,25,152,420,1,0.001953125,1427.5754187500013,1446.2777999999998,not_in_gurobi_pool,,0010111111101000110,00000100000101111,001011111110100011000000100000101111,true,single,36,1.0e-10,64
VQE_reduced_surrogate,73001,128,512,25,152,421,1,0.001953125,1430.778418749993,1449.4807999999994,not_in_gurobi_pool,,0100110011111101110,00000000010101010,010011001111110111000000000010101010,true,single,36,1.0e-10,64
VQE_reduced_surrogate,73001,128,512,25,152,433,1,0.001953125,1477.3383437500033,1463.9795,not_in_gurobi_pool,,1111110100010111010,00010000010110000,111111010001011101000010000010110000,true,single,36,1.0e-10,64
VQE_reduced_surrogate,73001,128,512,25,152,430,1,0.001953125,1457.7691937499972,1465.7844999999993,not_in_gurobi_pool,,0111011100101010000,10000000000111000,011101110010101000010000000000111000,true,single,36,1.0e-10,64
VQE_reduced_surrogate,73001,128,512,25,152,437,1,0.001953125,1502.0509187500022,1478.0049999999994,not_in_gurobi_pool,,0110011010101000100,00000000000111000,011001101010100010000000000000111000,true,single,36,1.0e-10,64
VQE_reduced_surrogate,73001,128,512,25,152,431,1,0.001953125,1462.2847187499979,1480.9870999999994,not_in_gurobi_pool,,0100101001001111101,00000101110000000,010010100100111110100000101110000000,true,single,36,1.0e-10,64
VQE_reduced_surrogate,73001,128,512,25,152,432,1,0.001953125,1473.639293750001,1481.6545999999994,not_in_gurobi_pool,,0101101011101010000,10000001000000000,010110101110101000010000001000000000,true,single,36,1.0e-10,64
VQE_reduced_surrogate,73001,128,512,25,152,434,1,0.001953125,1485.0872687500066,1482.4154999999996,not_in_gurobi_pool,,0111110001010110110,00000000010110001,011111000101011011000000000010110001,true,single,36,1.0e-10,64
VQE_reduced_surrogate,73001,128,512,25,152,435,1,0.001953125,1496.2483437500055,1482.8894999999995,not_in_gurobi_pool,,0111110111011111010,00000000010110000,011111011101111101000000000010110000,true,single,36,1.0e-10,64
VQE_reduced_surrogate,73001,128,512,25,152,438,1,0.001953125,1507.5215187499941,1483.4755999999993,not_in_gurobi_pool,,1101101111010111000,10000101100000000,110110111101011100010000101100000000,true,single,36,1.0e-10,64
VQE_reduced_surrogate,73001,128,512,25,152,436,1,0.001953125,1499.4993437500202,1486.1405,not_in_gurobi_pool,,1111010011011011111,00000000010110100,111101001101101111100000000010110100,true,single,36,1.0e-10,64
VQE_reduced_surrogate,73001,128,512,25,152,439,1,0.001953125,1519.2045687500042,1516.5327999999995,not_in_gurobi_pool,,1111010101000011110,00000000010110100,111101010100001111000000000010110100,true,single,36,1.0e-10,64
VQE_reduced_surrogate,73001,128,512,25,152,440,1,0.001953125,1522.1540687500037,1519.4822999999997,not_in_gurobi_pool,,0110011000010011100,00010101010110000,011001100001001110000010101010110000,true,single,36,1.0e-10,64
VQE_reduced_surrogate,73001,128,512,25,152,442,1,0.001953125,1549.1031437500076,1535.7442999999996,not_in_gurobi_pool,,1110001111110011100,00000000000100000,111000111111001110000000000000100000,true,single,36,1.0e-10,64
VQE_reduced_surrogate,73001,128,512,25,152,445,1,0.001953125,1561.4889437500005,1548.1300999999994,not_in_gurobi_pool,,1111010100000101100,00010000010110000,111101010000010110000010000010110000,true,single,36,1.0e-10,64
VQE_reduced_surrogate,73001,128,512,25,152,441,1,0.001953125,1543.4667937500037,1551.4820999999995,not_in_gurobi_pool,,1111010100101101101,00000000000111000,111101010010110110100000000000111000,true,single,36,1.0e-10,64
VQE_reduced_surrogate,73001,128,512,25,152,443,1,0.001953125,1550.9927937499933,1559.0080999999993,not_in_gurobi_pool,,1111100010101101111,00100000000100010,111110001010110111100100000000100010,true,single,36,1.0e-10,64
VQE_reduced_surrogate,73001,128,512,25,152,446,1,0.001953125,1561.909868750001,1559.2380999999993,not_in_gurobi_pool,,0111111010101001010,00000000000111110,011111101010100101000000000000111110,true,single,36,1.0e-10,64
VQE_reduced_surrogate,73001,128,512,25,152,447,1,0.001953125,1564.8518687500014,1562.1800999999996,not_in_gurobi_pool,,0111110001001101110,00000000010110010,011111000100110111000000000010110010,true,single,36,1.0e-10,64
VQE_reduced_surrogate,73001,128,512,25,152,448,1,0.001953125,1568.9858687500036,1566.3140999999996,not_in_gurobi_pool,,0111100111010011001,10100000010100000,011110011101001100110100000010100000,true,single,36,1.0e-10,64
VQE_reduced_surrogate,73001,128,512,25,152,449,1,0.001953125,1570.8970687499937,1568.2252999999992,not_in_gurobi_pool,,1001000111100110110,00100000000000001,100100011110011011000100000000000001,true,single,36,1.0e-10,64
VQE_reduced_surrogate,73001,128,512,25,152,444,1,0.001953125,1552.8733187499995,1571.5756999999992,not_in_gurobi_pool,,0100010111110111010,00000000010101000,010001011111011101000000000010101000,true,single,36,1.0e-10,64
VQE_reduced_surrogate,73001,128,512,25,152,450,1,0.001953125,1572.2277937499953,1580.2430999999995,not_in_gurobi_pool,,0111101111110100100,00000000000100000,011110111111010010000000000000100000,true,single,36,1.0e-10,64
VQE_reduced_surrogate,73001,128,512,25,152,454,1,0.001953125,1608.8271687500044,1606.1553999999994,not_in_gurobi_pool,,1111010110111110100,00000000000111000,111101011011111010000000000000111000,true,single,36,1.0e-10,64
VQE_reduced_surrogate,73001,128,512,25,152,451,1,0.001953125,1588.042018750003,1606.7443999999994,not_in_gurobi_pool,,0111110111100001011,00000000000111110,011111011110000101100000000000111110,true,single,36,1.0e-10,64
VQE_reduced_surrogate,73001,128,512,25,152,452,1,0.001953125,1591.1971187500044,1609.899499999999,not_in_gurobi_pool,,0101011111101010000,10000001000101000,010101111110101000010000001000101000,true,single,36,1.0e-10,64
VQE_reduced_surrogate,73001,128,512,25,152,453,1,0.001953125,1608.034193750001,1616.0494999999994,not_in_gurobi_pool,,0101101011101000100,00000001000000000,010110101110100010000000001000000000,true,single,36,1.0e-10,64
VQE_reduced_surrogate,73001,128,512,25,152,455,1,0.001953125,1618.7651687499992,1616.0933999999993,not_in_gurobi_pool,,0111111111011111010,00000101000110000,011111111101111101000000101000110000,true,single,36,1.0e-10,64
VQE_reduced_surrogate,73001,128,512,25,152,456,1,0.001953125,1638.807393749996,1646.8226999999995,not_in_gurobi_pool,,1111110110011111101,00000000010110000,111111011001111110100000000010110000,true,single,36,1.0e-10,64
VQE_reduced_surrogate,73001,128,512,25,152,458,1,0.001953125,1639.8343937500038,1647.8496999999993,not_in_gurobi_pool,,0111001000011011101,00010101000100000,011100100001101110100010101000100000,true,single,36,1.0e-10,64
VQE_reduced_surrogate,73001,128,512,25,152,459,1,0.001953125,1650.5214687500031,1647.8496999999995,not_in_gurobi_pool,,0111111100010011100,00010101000110000,011111110001001110000010101000110000,true,single,36,1.0e-10,64
VQE_reduced_surrogate,73001,128,512,25,152,460,1,0.001953125,1651.770468749996,1649.0986999999996,not_in_gurobi_pool,,0111001101100011010,00000000000100100,011100110110001101000000000000100100,true,single,36,1.0e-10,64
VQE_reduced_surrogate,73001,128,512,25,152,464,1,0.001953125,1673.473118750003,1649.4271999999994,not_in_gurobi_pool,,1110000111010111000,10100000011100000,111000011101011100010100000011100000,true,single,36,1.0e-10,64
VQE_reduced_surrogate,73001,128,512,25,152,462,1,0.001953125,1664.6525437500045,1651.2936999999995,not_in_gurobi_pool,,0111111010100010111,00000000000111101,011111101010001011100000000000111101,true,single,36,1.0e-10,64
VQE_reduced_surrogate,73001,128,512,25,152,457,1,0.001953125,1638.8643187500059,1657.5666999999996,not_in_gurobi_pool,,0111001101010011101,00000101000100000,011100110101001110100000101000100000,true,single,36,1.0e-10,64
VQE_reduced_surrogate,73001,128,512,25,152,463,1,0.001953125,1666.3089687500087,1663.6371999999994,not_in_gurobi_pool,,0110011011010011101,00000101010110000,011001101101001110100000101010110000,true,single,36,1.0e-10,64
VQE_reduced_surrogate,73001,128,512,25,152,461,1,0.001953125,1663.915118750006,1682.6174999999994,not_in_gurobi_pool,,0110000100110111000,10100000010100000,011000010011011100010100000010100000,true,single,36,1.0e-10,64
VQE_reduced_surrogate,73001,128,512,25,152,467,1,0.001953125,1695.8737687499988,1693.2019999999993,not_in_gurobi_pool,,0111111110101000110,00000000000111111,011111111010100011000000000000111111,true,single,36,1.0e-10,64
VQE_reduced_surrogate,73001,128,512,25,152,468,1,0.001953125,1698.4717687500033,1695.799999999999,not_in_gurobi_pool,,0111010111111000001,10001000000111000,011101011111100000110001000000111000,true,single,36,1.0e-10,64
VQE_reduced_surrogate,73001,128,512,25,152,465,1,0.001953125,1679.4216187499994,1698.1239999999998,not_in_gurobi_pool,,0111001110010011110,00000101000100100,011100111001001111000000101000100100,true,single,36,1.0e-10,64
VQE_reduced_surrogate,73001,128,512,25,152,466,1,0.001953125,1684.08761875,1702.7899999999993,not_in_gurobi_pool,,0111110011110000100,00000000000111000,011111001111000010000000000000111000,true,single,36,1.0e-10,64
VQE_reduced_surrogate,73001,128,512,25,152,469,1,0.001953125,1715.2600937499983,1723.275399999999,not_in_gurobi_pool,,1101010100100111101,00000000000101000,110101010010011110100000000000101000,true,single,36,1.0e-10,64
VQE_reduced_surrogate,73001,128,512,25,152,470,1,0.001953125,1715.4839937500046,1723.4992999999993,not_in_gurobi_pool,,0111100010000111010,00100000010100000,011110001000011101000100000010100000,true,single,36,1.0e-10,64
VQE_reduced_surrogate,73001,128,512,25,152,471,1,0.001953125,1729.6445687499975,1726.972799999999,not_in_gurobi_pool,,0110011000011111001,10010101010110000,011001100001111100110010101010110000,true,single,36,1.0e-10,64
VQE_reduced_surrogate,73001,128,512,25,152,473,1,0.001953125,1746.7358437499977,1733.3769999999993,not_in_gurobi_pool,,1000010011101111010,01000000010001000,100001001110111101001000000010001000,true,single,36,1.0e-10,64
VQE_reduced_surrogate,73001,128,512,25,152,474,1,0.001953125,1747.7036437499964,1734.3447999999996,not_in_gurobi_pool,,1110101110101111100,00000000000100000,111010111010111110000000000000100000,true,single,36,1.0e-10,64
VQE_reduced_surrogate,73001,128,512,25,152,472,1,0.001953125,1746.2710687500105,1743.5992999999996,not_in_gurobi_pool,,0111011111010011010,00000101000110100,011101111101001101000000101000110100,true,single,36,1.0e-10,64
VQE_reduced_surrogate,73001,128,512,25,152,478,1,0.001953125,1768.354468750008,1765.6826999999994,not_in_gurobi_pool,,0011100100000111101,00110100010000000,001110010000011110100110100010000000,true,single,36,1.0e-10,64
VQE_reduced_surrogate,73001,128,512,25,152,475,1,0.001953125,1755.7852187500064,1774.487599999999,not_in_gurobi_pool,,0111000100110011100,00100000000100000,011100010011001110000100000000100000,true,single,36,1.0e-10,64
VQE_reduced_surrogate,73001,128,512,25,152,476,1,0.001953125,1759.850418749992,1778.5527999999993,not_in_gurobi_pool,,1001110011000111101,00000101010000000,100111001100011110100000101010000000,true,single,36,1.0e-10,64
VQE_reduced_surrogate,73001,128,512,25,152,482,1,0.001953125,1792.6355437499985,1779.2766999999992,not_in_gurobi_pool,,0101000111101111011,00100000000000000,010100011110111101100100000000000000,true,single,36,1.0e-10,64
VQE_reduced_surrogate,73001,128,512,25,152,479,1,0.001953125,1774.2502937500103,1782.265599999999,not_in_gurobi_pool,,0111111111101010010,00000000000111101,011111111110101001000000000000111101,true,single,36,1.0e-10,64
VQE_reduced_surrogate,73001,128,512,25,152,481,1,0.001953125,1785.1994687500012,1782.5276999999994,not_in_gurobi_pool,,1101010111101011110,00000000000101100,110101011110101111000000000000101100,true,single,36,1.0e-10,64
VQE_reduced_surrogate,73001,128,512,25,152,477,1,0.001953125,1764.6662187500076,1783.368599999999,not_in_gurobi_pool,,0111010111110100010,00000000000111011,011101011111010001000000000000111011,true,single,36,1.0e-10,64
VQE_reduced_surrogate,73001,128,512,25,152,480,1,0.001953125,1777.4297937500116,1785.4450999999992,not_in_gurobi_pool,,0110010111101011111,00000000010111100,011001011110101111100000000010111100,true,single,36,1.0e-10,64
VQE_reduced_surrogate,73001,128,512,25,152,483,1,0.001953125,1808.8905937500072,1816.905899999999,not_in_gurobi_pool,,0111000101001110100,00100000010100000,011100010100111010000100000010100000,true,single,36,1.0e-10,64
VQE_reduced_surrogate,73001,128,512,25,152,486,1,0.001953125,1821.7946687500064,1819.1228999999994,not_in_gurobi_pool,,1111010001101011111,00000000000111100,111101000110101111100000000000111100,true,single,36,1.0e-10,64
VQE_reduced_surrogate,73001,128,512,25,152,485,1,0.001953125,1814.0195937500007,1822.0348999999997,not_in_gurobi_pool,,0111000001111111011,00100000000100000,011100000111111101100100000000100000,true,single,36,1.0e-10,64
VQE_reduced_surrogate,73001,128,512,25,152,484,1,0.001953125,1809.4030187500032,1828.1053999999992,not_in_gurobi_pool,,0110000011111111010,00100000010100000,011000001111111101000100000010100000,true,single,36,1.0e-10,64
VQE_reduced_surrogate,73001,128,512,25,152,487,1,0.001953125,1837.3423187500073,1856.0446999999992,not_in_gurobi_pool,,0110001000001111100,00010101010100000,011000100000111110000010101010100000,true,single,36,1.0e-10,64
VQE_reduced_surrogate,73001,128,512,25,152,488,1,0.001953125,1889.446618750002,1908.1489999999985,not_in_gurobi_pool,,1110011010011111100,00000101010110000,111001101001111110000000101010110000,true,single,36,1.0e-10,64
VQE_reduced_surrogate,73001,128,512,25,152,489,1,0.001953125,1912.1523687500048,1909.4805999999992,not_in_gurobi_pool,,1101001011101111011,00000001000000000,110100101110111101100000001000000000,true,single,36,1.0e-10,64
VQE_reduced_surrogate,73001,128,512,25,152,494,1,0.001953125,1951.457268749996,1948.7854999999988,not_in_gurobi_pool,,0000000111100111000,11100000010000000,000000011110011100011100000010000000,true,single,36,1.0e-10,64
VQE_reduced_surrogate,73001,128,512,25,152,491,1,0.001953125,1940.9104937500135,1948.9257999999988,not_in_gurobi_pool,,1111111011101010001,10000000000111000,111111101110101000110000000000111000,true,single,36,1.0e-10,64
VQE_reduced_surrogate,73001,128,512,25,152,492,1,0.001953125,1944.2135937500118,1952.228899999999,not_in_gurobi_pool,,1101111011101111011,00000001000101000,110111101110111101100000001000101000,true,single,36,1.0e-10,64
VQE_reduced_surrogate,73001,128,512,25,152,493,1,0.001953125,1948.4144937499993,1956.4297999999992,not_in_gurobi_pool,,0111000001110101110,00100000000100010,011100000111010111000100000000100010,true,single,36,1.0e-10,64
VQE_reduced_surrogate,73001,128,512,25,152,490,1,0.001953125,1929.8903437499998,1959.2797999999993,not_in_gurobi_pool,,0111000011111000100,00100000000100000,011100001111100010000100000000100000,true,single,36,1.0e-10,64
VQE_reduced_surrogate,73001,128,512,25,152,495,1,0.001953125,1952.8434937499956,1960.8587999999988,not_in_gurobi_pool,,0111110111111110100,00000000000111000,011111011111111010000000000000111000,true,single,36,1.0e-10,64
VQE_reduced_surrogate,73001,128,512,25,152,496,1,0.001953125,1956.223493749999,1964.238799999999,not_in_gurobi_pool,,0111111011111000100,00000000000111000,011111101111100010000000000000111000,true,single,36,1.0e-10,64
VQE_reduced_surrogate,73001,128,512,25,152,497,1,0.001953125,2032.0110937500026,2040.026399999999,not_in_gurobi_pool,,0111001111100011011,00000000000100100,011100111110001101100000000000100100,true,single,36,1.0e-10,64
VQE_reduced_surrogate,73001,128,512,25,152,498,1,0.001953125,2053.4657437499936,2040.106899999999,not_in_gurobi_pool,,0110101001101111100,00000000000100000,011010100110111110000000000000100000,true,single,36,1.0e-10,64
VQE_reduced_surrogate,73001,128,512,25,152,499,1,0.001953125,2069.1633937499982,2077.1786999999986,not_in_gurobi_pool,,0111000101100101100,00100000000100000,011100010110010110000100000000100000,true,single,36,1.0e-10,64
VQE_reduced_surrogate,73001,128,512,25,152,500,1,0.001953125,2072.165318749986,2090.8676999999984,not_in_gurobi_pool,,0111100111110101110,00100000000100010,011110011111010111000100000000100010,true,single,36,1.0e-10,64
VQE_reduced_surrogate,73001,128,512,25,152,501,1,0.001953125,2182.1782187499994,2200.880599999998,not_in_gurobi_pool,,0111001101000111000,10000101000100000,011100110100011100010000101000100000,true,single,36,1.0e-10,64
VQE_reduced_surrogate,73001,128,512,25,152,502,1,0.001953125,2182.6442187500043,2201.3465999999985,not_in_gurobi_pool,,1111111010000111101,00000101000110000,111111101000011110100000101000110000,true,single,36,1.0e-10,64
VQE_reduced_surrogate,73001,128,512,25,152,504,1,0.001953125,2249.210593749999,2257.2258999999985,not_in_gurobi_pool,,1111101011100110110,00000000000100001,111110101110011011000000000000100001,true,single,36,1.0e-10,64
VQE_reduced_surrogate,73001,128,512,25,152,503,1,0.001953125,2242.643118749992,2261.345499999998,not_in_gurobi_pool,,0010011111101111110,00000100000101000,001001111110111111000000100000101000,true,single,36,1.0e-10,64
VQE_reduced_surrogate,73001,128,512,25,152,505,1,0.001953125,2280.0983937500014,2288.1136999999985,not_in_gurobi_pool,,0110010010101111100,00000000010111000,011001001010111110000000000010111000,true,single,36,1.0e-10,64
VQE_reduced_surrogate,73001,128,512,25,152,506,1,0.001953125,2284.573818749999,2303.2761999999984,not_in_gurobi_pool,,0111000011111101101,00100000000100000,011100001111110110100100000000100000,true,single,36,1.0e-10,64
VQE_reduced_surrogate,73001,128,512,25,152,507,1,0.001953125,2423.647793749996,2431.663099999999,not_in_gurobi_pool,,0111001111110111010,00000000000100000,011100111111011101000000000000100000,true,single,36,1.0e-10,64
VQE_reduced_surrogate,73001,128,512,25,152,508,1,0.001953125,2688.6516687500052,2685.979899999998,not_in_gurobi_pool,,0111011011110101001,10000000000111000,011101101111010100110000000000111000,true,single,36,1.0e-10,64
VQE_reduced_surrogate,73001,128,512,25,152,509,1,0.001953125,2835.948793749997,2843.9640999999983,not_in_gurobi_pool,,0111010010100111101,00000000000111000,011101001010011110100000000000111000,true,single,36,1.0e-10,64
